2026-09-27T12:45:14.0587769Z Current runner version: '2.337.0'
2026-09-27T12:45:14.0613231Z ##[group]Runner Image Provisioner
2026-09-27T12:45:14.0614250Z Hosted Compute Agent
2026-09-27T12:45:14.0614857Z Version: 20260828.587
2026-09-27T12:45:14.0615558Z Commit: abac92662cab4cc7352de4f9f9d2e2419aad9c29
2026-09-27T12:45:14.0616291Z Build Date: 2026-08-28T16:44:25Z
2026-09-27T12:45:14.0617014Z Worker ID: {b9022424-34b1-4c15-ad95-a3d00bc26682}
2026-09-27T12:45:14.0617863Z Azure Region: westus3
2026-09-27T12:45:14.0618453Z ##[endgroup]
2026-09-27T12:45:14.0619993Z ##[group]Operating System
2026-09-27T12:45:14.0620693Z Ubuntu
2026-09-27T12:45:14.0621284Z 24.04.5
2026-09-27T12:45:14.0621866Z LTS
2026-09-27T12:45:14.0622380Z ##[endgroup]
2026-09-27T12:45:14.0623216Z ##[group]Runner Image
2026-09-27T12:45:14.0623868Z Image: ubuntu-24.04
2026-09-27T12:45:14.0624466Z Version: 20260920.314.1
2026-09-27T12:45:14.0625760Z Included Software: https://github.com/actions/runner-images/blob/ubuntu24/20260920.314/images/ubuntu/Ubuntu2404-Readme.md
2026-09-27T12:45:14.0627321Z Image Release: https://github.com/actions/runner-images/releases/tag/ubuntu24%2F20260920.314
2026-09-27T12:45:14.0628283Z ##[endgroup]
2026-09-27T12:45:14.0629534Z ##[group]GITHUB_TOKEN Permissions
2026-09-27T12:45:14.0631673Z Contents: read
2026-09-27T12:45:14.0632319Z Metadata: read
2026-09-27T12:45:14.0633244Z Packages: read
2026-09-27T12:45:14.0633859Z ##[endgroup]
2026-09-27T12:45:14.0636041Z Secret source: Actions
2026-09-27T12:45:14.0636988Z Cache mode: write
2026-09-27T12:45:14.0637649Z Prepare workflow directory
2026-09-27T12:45:14.1032753Z Prepare all required actions
2026-09-27T12:45:14.1080271Z Getting action download info
2026-09-27T12:45:14.4269929Z Download action repository 'actions/checkout@v4' (SHA:11d5960a326750d5838078e36cf38b85af677262)
2026-09-27T12:45:14.5233320Z Download action repository 'subosito/flutter-action@v2' (SHA:1a449444c387b1966244ae4d4f8c696479add0b2)
2026-09-27T12:45:15.0289797Z Getting action download info
2026-09-27T12:45:15.1631658Z Download action repository 'actions/cache@v5' (SHA:caa296126883cff596d87d8935842f9db880ef25)
2026-09-27T12:45:15.3374952Z Complete job name: flutter
2026-09-27T12:45:15.4296661Z ##[group]Run actions/checkout@v4
2026-09-27T12:45:15.4298039Z with:
2026-09-27T12:45:15.4298863Z   repository: naruto-aii/AYG
2026-09-27T12:45:15.4307475Z   token: ***
2026-09-27T12:45:15.4308297Z   ssh-strict: true
2026-09-27T12:45:15.4309131Z   ssh-user: git
2026-09-27T12:45:15.4309971Z   persist-credentials: true
2026-09-27T12:45:15.4310909Z   clean: true
2026-09-27T12:45:15.4311751Z   sparse-checkout-cone-mode: true
2026-09-27T12:45:15.4312760Z   fetch-depth: 1
2026-09-27T12:45:15.4313722Z   fetch-tags: false
2026-09-27T12:45:15.4314574Z   show-progress: true
2026-09-27T12:45:15.4315428Z   lfs: false
2026-09-27T12:45:15.4316216Z   submodules: false
2026-09-27T12:45:15.4317082Z   set-safe-directory: true
2026-09-27T12:45:15.4318077Z   allow-unsafe-pr-checkout: false
2026-09-27T12:45:15.4319386Z ##[endgroup]
2026-09-27T12:45:15.5370059Z Syncing repository: naruto-aii/AYG
2026-09-27T12:45:15.5374176Z ##[group]Getting Git version info
2026-09-27T12:45:15.5376215Z Working directory is '/home/runner/work/AYG/AYG'
2026-09-27T12:45:15.5379267Z [command]/usr/bin/git version
2026-09-27T12:45:15.5412450Z git version 2.55.0
2026-09-27T12:45:15.5435353Z ##[endgroup]
2026-09-27T12:45:15.5451088Z Temporarily overriding HOME='/home/runner/work/_temp/413cb485-99df-462f-81f2-51dd7a5d62a1' before making global git config changes
2026-09-27T12:45:15.5456278Z Adding repository directory to the temporary git global config as a safe directory
2026-09-27T12:45:15.5459950Z [command]/usr/bin/git config --global --add safe.directory /home/runner/work/AYG/AYG
2026-09-27T12:45:15.5508214Z Deleting the contents of '/home/runner/work/AYG/AYG'
2026-09-27T12:45:15.5511825Z ##[group]Initializing the repository
2026-09-27T12:45:15.5517344Z [command]/usr/bin/git init /home/runner/work/AYG/AYG
2026-09-27T12:45:15.5623056Z hint: Using 'master' as the name for the initial branch. This default branch name
2026-09-27T12:45:15.5626920Z hint: will change to "main" in Git 3.0. To configure the initial branch name
2026-09-27T12:45:15.5630338Z hint: to use in all of your new repositories, which will suppress this warning,
2026-09-27T12:45:15.5633263Z hint: call:
2026-09-27T12:45:15.5634934Z hint:
2026-09-27T12:45:15.5636594Z hint: 	git config --global init.defaultBranch <name>
2026-09-27T12:45:15.5638666Z hint:
2026-09-27T12:45:15.5640687Z hint: Names commonly chosen instead of 'master' are 'main', 'trunk' and
2026-09-27T12:45:15.5644505Z hint: 'development'. The just-created branch can be renamed via this command:
2026-09-27T12:45:15.5647047Z hint:
2026-09-27T12:45:15.5648550Z hint: 	git branch -m <name>
2026-09-27T12:45:15.5649916Z hint:
2026-09-27T12:45:15.5651298Z hint: Disable this message with "git config set advice.defaultBranchName false"
2026-09-27T12:45:15.5653944Z Initialized empty Git repository in /home/runner/work/AYG/AYG/.git/
2026-09-27T12:45:15.5658107Z [command]/usr/bin/git remote add origin https://github.com/naruto-aii/AYG
2026-09-27T12:45:15.5696628Z ##[endgroup]
2026-09-27T12:45:15.5699355Z ##[group]Disabling automatic garbage collection
2026-09-27T12:45:15.5701549Z [command]/usr/bin/git config --local gc.auto 0
2026-09-27T12:45:15.5736461Z ##[endgroup]
2026-09-27T12:45:15.5739036Z ##[group]Setting up auth
2026-09-27T12:45:15.5743538Z [command]/usr/bin/git config --local --name-only --get-regexp core\.sshCommand
2026-09-27T12:45:15.5779417Z [command]/usr/bin/git submodule foreach --recursive sh -c "git config --local --name-only --get-regexp 'core\.sshCommand' && git config --local --unset-all 'core.sshCommand' || :"
2026-09-27T12:45:15.6175459Z [command]/usr/bin/git config --local --name-only --get-regexp http\.https\:\/\/github\.com\/\.extraheader
2026-09-27T12:45:15.6201185Z [command]/usr/bin/git submodule foreach --recursive sh -c "git config --local --name-only --get-regexp 'http\.https\:\/\/github\.com\/\.extraheader' && git config --local --unset-all 'http.https://github.com/.extraheader' || :"
2026-09-27T12:45:15.6433409Z [command]/usr/bin/git config --local --name-only --get-regexp ^includeIf\.gitdir:
2026-09-27T12:45:15.6474104Z [command]/usr/bin/git submodule foreach --recursive git config --local --show-origin --name-only --get-regexp remote.origin.url
2026-09-27T12:45:15.6698408Z [command]/usr/bin/git config --local http.https://github.com/.extraheader AUTHORIZATION: basic ***
2026-09-27T12:45:15.6738765Z ##[endgroup]
2026-09-27T12:45:15.6740469Z ##[group]Fetching the repository
2026-09-27T12:45:15.6749244Z [command]/usr/bin/git -c protocol.version=2 fetch --no-tags --prune --no-recurse-submodules --depth=1 origin +f188dcdeb0f64961aca4c22d7f1a18bb19d575a9:refs/remotes/pull/29/merge
2026-09-27T12:45:17.1722598Z From https://github.com/naruto-aii/AYG
2026-09-27T12:45:17.1723860Z  * [new ref]         f188dcdeb0f64961aca4c22d7f1a18bb19d575a9 -> pull/29/merge
2026-09-27T12:45:17.1726526Z ##[endgroup]
2026-09-27T12:45:17.1729815Z ##[group]Determining the checkout info
2026-09-27T12:45:17.1730702Z ##[endgroup]
2026-09-27T12:45:17.1736056Z [command]/usr/bin/git sparse-checkout disable
2026-09-27T12:45:17.1787870Z [command]/usr/bin/git config --local --unset-all extensions.worktreeConfig
2026-09-27T12:45:17.1817659Z ##[group]Checking out the ref
2026-09-27T12:45:17.1821436Z [command]/usr/bin/git checkout --progress --force refs/remotes/pull/29/merge
2026-09-27T12:45:17.3094332Z Note: switching to 'refs/remotes/pull/29/merge'.
2026-09-27T12:45:17.3094906Z 
2026-09-27T12:45:17.3095330Z You are in 'detached HEAD' state. You can look around, make experimental
2026-09-27T12:45:17.3096107Z changes and commit them, and you can discard any commits you make in this
2026-09-27T12:45:17.3096780Z state without impacting any branches by switching back to a branch.
2026-09-27T12:45:17.3097160Z 
2026-09-27T12:45:17.3097449Z If you want to create a new branch to retain commits you create, you may
2026-09-27T12:45:17.3098058Z do so (now or later) by using -c with the switch command. Example:
2026-09-27T12:45:17.3098666Z 
2026-09-27T12:45:17.3098812Z   git switch -c <new-branch-name>
2026-09-27T12:45:17.3099054Z 
2026-09-27T12:45:17.3099240Z Or undo this operation with:
2026-09-27T12:45:17.3099447Z 
2026-09-27T12:45:17.3099566Z   git switch -
2026-09-27T12:45:17.3099751Z 
2026-09-27T12:45:17.3100038Z Turn off this advice by setting config variable advice.detachedHead to false
2026-09-27T12:45:17.3100458Z 
2026-09-27T12:45:17.3100938Z HEAD is now at f188dcd Merge 4c54fc4e559281cd66b66cb293631be9bf0033d6 into dafac17bafc86d0884932f5d7544b31d6d786d91
2026-09-27T12:45:17.3150280Z ##[endgroup]
2026-09-27T12:45:17.3154898Z [command]/usr/bin/git log -1 --format=%H
2026-09-27T12:45:17.3181186Z f188dcdeb0f64961aca4c22d7f1a18bb19d575a9
2026-09-27T12:45:17.3614973Z ##[group]Run subosito/flutter-action@v2
2026-09-27T12:45:17.3615304Z with:
2026-09-27T12:45:17.3615503Z   channel: stable
2026-09-27T12:45:17.3615703Z   cache: true
2026-09-27T12:45:17.3615899Z   architecture: X64
2026-09-27T12:45:17.3616127Z   pub-cache-path: default
2026-09-27T12:45:17.3616374Z   dry-run: false
2026-09-27T12:45:17.3616672Z   git-source: https://github.com/flutter/flutter.git
2026-09-27T12:45:17.3616991Z ##[endgroup]
2026-09-27T12:45:17.3674709Z ##[start-action display=Make yq tool available on Windows runners;id=__subosito_flutter-action.__run]
2026-09-27T12:45:17.3698068Z ##[end-action id=__subosito_flutter-action.__run;outcome=skipped;conclusion=skipped;duration_ms=0]
2026-09-27T12:45:17.3700300Z ##[start-action display=Make setup script executable;id=__subosito_flutter-action.__run_2]
2026-09-27T12:45:17.3742475Z ##[group]Run chmod +x "$GITHUB_ACTION_PATH/setup.sh"
2026-09-27T12:45:17.3743142Z [36;1mchmod +x "$GITHUB_ACTION_PATH/setup.sh"[0m
2026-09-27T12:45:17.3998676Z shell: /usr/bin/bash --noprofile --norc -e -o pipefail {0}
2026-09-27T12:45:17.3999143Z ##[endgroup]
2026-09-27T12:45:17.4123995Z ##[end-action id=__subosito_flutter-action.__run_2;outcome=success;conclusion=success;duration_ms=42]
2026-09-27T12:45:17.4126311Z ##[start-action display=Set action inputs;id=__subosito_flutter-action.flutter-action]
2026-09-27T12:45:17.4172291Z ##[group]Run $GITHUB_ACTION_PATH/setup.sh -p \
2026-09-27T12:45:17.4172711Z [36;1m$GITHUB_ACTION_PATH/setup.sh -p \[0m
2026-09-27T12:45:17.4173227Z [36;1m  -n '' \[0m
2026-09-27T12:45:17.4173463Z [36;1m  -f '' \[0m
2026-09-27T12:45:17.4173696Z [36;1m  -a 'X64' \[0m
2026-09-27T12:45:17.4173932Z [36;1m  -k '' \[0m
2026-09-27T12:45:17.4174160Z [36;1m  -c '' \[0m
2026-09-27T12:45:17.4174373Z [36;1m  -l '' \[0m
2026-09-27T12:45:17.4174598Z [36;1m  -d 'default' \[0m
2026-09-27T12:45:17.4174937Z [36;1m  -g 'https://github.com/flutter/flutter.git' \[0m
2026-09-27T12:45:17.4175313Z [36;1m  stable[0m
2026-09-27T12:45:17.4232149Z shell: /usr/bin/bash --noprofile --norc -e -o pipefail {0}
2026-09-27T12:45:17.4232519Z ##[endgroup]
2026-09-27T12:45:17.6271920Z ##[end-action id=__subosito_flutter-action.flutter-action;outcome=success;conclusion=success;duration_ms=214]
2026-09-27T12:45:17.6277273Z ##[start-action display=Cache Flutter;id=__subosito_flutter-action.cache-flutter]
2026-09-27T12:45:17.6343401Z ##[group]Run actions/cache@v5
2026-09-27T12:45:17.6343677Z with:
2026-09-27T12:45:17.6343972Z   path: /opt/hostedtoolcache/flutter/stable-3.47.5-x64
2026-09-27T12:45:17.6344463Z   key: flutter-linux-stable-3.47.5-x64-6a19cca56475dbfba1478ee68d7bd0c2ef891da1
2026-09-27T12:45:17.6344916Z   enableCrossOsArchive: false
2026-09-27T12:45:17.6345174Z   fail-on-cache-miss: false
2026-09-27T12:45:17.6345422Z   lookup-only: false
2026-09-27T12:45:17.6345637Z   save-always: false
2026-09-27T12:45:17.6345847Z ##[endgroup]
2026-09-27T12:45:17.9637188Z Cache hit for: flutter-linux-stable-3.47.5-x64-6a19cca56475dbfba1478ee68d7bd0c2ef891da1
2026-09-27T12:45:19.1867415Z Received 33554432 of 1720588870 (2.0%), 32.0 MBs/sec
2026-09-27T12:45:20.1887603Z Received 197132288 of 1720588870 (11.5%), 93.9 MBs/sec
2026-09-27T12:45:21.1924411Z Received 390070272 of 1720588870 (22.7%), 123.9 MBs/sec
2026-09-27T12:45:22.1924501Z Received 574619648 of 1720588870 (33.4%), 136.9 MBs/sec
2026-09-27T12:45:23.1904375Z Received 792723456 of 1720588870 (46.1%), 151.1 MBs/sec
2026-09-27T12:45:24.1954679Z Received 952107008 of 1720588870 (55.3%), 151.2 MBs/sec
2026-09-27T12:45:25.1930561Z Received 1170210816 of 1720588870 (68.0%), 159.3 MBs/sec
2026-09-27T12:45:26.1936196Z Received 1342177280 of 1720588870 (78.0%), 159.9 MBs/sec
2026-09-27T12:45:27.1943448Z Received 1526726656 of 1720588870 (88.7%), 161.6 MBs/sec
2026-09-27T12:45:28.1953777Z Received 1690304512 of 1720588870 (98.2%), 161.1 MBs/sec
2026-09-27T12:45:28.4332685Z Received 1720588870 of 1720588870 (100.0%), 160.1 MBs/sec
2026-09-27T12:45:28.4343773Z Cache Size: ~1641 MB (1720588870 B)
2026-09-27T12:45:28.4494681Z [command]/usr/bin/tar -xf /home/runner/work/_temp/9f143283-3ab3-44c5-829a-be3d1a22c4fc/cache.tzst -P -C /home/runner/work/AYG/AYG --use-compress-program unzstd
2026-09-27T12:45:33.2521208Z Cache restored successfully
2026-09-27T12:45:33.5633886Z Cache restored from key: flutter-linux-stable-3.47.5-x64-6a19cca56475dbfba1478ee68d7bd0c2ef891da1
2026-09-27T12:45:33.5755311Z ##[end-action id=__subosito_flutter-action.cache-flutter;outcome=success;conclusion=success;duration_ms=15947]
2026-09-27T12:45:33.5758364Z ##[start-action display=Cache pub dependencies;id=__subosito_flutter-action.cache-pub]
2026-09-27T12:45:33.7366501Z ##[group]Run actions/cache@v5
2026-09-27T12:45:33.7366826Z with:
2026-09-27T12:45:33.7389944Z   path: /home/runner/.pub-cache
2026-09-27T12:45:33.7390708Z   key: flutter-pub-linux-stable-3.47.5-x64-6a19cca56475dbfba1478ee68d7bd0c2ef891da1-536a8d08de7601b163cab0ce88a98e78ffa135bb892dd27fcae942303787f713
2026-09-27T12:45:33.7391474Z   enableCrossOsArchive: false
2026-09-27T12:45:33.7391754Z   fail-on-cache-miss: false
2026-09-27T12:45:33.7392000Z   lookup-only: false
2026-09-27T12:45:33.7392222Z   save-always: false
2026-09-27T12:45:33.7392432Z ##[endgroup]
2026-09-27T12:45:34.0773461Z Cache hit for: flutter-pub-linux-stable-3.47.5-x64-6a19cca56475dbfba1478ee68d7bd0c2ef891da1-536a8d08de7601b163cab0ce88a98e78ffa135bb892dd27fcae942303787f713
2026-09-27T12:45:35.3228370Z Received 20971520 of 115640685 (18.1%), 20.0 MBs/sec
2026-09-27T12:45:36.3231397Z Received 111446381 of 115640685 (96.4%), 53.1 MBs/sec
2026-09-27T12:45:36.5573605Z Received 115640685 of 115640685 (100.0%), 49.3 MBs/sec
2026-09-27T12:45:36.5575850Z Cache Size: ~110 MB (115640685 B)
2026-09-27T12:45:36.5617456Z [command]/usr/bin/tar -xf /home/runner/work/_temp/848939c5-2112-4efd-b2db-75d1cd63c390/cache.tzst -P -C /home/runner/work/AYG/AYG --use-compress-program unzstd
2026-09-27T12:45:37.9247928Z Cache restored successfully
2026-09-27T12:45:37.9380265Z Cache restored from key: flutter-pub-linux-stable-3.47.5-x64-6a19cca56475dbfba1478ee68d7bd0c2ef891da1-536a8d08de7601b163cab0ce88a98e78ffa135bb892dd27fcae942303787f713
2026-09-27T12:45:37.9474343Z ##[end-action id=__subosito_flutter-action.cache-pub;outcome=success;conclusion=success;duration_ms=4371]
2026-09-27T12:45:37.9477028Z ##[start-action display=Run setup script;id=__subosito_flutter-action.__run_3]
2026-09-27T12:45:37.9514528Z ##[group]Run $GITHUB_ACTION_PATH/setup.sh \
2026-09-27T12:45:37.9514892Z [36;1m$GITHUB_ACTION_PATH/setup.sh \[0m
2026-09-27T12:45:37.9515178Z [36;1m  -n '3.47.5' \[0m
2026-09-27T12:45:37.9515419Z [36;1m  -a 'x64' \[0m
2026-09-27T12:45:37.9515734Z [36;1m  -c '/opt/hostedtoolcache/flutter/stable-3.47.5-x64' \[0m
2026-09-27T12:45:37.9516120Z [36;1m  -d '/home/runner/.pub-cache' \[0m
2026-09-27T12:45:37.9516403Z [36;1m  stable[0m
2026-09-27T12:45:37.9578961Z shell: /usr/bin/bash --noprofile --norc -e -o pipefail {0}
2026-09-27T12:45:37.9579331Z ##[endgroup]
2026-09-27T12:45:38.1456186Z ##[end-action id=__subosito_flutter-action.__run_3;outcome=success;conclusion=success;duration_ms=197]
2026-09-27T12:45:38.1514908Z ##[group]Run flutter pub get
2026-09-27T12:45:38.1515209Z [36;1mflutter pub get[0m
2026-09-27T12:45:38.1579817Z shell: /usr/bin/bash -e {0}
2026-09-27T12:45:38.1580080Z env:
2026-09-27T12:45:38.1580403Z   FLUTTER_ROOT: /opt/hostedtoolcache/flutter/stable-3.47.5-x64/flutter
2026-09-27T12:45:38.1580984Z   PUB_CACHE: /home/runner/.pub-cache
2026-09-27T12:45:38.1581263Z ##[endgroup]
2026-09-27T12:45:38.5365109Z Resolving dependencies...
2026-09-27T12:45:38.7120227Z Downloading packages...
2026-09-27T12:45:38.7595418Z   _fe_analyzer_shared 61.0.0 (108.0.0 available)
2026-09-27T12:45:38.7596053Z   analyzer 5.13.0 (14.4.0 available)
2026-09-27T12:45:38.7596517Z   build 2.4.1 (4.0.11 available)
2026-09-27T12:45:38.7596841Z   build_config 1.1.2 (1.3.3 available)
2026-09-27T12:45:38.7597171Z   build_daemon 4.1.2 (4.1.6 available)
2026-09-27T12:45:38.7597502Z   build_resolvers 2.4.2 (3.0.4 available)
2026-09-27T12:45:38.7597872Z   build_runner 2.4.13 (2.16.1 available)
2026-09-27T12:45:38.7598289Z   build_runner_core 7.3.2 (9.3.2 available)
2026-09-27T12:45:38.7598643Z   built_value 8.12.6 (8.13.0 available)
2026-09-27T12:45:38.7598997Z   carp_serializable 2.0.1 (3.0.0 available)
2026-09-27T12:45:38.7599345Z   clock 1.1.2 (1.1.3 available)
2026-09-27T12:45:38.7599662Z   code_assets 1.2.1 (2.1.0 available)
2026-09-27T12:45:38.7599993Z   code_builder 4.11.1 (4.12.0 available)
2026-09-27T12:45:38.7600330Z   dart_style 2.3.2 (3.1.13 available)
2026-09-27T12:45:38.7600664Z   device_info_plus 12.4.0 (13.2.0 available)
2026-09-27T12:45:38.7601084Z   device_info_plus_platform_interface 7.0.3 (8.1.0 available)
2026-09-27T12:45:38.7601506Z   functions_client 2.6.4 (2.7.1 available)
2026-09-27T12:45:38.7601846Z   glob 2.1.3 (2.2.0 available)
2026-09-27T12:45:38.7602145Z   google_sign_in 6.3.0 (7.2.0 available)
2026-09-27T12:45:38.7602500Z   google_sign_in_android 6.2.1 (7.2.17 available)
2026-09-27T12:45:38.7603184Z   google_sign_in_ios 5.9.0 (6.3.5 available)
2026-09-27T12:45:38.7603650Z   google_sign_in_platform_interface 2.5.0 (3.1.0 available)
2026-09-27T12:45:38.7604076Z   google_sign_in_web 0.12.4+4 (1.1.3 available)
2026-09-27T12:45:38.7604423Z   gotrue 2.26.0 (2.27.2 available)
2026-09-27T12:45:38.7604734Z   health 13.3.1 (13.3.2 available)
2026-09-27T12:45:38.7605045Z   hooks 2.0.2 (2.2.0 available)
2026-09-27T12:45:38.7605323Z   io 1.0.5 (1.1.0 available)
2026-09-27T12:45:38.7605589Z   jni 1.0.0 (1.0.3 available)
2026-09-27T12:45:38.7605873Z   jni_flutter 1.0.1 (1.0.3 available)
2026-09-27T12:45:38.7606163Z   js 0.6.7 (0.7.2 available)
2026-09-27T12:45:38.7606472Z   material_color_utilities 0.13.0 (0.13.1 available)
2026-09-27T12:45:38.7606815Z   mime 2.0.0 (2.1.0 available)
2026-09-27T12:45:38.7607095Z   mobile_scanner 7.4.0 (7.4.2 available)
2026-09-27T12:45:38.7607410Z   objective_c 9.4.1 (9.6.0 available)
2026-09-27T12:45:38.7607711Z   package_config 2.2.0 (3.0.0 available)
2026-09-27T12:45:38.7608080Z   passkeys_platform_interface 2.9.0 (2.10.0 available)
2026-09-27T12:45:38.7608470Z   petitparser 7.0.2 (7.1.0 available)
2026-09-27T12:45:38.7608778Z   platform 3.1.6 (3.2.0 available)
2026-09-27T12:45:38.7609072Z   pool 1.5.2 (1.5.3 available)
2026-09-27T12:45:38.7618105Z   postgrest 2.8.0 (2.9.1 available)
2026-09-27T12:45:38.7618603Z   process 5.0.5 (5.0.6 available)
2026-09-27T12:45:38.7619059Z   pub_semver 2.2.0 (2.2.1 available)
2026-09-27T12:45:38.7619432Z   pubspec_parse 1.5.0 (1.6.0 available)
2026-09-27T12:45:38.7619760Z   realtime_client 2.11.0 (2.13.0 available)
2026-09-27T12:45:38.7620075Z   record_use 0.6.0 (1.1.1 available)
2026-09-27T12:45:38.7620415Z   shared_preferences_android 2.4.27 (2.4.28 available)
2026-09-27T12:45:38.7620826Z   shared_preferences_foundation 2.5.6 (2.5.7 available)
2026-09-27T12:45:38.7621172Z   shelf_web_socket 2.0.1 (3.0.0 available)
2026-09-27T12:45:38.7621470Z   source_gen 1.5.0 (4.3.0 available)
2026-09-27T12:45:38.7621730Z   stack_trace 1.12.1 (1.12.2 available)
2026-09-27T12:45:38.7622022Z   storage_client 2.6.0 (2.8.0 available)
2026-09-27T12:45:38.7622543Z   stream_transform 2.1.1 (2.1.2 available)
2026-09-27T12:45:38.7623089Z   supabase 2.14.0 (2.16.1 available)
2026-09-27T12:45:38.7623389Z   supabase_flutter 2.16.0 (2.17.2 available)
2026-09-27T12:45:38.7623677Z   test_api 0.7.12 (0.7.14 available)
2026-09-27T12:45:38.7624114Z   url_launcher_android 6.3.32 (6.3.33 available)
2026-09-27T12:45:38.7624415Z   url_launcher_ios 6.4.1 (6.4.2 available)
2026-09-27T12:45:38.7624704Z   url_launcher_linux 3.2.2 (3.2.3 available)
2026-09-27T12:45:38.7624999Z   url_launcher_macos 3.2.5 (3.2.6 available)
2026-09-27T12:45:38.7625290Z   url_launcher_windows 3.1.5 (3.1.6 available)
2026-09-27T12:45:38.7625594Z   vector_graphics 1.2.2 (1.2.3 available)
2026-09-27T12:45:38.7625896Z   vector_graphics_compiler 1.2.6 (1.3.0 available)
2026-09-27T12:45:38.7626206Z   vm_service 15.2.0 (15.3.0 available)
2026-09-27T12:45:38.7626467Z   webdriver 3.1.0 (3.2.0 available)
2026-09-27T12:45:38.7626832Z   win32 5.15.0 (6.4.0 available)
2026-09-27T12:45:38.7627125Z   win32_registry 2.1.0 (3.0.3 available)
2026-09-27T12:45:38.7627392Z   yaml 3.1.3 (3.1.4 available)
2026-09-27T12:45:38.7627644Z Got dependencies!
2026-09-27T12:45:38.7627978Z 67 packages have newer versions incompatible with dependency constraints.
2026-09-27T12:45:38.7628405Z Try `flutter pub outdated` for more information.
2026-09-27T12:45:38.9659746Z Upgrading analysis_options.yaml to exclude build and platform directories.
2026-09-27T12:45:39.2774142Z ##[group]Run flutter analyze lib test --no-fatal-infos --no-fatal-warnings
2026-09-27T12:45:39.2775217Z [36;1mflutter analyze lib test --no-fatal-infos --no-fatal-warnings[0m
2026-09-27T12:45:39.2839448Z shell: /usr/bin/bash -e {0}
2026-09-27T12:45:39.2839712Z env:
2026-09-27T12:45:39.2840026Z   FLUTTER_ROOT: /opt/hostedtoolcache/flutter/stable-3.47.5-x64/flutter
2026-09-27T12:45:39.2840433Z   PUB_CACHE: /home/runner/.pub-cache
2026-09-27T12:45:39.2840708Z ##[endgroup]
2026-09-27T12:45:39.4428364Z Resolving dependencies...
2026-09-27T12:45:39.6191811Z Downloading packages...
2026-09-27T12:45:39.6625516Z   _fe_analyzer_shared 61.0.0 (108.0.0 available)
2026-09-27T12:45:39.6626136Z   analyzer 5.13.0 (14.4.0 available)
2026-09-27T12:45:39.6626655Z   build 2.4.1 (4.0.11 available)
2026-09-27T12:45:39.6627132Z   build_config 1.1.2 (1.3.3 available)
2026-09-27T12:45:39.6627636Z   build_daemon 4.1.2 (4.1.6 available)
2026-09-27T12:45:39.6628148Z   build_resolvers 2.4.2 (3.0.4 available)
2026-09-27T12:45:39.6628624Z   build_runner 2.4.13 (2.16.1 available)
2026-09-27T12:45:39.6629123Z   build_runner_core 7.3.2 (9.3.2 available)
2026-09-27T12:45:39.6629617Z   built_value 8.12.6 (8.13.0 available)
2026-09-27T12:45:39.6630103Z   carp_serializable 2.0.1 (3.0.0 available)
2026-09-27T12:45:39.6630615Z   clock 1.1.2 (1.1.3 available)
2026-09-27T12:45:39.6631044Z   code_assets 1.2.1 (2.1.0 available)
2026-09-27T12:45:39.6631518Z   code_builder 4.11.1 (4.12.0 available)
2026-09-27T12:45:39.6631996Z   dart_style 2.3.2 (3.1.13 available)
2026-09-27T12:45:39.6632475Z   device_info_plus 12.4.0 (13.2.0 available)
2026-09-27T12:45:39.6633336Z   device_info_plus_platform_interface 7.0.3 (8.1.0 available)
2026-09-27T12:45:39.6633960Z   functions_client 2.6.4 (2.7.1 available)
2026-09-27T12:45:39.6634442Z   glob 2.1.3 (2.2.0 available)
2026-09-27T12:45:39.6634866Z   google_sign_in 6.3.0 (7.2.0 available)
2026-09-27T12:45:39.6635375Z   google_sign_in_android 6.2.1 (7.2.17 available)
2026-09-27T12:45:39.6635917Z   google_sign_in_ios 5.9.0 (6.3.5 available)
2026-09-27T12:45:39.6636498Z   google_sign_in_platform_interface 2.5.0 (3.1.0 available)
2026-09-27T12:45:39.6637105Z   google_sign_in_web 0.12.4+4 (1.1.3 available)
2026-09-27T12:45:39.6637635Z   gotrue 2.26.0 (2.27.2 available)
2026-09-27T12:45:39.6638095Z   health 13.3.1 (13.3.2 available)
2026-09-27T12:45:39.6638525Z   hooks 2.0.2 (2.2.0 available)
2026-09-27T12:45:39.6638944Z   io 1.0.5 (1.1.0 available)
2026-09-27T12:45:39.6639356Z   jni 1.0.0 (1.0.3 available)
2026-09-27T12:45:39.6639787Z   jni_flutter 1.0.1 (1.0.3 available)
2026-09-27T12:45:39.6640236Z   js 0.6.7 (0.7.2 available)
2026-09-27T12:45:39.6640703Z   material_color_utilities 0.13.0 (0.13.1 available)
2026-09-27T12:45:39.6641248Z   mime 2.0.0 (2.1.0 available)
2026-09-27T12:45:39.6641702Z   mobile_scanner 7.4.0 (7.4.2 available)
2026-09-27T12:45:39.6642465Z   objective_c 9.4.1 (9.6.0 available)
2026-09-27T12:45:39.6643208Z   package_config 2.2.0 (3.0.0 available)
2026-09-27T12:45:39.6643799Z   passkeys_platform_interface 2.9.0 (2.10.0 available)
2026-09-27T12:45:39.6644382Z   petitparser 7.0.2 (7.1.0 available)
2026-09-27T12:45:39.6644874Z   platform 3.1.6 (3.2.0 available)
2026-09-27T12:45:39.6645330Z   pool 1.5.2 (1.5.3 available)
2026-09-27T12:45:39.6645767Z   postgrest 2.8.0 (2.9.1 available)
2026-09-27T12:45:39.6646235Z   process 5.0.5 (5.0.6 available)
2026-09-27T12:45:39.6646688Z   pub_semver 2.2.0 (2.2.1 available)
2026-09-27T12:45:39.6647174Z   pubspec_parse 1.5.0 (1.6.0 available)
2026-09-27T12:45:39.6647683Z   realtime_client 2.11.0 (2.13.0 available)
2026-09-27T12:45:39.6648184Z   record_use 0.6.0 (1.1.1 available)
2026-09-27T12:45:39.6648729Z   shared_preferences_android 2.4.27 (2.4.28 available)
2026-09-27T12:45:39.6649370Z   shared_preferences_foundation 2.5.6 (2.5.7 available)
2026-09-27T12:45:39.6649952Z   shelf_web_socket 2.0.1 (3.0.0 available)
2026-09-27T12:45:39.6650460Z   source_gen 1.5.0 (4.3.0 available)
2026-09-27T12:45:39.6650927Z   stack_trace 1.12.1 (1.12.2 available)
2026-09-27T12:45:39.6651700Z   storage_client 2.6.0 (2.8.0 available)
2026-09-27T12:45:39.6652212Z   stream_transform 2.1.1 (2.1.2 available)
2026-09-27T12:45:39.6652703Z   supabase 2.14.0 (2.16.1 available)
2026-09-27T12:45:39.6653384Z   supabase_flutter 2.16.0 (2.17.2 available)
2026-09-27T12:45:39.6653887Z   test_api 0.7.12 (0.7.14 available)
2026-09-27T12:45:39.6654398Z   url_launcher_android 6.3.32 (6.3.33 available)
2026-09-27T12:45:39.6654942Z   url_launcher_ios 6.4.1 (6.4.2 available)
2026-09-27T12:45:39.6655456Z   url_launcher_linux 3.2.2 (3.2.3 available)
2026-09-27T12:45:39.6655983Z   url_launcher_macos 3.2.5 (3.2.6 available)
2026-09-27T12:45:39.6656515Z   url_launcher_windows 3.1.5 (3.1.6 available)
2026-09-27T12:45:39.6657046Z   vector_graphics 1.2.2 (1.2.3 available)
2026-09-27T12:45:39.6657598Z   vector_graphics_compiler 1.2.6 (1.3.0 available)
2026-09-27T12:45:39.6658156Z   vm_service 15.2.0 (15.3.0 available)
2026-09-27T12:45:39.6658637Z   webdriver 3.1.0 (3.2.0 available)
2026-09-27T12:45:39.6659096Z   win32 5.15.0 (6.4.0 available)
2026-09-27T12:45:39.6659545Z   win32_registry 2.1.0 (3.0.3 available)
2026-09-27T12:45:39.6660056Z   yaml 3.1.3 (3.1.4 available)
2026-09-27T12:45:39.6660493Z Got dependencies!
2026-09-27T12:45:39.6661073Z 67 packages have newer versions incompatible with dependency constraints.
2026-09-27T12:45:39.6661846Z Try `flutter pub outdated` for more information.
2026-09-27T12:45:58.5360563Z Analyzing 2 items...                                            
2026-09-27T12:45:58.5365376Z 
2026-09-27T12:45:58.5391740Z    info • 'anonKey' is deprecated and shouldn't be used. Use publishableKey instead. anonKey will be removed in a future major version. Try replacing the use of the deprecated member with the replacement • lib/bootstrap/native_bootstrap.dart:45:7 • deprecated_member_use
2026-09-27T12:45:58.5396464Z    info • 'anonKey' is deprecated and shouldn't be used. Use publishableKey instead. anonKey will be removed in a future major version. Try replacing the use of the deprecated member with the replacement • lib/bootstrap/web_bootstrap.dart:78:11 • deprecated_member_use
2026-09-27T12:45:58.5399640Z warning • Unused import: '../models/food_entry_source.dart'. Try removing the import directive • lib/database/entity_mapper.dart:9:8 • unused_import
2026-09-27T12:45:58.5401928Z warning • Unused import: '../models/food_source_type.dart'. Try removing the import directive • lib/database/entity_mapper.dart:10:8 • unused_import
2026-09-27T12:45:58.5404548Z warning • Unused import: '../models/food_status.dart'. Try removing the import directive • lib/database/entity_mapper.dart:11:8 • unused_import
2026-09-27T12:45:58.5406823Z warning • Unused import: '../models/food_unit_type.dart'. Try removing the import directive • lib/database/entity_mapper.dart:12:8 • unused_import
2026-09-27T12:45:58.5409054Z warning • Unused import: '../models/food_visibility.dart'. Try removing the import directive • lib/database/entity_mapper.dart:13:8 • unused_import
2026-09-27T12:45:58.5411686Z warning • Unused import: '../models/moderation_status.dart'. Try removing the import directive • lib/database/entity_mapper.dart:19:8 • unused_import
2026-09-27T12:45:58.5414198Z warning • 'getByIndex' is experimental and could be removed or changed at any time • lib/database/schemas.g.dart:2237:12 • experimental_member_use
2026-09-27T12:45:58.5416488Z warning • 'getByIndexSync' is experimental and could be removed or changed at any time • lib/database/schemas.g.dart:2241:12 • experimental_member_use
2026-09-27T12:45:58.5418849Z warning • 'deleteByIndex' is experimental and could be removed or changed at any time • lib/database/schemas.g.dart:2245:12 • experimental_member_use
2026-09-27T12:45:58.5421239Z warning • 'deleteByIndexSync' is experimental and could be removed or changed at any time • lib/database/schemas.g.dart:2249:12 • experimental_member_use
2026-09-27T12:45:58.5424094Z warning • 'getAllByIndex' is experimental and could be removed or changed at any time • lib/database/schemas.g.dart:2254:12 • experimental_member_use
2026-09-27T12:45:58.5426451Z warning • 'getAllByIndexSync' is experimental and could be removed or changed at any time • lib/database/schemas.g.dart:2259:12 • experimental_member_use
2026-09-27T12:45:58.5428773Z warning • 'deleteAllByIndex' is experimental and could be removed or changed at any time • lib/database/schemas.g.dart:2264:12 • experimental_member_use
2026-09-27T12:45:58.5430914Z warning • 'deleteAllByIndexSync' is experimental and could be removed or changed at any time • lib/database/schemas.g.dart:2269:12 • experimental_member_use
2026-09-27T12:45:58.5433782Z warning • 'putByIndex' is experimental and could be removed or changed at any time • lib/database/schemas.g.dart:2273:12 • experimental_member_use
2026-09-27T12:45:58.5436084Z warning • 'putByIndexSync' is experimental and could be removed or changed at any time • lib/database/schemas.g.dart:2277:12 • experimental_member_use
2026-09-27T12:45:58.5438410Z warning • 'putAllByIndex' is experimental and could be removed or changed at any time • lib/database/schemas.g.dart:2281:12 • experimental_member_use
2026-09-27T12:45:58.5440637Z warning • 'putAllByIndexSync' is experimental and could be removed or changed at any time • lib/database/schemas.g.dart:2288:12 • experimental_member_use
2026-09-27T12:45:58.5443158Z warning • 'getByIndex' is experimental and could be removed or changed at any time • lib/database/schemas.g.dart:5533:12 • experimental_member_use
2026-09-27T12:45:58.5445483Z warning • 'getByIndexSync' is experimental and could be removed or changed at any time • lib/database/schemas.g.dart:5537:12 • experimental_member_use
2026-09-27T12:45:58.5447764Z warning • 'deleteByIndex' is experimental and could be removed or changed at any time • lib/database/schemas.g.dart:5541:12 • experimental_member_use
2026-09-27T12:45:58.5450122Z warning • 'deleteByIndexSync' is experimental and could be removed or changed at any time • lib/database/schemas.g.dart:5545:12 • experimental_member_use
2026-09-27T12:45:58.5452507Z warning • 'getAllByIndex' is experimental and could be removed or changed at any time • lib/database/schemas.g.dart:5550:12 • experimental_member_use
2026-09-27T12:45:58.5455441Z warning • 'getAllByIndexSync' is experimental and could be removed or changed at any time • lib/database/schemas.g.dart:5555:12 • experimental_member_use
2026-09-27T12:45:58.5457891Z warning • 'deleteAllByIndex' is experimental and could be removed or changed at any time • lib/database/schemas.g.dart:5560:12 • experimental_member_use
2026-09-27T12:45:58.5460306Z warning • 'deleteAllByIndexSync' is experimental and could be removed or changed at any time • lib/database/schemas.g.dart:5565:12 • experimental_member_use
2026-09-27T12:45:58.5462648Z warning • 'putByIndex' is experimental and could be removed or changed at any time • lib/database/schemas.g.dart:5569:12 • experimental_member_use
2026-09-27T12:45:58.5465409Z warning • 'putByIndexSync' is experimental and could be removed or changed at any time • lib/database/schemas.g.dart:5573:12 • experimental_member_use
2026-09-27T12:45:58.5466718Z warning • 'putAllByIndex' is experimental and could be removed or changed at any time • lib/database/schemas.g.dart:5577:12 • experimental_member_use
2026-09-27T12:45:58.5468849Z warning • 'putAllByIndexSync' is experimental and could be removed or changed at any time • lib/database/schemas.g.dart:5584:12 • experimental_member_use
2026-09-27T12:45:58.5471277Z warning • 'getByIndex' is experimental and could be removed or changed at any time • lib/database/schemas.g.dart:9984:12 • experimental_member_use
2026-09-27T12:45:58.5473827Z warning • 'getByIndexSync' is experimental and could be removed or changed at any time • lib/database/schemas.g.dart:9988:12 • experimental_member_use
2026-09-27T12:45:58.5476185Z warning • 'deleteByIndex' is experimental and could be removed or changed at any time • lib/database/schemas.g.dart:9992:12 • experimental_member_use
2026-09-27T12:45:58.5478939Z warning • 'deleteByIndexSync' is experimental and could be removed or changed at any time • lib/database/schemas.g.dart:9996:12 • experimental_member_use
2026-09-27T12:45:58.5481391Z warning • 'getAllByIndex' is experimental and could be removed or changed at any time • lib/database/schemas.g.dart:10003:12 • experimental_member_use
2026-09-27T12:45:58.5484010Z warning • 'getAllByIndexSync' is experimental and could be removed or changed at any time • lib/database/schemas.g.dart:10010:12 • experimental_member_use
2026-09-27T12:45:58.5486398Z warning • 'deleteAllByIndex' is experimental and could be removed or changed at any time • lib/database/schemas.g.dart:10015:12 • experimental_member_use
2026-09-27T12:45:58.5488811Z warning • 'deleteAllByIndexSync' is experimental and could be removed or changed at any time • lib/database/schemas.g.dart:10020:12 • experimental_member_use
2026-09-27T12:45:58.5491185Z warning • 'putByIndex' is experimental and could be removed or changed at any time • lib/database/schemas.g.dart:10024:12 • experimental_member_use
2026-09-27T12:45:58.5493852Z warning • 'putByIndexSync' is experimental and could be removed or changed at any time • lib/database/schemas.g.dart:10028:12 • experimental_member_use
2026-09-27T12:45:58.5496213Z warning • 'putAllByIndex' is experimental and could be removed or changed at any time • lib/database/schemas.g.dart:10032:12 • experimental_member_use
2026-09-27T12:45:58.5498625Z warning • 'putAllByIndexSync' is experimental and could be removed or changed at any time • lib/database/schemas.g.dart:10039:12 • experimental_member_use
2026-09-27T12:45:58.5500982Z warning • 'getByIndex' is experimental and could be removed or changed at any time • lib/database/schemas.g.dart:12788:12 • experimental_member_use
2026-09-27T12:45:58.5503471Z warning • 'getByIndexSync' is experimental and could be removed or changed at any time • lib/database/schemas.g.dart:12792:12 • experimental_member_use
2026-09-27T12:45:58.5505855Z warning • 'deleteByIndex' is experimental and could be removed or changed at any time • lib/database/schemas.g.dart:12796:12 • experimental_member_use
2026-09-27T12:45:58.5508330Z warning • 'deleteByIndexSync' is experimental and could be removed or changed at any time • lib/database/schemas.g.dart:12800:12 • experimental_member_use
2026-09-27T12:45:58.5510715Z warning • 'getAllByIndex' is experimental and could be removed or changed at any time • lib/database/schemas.g.dart:12807:12 • experimental_member_use
2026-09-27T12:45:58.5513342Z warning • 'getAllByIndexSync' is experimental and could be removed or changed at any time • lib/database/schemas.g.dart:12812:12 • experimental_member_use
2026-09-27T12:45:58.5515739Z warning • 'deleteAllByIndex' is experimental and could be removed or changed at any time • lib/database/schemas.g.dart:12817:12 • experimental_member_use
2026-09-27T12:45:58.5518151Z warning • 'deleteAllByIndexSync' is experimental and could be removed or changed at any time • lib/database/schemas.g.dart:12822:12 • experimental_member_use
2026-09-27T12:45:58.5521094Z warning • 'putByIndex' is experimental and could be removed or changed at any time • lib/database/schemas.g.dart:12826:12 • experimental_member_use
2026-09-27T12:45:58.5523660Z warning • 'putByIndexSync' is experimental and could be removed or changed at any time • lib/database/schemas.g.dart:12830:12 • experimental_member_use
2026-09-27T12:45:58.5526075Z warning • 'putAllByIndex' is experimental and could be removed or changed at any time • lib/database/schemas.g.dart:12834:12 • experimental_member_use
2026-09-27T12:45:58.5528466Z warning • 'putAllByIndexSync' is experimental and could be removed or changed at any time • lib/database/schemas.g.dart:12841:12 • experimental_member_use
2026-09-27T12:45:58.5530815Z warning • 'getByIndex' is experimental and could be removed or changed at any time • lib/database/schemas.g.dart:16417:12 • experimental_member_use
2026-09-27T12:45:58.5533372Z warning • 'getByIndexSync' is experimental and could be removed or changed at any time • lib/database/schemas.g.dart:16421:12 • experimental_member_use
2026-09-27T12:45:58.5535972Z warning • 'deleteByIndex' is experimental and could be removed or changed at any time • lib/database/schemas.g.dart:16425:12 • experimental_member_use
2026-09-27T12:45:58.5538402Z warning • 'deleteByIndexSync' is experimental and could be removed or changed at any time • lib/database/schemas.g.dart:16429:12 • experimental_member_use
2026-09-27T12:45:58.5540581Z warning • 'getAllByIndex' is experimental and could be removed or changed at any time • lib/database/schemas.g.dart:16436:12 • experimental_member_use
2026-09-27T12:45:58.5543220Z warning • 'getAllByIndexSync' is experimental and could be removed or changed at any time • lib/database/schemas.g.dart:16441:12 • experimental_member_use
2026-09-27T12:45:58.5545627Z warning • 'deleteAllByIndex' is experimental and could be removed or changed at any time • lib/database/schemas.g.dart:16446:12 • experimental_member_use
2026-09-27T12:45:58.5548088Z warning • 'deleteAllByIndexSync' is experimental and could be removed or changed at any time • lib/database/schemas.g.dart:16451:12 • experimental_member_use
2026-09-27T12:45:58.5550467Z warning • 'putByIndex' is experimental and could be removed or changed at any time • lib/database/schemas.g.dart:16455:12 • experimental_member_use
2026-09-27T12:45:58.5553046Z warning • 'putByIndexSync' is experimental and could be removed or changed at any time • lib/database/schemas.g.dart:16459:12 • experimental_member_use
2026-09-27T12:45:58.5555492Z warning • 'putAllByIndex' is experimental and could be removed or changed at any time • lib/database/schemas.g.dart:16463:12 • experimental_member_use
2026-09-27T12:45:58.5557952Z warning • 'putAllByIndexSync' is experimental and could be removed or changed at any time • lib/database/schemas.g.dart:16470:12 • experimental_member_use
2026-09-27T12:45:58.5560272Z warning • 'getByIndex' is experimental and could be removed or changed at any time • lib/database/schemas.g.dart:19856:12 • experimental_member_use
2026-09-27T12:45:58.5562701Z warning • 'getByIndexSync' is experimental and could be removed or changed at any time • lib/database/schemas.g.dart:19860:12 • experimental_member_use
2026-09-27T12:45:58.5565263Z warning • 'deleteByIndex' is experimental and could be removed or changed at any time • lib/database/schemas.g.dart:19864:12 • experimental_member_use
2026-09-27T12:45:58.5567720Z warning • 'deleteByIndexSync' is experimental and could be removed or changed at any time • lib/database/schemas.g.dart:19868:12 • experimental_member_use
2026-09-27T12:45:58.5570252Z warning • 'getAllByIndex' is experimental and could be removed or changed at any time • lib/database/schemas.g.dart:19875:12 • experimental_member_use
2026-09-27T12:45:58.5572676Z warning • 'getAllByIndexSync' is experimental and could be removed or changed at any time • lib/database/schemas.g.dart:19880:12 • experimental_member_use
2026-09-27T12:45:58.5575315Z warning • 'deleteAllByIndex' is experimental and could be removed or changed at any time • lib/database/schemas.g.dart:19885:12 • experimental_member_use
2026-09-27T12:45:58.5578001Z warning • 'deleteAllByIndexSync' is experimental and could be removed or changed at any time • lib/database/schemas.g.dart:19890:12 • experimental_member_use
2026-09-27T12:45:58.5580206Z warning • 'putByIndex' is experimental and could be removed or changed at any time • lib/database/schemas.g.dart:19894:12 • experimental_member_use
2026-09-27T12:45:58.5582459Z warning • 'putByIndexSync' is experimental and could be removed or changed at any time • lib/database/schemas.g.dart:19898:12 • experimental_member_use
2026-09-27T12:45:58.5585046Z warning • 'putAllByIndex' is experimental and could be removed or changed at any time • lib/database/schemas.g.dart:19902:12 • experimental_member_use
2026-09-27T12:45:58.5587465Z warning • 'putAllByIndexSync' is experimental and could be removed or changed at any time • lib/database/schemas.g.dart:19909:12 • experimental_member_use
2026-09-27T12:45:58.5590072Z warning • 'getByIndex' is experimental and could be removed or changed at any time • lib/database/schemas.g.dart:21562:12 • experimental_member_use
2026-09-27T12:45:58.5592428Z warning • 'getByIndexSync' is experimental and could be removed or changed at any time • lib/database/schemas.g.dart:21566:12 • experimental_member_use
2026-09-27T12:45:58.5594980Z warning • 'deleteByIndex' is experimental and could be removed or changed at any time • lib/database/schemas.g.dart:21570:12 • experimental_member_use
2026-09-27T12:45:58.5597360Z warning • 'deleteByIndexSync' is experimental and could be removed or changed at any time • lib/database/schemas.g.dart:21574:12 • experimental_member_use
2026-09-27T12:45:58.5599716Z warning • 'getAllByIndex' is experimental and could be removed or changed at any time • lib/database/schemas.g.dart:21581:12 • experimental_member_use
2026-09-27T12:45:58.5602087Z warning • 'getAllByIndexSync' is experimental and could be removed or changed at any time • lib/database/schemas.g.dart:21588:12 • experimental_member_use
2026-09-27T12:45:58.5604752Z warning • 'deleteAllByIndex' is experimental and could be removed or changed at any time • lib/database/schemas.g.dart:21593:12 • experimental_member_use
2026-09-27T12:45:58.5607166Z warning • 'deleteAllByIndexSync' is experimental and could be removed or changed at any time • lib/database/schemas.g.dart:21598:12 • experimental_member_use
2026-09-27T12:45:58.5609642Z warning • 'putByIndex' is experimental and could be removed or changed at any time • lib/database/schemas.g.dart:21602:12 • experimental_member_use
2026-09-27T12:45:58.5611984Z warning • 'putByIndexSync' is experimental and could be removed or changed at any time • lib/database/schemas.g.dart:21609:12 • experimental_member_use
2026-09-27T12:45:58.5614582Z warning • 'putAllByIndex' is experimental and could be removed or changed at any time • lib/database/schemas.g.dart:21613:12 • experimental_member_use
2026-09-27T12:45:58.5617007Z warning • 'putAllByIndexSync' is experimental and could be removed or changed at any time • lib/database/schemas.g.dart:21620:12 • experimental_member_use
2026-09-27T12:45:58.5619761Z warning • 'getByIndex' is experimental and could be removed or changed at any time • lib/database/schemas.g.dart:23917:12 • experimental_member_use
2026-09-27T12:45:58.5622290Z warning • 'getByIndexSync' is experimental and could be removed or changed at any time • lib/database/schemas.g.dart:23921:12 • experimental_member_use
2026-09-27T12:45:58.5625211Z warning • 'deleteByIndex' is experimental and could be removed or changed at any time • lib/database/schemas.g.dart:23925:12 • experimental_member_use
2026-09-27T12:45:58.5627793Z warning • 'deleteByIndexSync' is experimental and could be removed or changed at any time • lib/database/schemas.g.dart:23929:12 • experimental_member_use
2026-09-27T12:45:58.5630454Z warning • 'getAllByIndex' is experimental and could be removed or changed at any time • lib/database/schemas.g.dart:23936:12 • experimental_member_use
2026-09-27T12:45:58.5633594Z warning • 'getAllByIndexSync' is experimental and could be removed or changed at any time • lib/database/schemas.g.dart:23943:12 • experimental_member_use
2026-09-27T12:45:58.5636259Z warning • 'deleteAllByIndex' is experimental and could be removed or changed at any time • lib/database/schemas.g.dart:23948:12 • experimental_member_use
2026-09-27T12:45:58.5638981Z warning • 'deleteAllByIndexSync' is experimental and could be removed or changed at any time • lib/database/schemas.g.dart:23953:12 • experimental_member_use
2026-09-27T12:45:58.5641548Z warning • 'putByIndex' is experimental and could be removed or changed at any time • lib/database/schemas.g.dart:23957:12 • experimental_member_use
2026-09-27T12:45:58.5644520Z warning • 'putByIndexSync' is experimental and could be removed or changed at any time • lib/database/schemas.g.dart:23964:12 • experimental_member_use
2026-09-27T12:45:58.5647037Z warning • 'putAllByIndex' is experimental and could be removed or changed at any time • lib/database/schemas.g.dart:23968:12 • experimental_member_use
2026-09-27T12:45:58.5649990Z warning • 'putAllByIndexSync' is experimental and could be removed or changed at any time • lib/database/schemas.g.dart:23975:12 • experimental_member_use
2026-09-27T12:45:58.5652572Z warning • 'getByIndex' is experimental and could be removed or changed at any time • lib/database/schemas.g.dart:27888:12 • experimental_member_use
2026-09-27T12:45:58.5655486Z warning • 'getByIndexSync' is experimental and could be removed or changed at any time • lib/database/schemas.g.dart:27892:12 • experimental_member_use
2026-09-27T12:45:58.5671898Z warning • 'deleteByIndex' is experimental and could be removed or changed at any time • lib/database/schemas.g.dart:27896:12 • experimental_member_use
2026-09-27T12:45:58.5674509Z warning • 'deleteByIndexSync' is experimental and could be removed or changed at any time • lib/database/schemas.g.dart:27900:12 • experimental_member_use
2026-09-27T12:45:58.5676710Z warning • 'getAllByIndex' is experimental and could be removed or changed at any time • lib/database/schemas.g.dart:27905:12 • experimental_member_use
2026-09-27T12:45:58.5678669Z warning • 'getAllByIndexSync' is experimental and could be removed or changed at any time • lib/database/schemas.g.dart:27910:12 • experimental_member_use
2026-09-27T12:45:58.5680969Z warning • 'deleteAllByIndex' is experimental and could be removed or changed at any time • lib/database/schemas.g.dart:27915:12 • experimental_member_use
2026-09-27T12:45:58.5683656Z warning • 'deleteAllByIndexSync' is experimental and could be removed or changed at any time • lib/database/schemas.g.dart:27920:12 • experimental_member_use
2026-09-27T12:45:58.5686060Z warning • 'putByIndex' is experimental and could be removed or changed at any time • lib/database/schemas.g.dart:27924:12 • experimental_member_use
2026-09-27T12:45:58.5688378Z warning • 'putByIndexSync' is experimental and could be removed or changed at any time • lib/database/schemas.g.dart:27928:12 • experimental_member_use
2026-09-27T12:45:58.5690520Z warning • 'putAllByIndex' is experimental and could be removed or changed at any time • lib/database/schemas.g.dart:27932:12 • experimental_member_use
2026-09-27T12:45:58.5693175Z warning • 'putAllByIndexSync' is experimental and could be removed or changed at any time • lib/database/schemas.g.dart:27939:12 • experimental_member_use
2026-09-27T12:45:58.5695567Z warning • 'getByIndex' is experimental and could be removed or changed at any time • lib/database/schemas.g.dart:29872:12 • experimental_member_use
2026-09-27T12:45:58.5697945Z warning • 'getByIndexSync' is experimental and could be removed or changed at any time • lib/database/schemas.g.dart:29876:12 • experimental_member_use
2026-09-27T12:45:58.5700421Z warning • 'deleteByIndex' is experimental and could be removed or changed at any time • lib/database/schemas.g.dart:29880:12 • experimental_member_use
2026-09-27T12:45:58.5703047Z warning • 'deleteByIndexSync' is experimental and could be removed or changed at any time • lib/database/schemas.g.dart:29884:12 • experimental_member_use
2026-09-27T12:45:58.5705787Z warning • 'getAllByIndex' is experimental and could be removed or changed at any time • lib/database/schemas.g.dart:29891:12 • experimental_member_use
2026-09-27T12:45:58.5708194Z warning • 'getAllByIndexSync' is experimental and could be removed or changed at any time • lib/database/schemas.g.dart:29898:12 • experimental_member_use
2026-09-27T12:45:58.5710666Z warning • 'deleteAllByIndex' is experimental and could be removed or changed at any time • lib/database/schemas.g.dart:29903:12 • experimental_member_use
2026-09-27T12:45:58.5713348Z warning • 'deleteAllByIndexSync' is experimental and could be removed or changed at any time • lib/database/schemas.g.dart:29908:12 • experimental_member_use
2026-09-27T12:45:58.5715789Z warning • 'putByIndex' is experimental and could be removed or changed at any time • lib/database/schemas.g.dart:29912:12 • experimental_member_use
2026-09-27T12:45:58.5718493Z warning • 'putByIndexSync' is experimental and could be removed or changed at any time • lib/database/schemas.g.dart:29916:12 • experimental_member_use
2026-09-27T12:45:58.5720964Z warning • 'putAllByIndex' is experimental and could be removed or changed at any time • lib/database/schemas.g.dart:29920:12 • experimental_member_use
2026-09-27T12:45:58.5723619Z warning • 'putAllByIndexSync' is experimental and could be removed or changed at any time • lib/database/schemas.g.dart:29927:12 • experimental_member_use
2026-09-27T12:45:58.5726257Z warning • Unused import: 'calculation_versions.dart'. Try removing the import directive • lib/models/calculation/macro_target_breakdown.dart:1:8 • unused_import
2026-09-27T12:45:58.5729342Z    info • The imported package 'web' isn't a dependency of the importing package. Try adding a dependency for 'web' in the 'pubspec.yaml' file • lib/platform/web/in_app_browser_detector_web.dart:1:8 • depend_on_referenced_packages
2026-09-27T12:45:58.5732102Z warning • Unused import: '../../../repositories/health_repository_support.dart'. Try removing the import directive • lib/platform/web/repositories/web_weight_repository.dart:4:8 • unused_import
2026-09-27T12:45:58.5735500Z    info • The imported package 'web' isn't a dependency of the importing package. Try adding a dependency for 'web' in the 'pubspec.yaml' file • lib/platform/web/web_browser_utils_web.dart:1:8 • depend_on_referenced_packages
2026-09-27T12:45:58.5738729Z    info • Use an initializing formal to assign a parameter to a field. Try using an initialing formal ('this._userRepository') to initialize the field • lib/platform/web/web_local_user_data_clearer.dart:26:8 • prefer_initializing_formals
2026-09-27T12:45:58.5742223Z    info • Use an initializing formal to assign a parameter to a field. Try using an initialing formal ('this._settingsRepository') to initialize the field • lib/platform/web/web_local_user_data_clearer.dart:27:8 • prefer_initializing_formals
2026-09-27T12:45:58.5746061Z    info • Use an initializing formal to assign a parameter to a field. Try using an initialing formal ('this._foodRepository') to initialize the field • lib/platform/web/web_local_user_data_clearer.dart:28:8 • prefer_initializing_formals
2026-09-27T12:45:58.5749462Z    info • Use an initializing formal to assign a parameter to a field. Try using an initialing formal ('this._exerciseRepository') to initialize the field • lib/platform/web/web_local_user_data_clearer.dart:29:8 • prefer_initializing_formals
2026-09-27T12:45:58.5753323Z    info • Use an initializing formal to assign a parameter to a field. Try using an initialing formal ('this._alcoholRepository') to initialize the field • lib/platform/web/web_local_user_data_clearer.dart:30:8 • prefer_initializing_formals
2026-09-27T12:45:58.5757202Z    info • Use an initializing formal to assign a parameter to a field. Try using an initialing formal ('this._weightRepository') to initialize the field • lib/platform/web/web_local_user_data_clearer.dart:31:8 • prefer_initializing_formals
2026-09-27T12:45:58.5761035Z    info • Use an initializing formal to assign a parameter to a field. Try using an initialing formal ('this._savedFoodRepository') to initialize the field • lib/platform/web/web_local_user_data_clearer.dart:32:8 • prefer_initializing_formals
2026-09-27T12:45:58.5765324Z    info • Use an initializing formal to assign a parameter to a field. Try using an initialing formal ('this._mealTemplateRepository') to initialize the field • lib/platform/web/web_local_user_data_clearer.dart:33:8 • prefer_initializing_formals
2026-09-27T12:45:58.5768734Z    info • Use an initializing formal to assign a parameter to a field. Try using an initialing formal ('this._workoutTemplateRepository') to initialize the field • lib/platform/web/web_local_user_data_clearer.dart:34:8 • prefer_initializing_formals
2026-09-27T12:45:58.5772015Z    info • The imported package 'web' isn't a dependency of the importing package. Try adding a dependency for 'web' in the 'pubspec.yaml' file • lib/platform/web/web_storage_probe_web.dart:1:8 • depend_on_referenced_packages
2026-09-27T12:45:58.5775969Z    info • Use an initializing formal to assign a parameter to a field. Try using an initialing formal ('this._weightRepository') to initialize the field • lib/platform/web/web_unsupported_health_repository.dart:11:8 • prefer_initializing_formals
2026-09-27T12:45:58.5779157Z warning • Unused import: '../models/alcohol_entry.dart'. Try removing the import directive • lib/repositories/data_sync_repository.dart:4:8 • unused_import
2026-09-27T12:45:58.5781679Z warning • Unused import: '../models/exercise_entry.dart'. Try removing the import directive • lib/repositories/data_sync_repository.dart:6:8 • unused_import
2026-09-27T12:45:58.5784502Z warning • Unused import: '../models/food_entry.dart'. Try removing the import directive • lib/repositories/data_sync_repository.dart:7:8 • unused_import
2026-09-27T12:45:58.5787047Z warning • Unused import: 'contracts/workout_template_repository_base.dart'. Try removing the import directive • lib/repositories/data_sync_repository.dart:20:8 • unused_import
2026-09-27T12:45:58.5788627Z 285 issues found. (ran in 18.0s)
2026-09-27T12:45:58.5790537Z warning • Unused import: 'supabase/supabase_workout_template_repository.dart'. Try removing the import directive • lib/repositories/data_sync_repository.dart:28:8 • unused_import
2026-09-27T12:45:58.5793939Z    info • Use an initializing formal to assign a parameter to a field. Try using an initialing formal ('this._userRepository') to initialize the field • lib/repositories/data_sync_repository.dart:108:8 • prefer_initializing_formals
2026-09-27T12:45:58.5797493Z    info • Use an initializing formal to assign a parameter to a field. Try using an initialing formal ('this._settingsRepository') to initialize the field • lib/repositories/data_sync_repository.dart:109:8 • prefer_initializing_formals
2026-09-27T12:45:58.5800803Z    info • Use an initializing formal to assign a parameter to a field. Try using an initialing formal ('this._foodRepository') to initialize the field • lib/repositories/data_sync_repository.dart:110:8 • prefer_initializing_formals
2026-09-27T12:45:58.5805077Z    info • Use an initializing formal to assign a parameter to a field. Try using an initialing formal ('this._exerciseRepository') to initialize the field • lib/repositories/data_sync_repository.dart:111:8 • prefer_initializing_formals
2026-09-27T12:45:58.5808201Z    info • Use an initializing formal to assign a parameter to a field. Try using an initialing formal ('this._alcoholRepository') to initialize the field • lib/repositories/data_sync_repository.dart:112:8 • prefer_initializing_formals
2026-09-27T12:45:58.5811361Z    info • Use an initializing formal to assign a parameter to a field. Try using an initialing formal ('this._weightRepository') to initialize the field • lib/repositories/data_sync_repository.dart:113:8 • prefer_initializing_formals
2026-09-27T12:45:58.5814605Z    info • Use an initializing formal to assign a parameter to a field. Try using an initialing formal ('this._foodMaster') to initialize the field • lib/repositories/data_sync_repository.dart:114:8 • prefer_initializing_formals
2026-09-27T12:45:58.5817606Z warning • Unused import: 'meal_template_repository.dart'. Try removing the import directive • lib/repositories/food_master_repositories.dart:9:8 • unused_import
2026-09-27T12:45:58.5820023Z warning • Unused import: 'workout_template_repository.dart'. Try removing the import directive • lib/repositories/food_master_repositories.dart:10:8 • unused_import
2026-09-27T12:45:58.5822654Z    info • The member 'save' overrides an inherited member but isn't annotated with '@override'. Try adding the '@override' annotation • lib/repositories/isar/exercise_repository.dart:13:16 • annotate_overrides
2026-09-27T12:45:58.5825787Z    info • The member 'saveAll' overrides an inherited member but isn't annotated with '@override'. Try adding the '@override' annotation • lib/repositories/isar/exercise_repository.dart:21:16 • annotate_overrides
2026-09-27T12:45:58.5828912Z    info • The member 'loadAll' overrides an inherited member but isn't annotated with '@override'. Try adding the '@override' annotation • lib/repositories/isar/exercise_repository.dart:29:31 • annotate_overrides
2026-09-27T12:45:58.5831793Z    info • The member 'delete' overrides an inherited member but isn't annotated with '@override'. Try adding the '@override' annotation • lib/repositories/isar/exercise_repository.dart:35:16 • annotate_overrides
2026-09-27T12:45:58.5834920Z    info • The member 'clearAll' overrides an inherited member but isn't annotated with '@override'. Try adding the '@override' annotation • lib/repositories/isar/exercise_repository.dart:47:16 • annotate_overrides
2026-09-27T12:45:58.5837726Z    info • The member 'save' overrides an inherited member but isn't annotated with '@override'. Try adding the '@override' annotation • lib/repositories/isar/food_repository.dart:13:16 • annotate_overrides
2026-09-27T12:45:58.5840544Z    info • The member 'saveAll' overrides an inherited member but isn't annotated with '@override'. Try adding the '@override' annotation • lib/repositories/isar/food_repository.dart:19:16 • annotate_overrides
2026-09-27T12:45:58.5843528Z    info • The member 'loadAll' overrides an inherited member but isn't annotated with '@override'. Try adding the '@override' annotation • lib/repositories/isar/food_repository.dart:27:27 • annotate_overrides
2026-09-27T12:45:58.5846391Z    info • The member 'delete' overrides an inherited member but isn't annotated with '@override'. Try adding the '@override' annotation • lib/repositories/isar/food_repository.dart:33:16 • annotate_overrides
2026-09-27T12:45:58.5849263Z    info • The member 'clearAll' overrides an inherited member but isn't annotated with '@override'. Try adding the '@override' annotation • lib/repositories/isar/food_repository.dart:45:16 • annotate_overrides
2026-09-27T12:45:58.5852233Z    info • The member 'saveAllPrivate' overrides an inherited member but isn't annotated with '@override'. Try adding the '@override' annotation • lib/repositories/isar/isar_saved_food_repository.dart:27:16 • annotate_overrides
2026-09-27T12:45:58.5855695Z    info • The member 'loadAllOwnIncludingDeleted' overrides an inherited member but isn't annotated with '@override'. Try adding the '@override' annotation • lib/repositories/isar/isar_saved_food_repository.dart:194:27 • annotate_overrides
2026-09-27T12:45:58.5858912Z    info • The member 'saveNutritionSettings' overrides an inherited member but isn't annotated with '@override'. Try adding the '@override' annotation • lib/repositories/isar/settings_repository.dart:15:16 • annotate_overrides
2026-09-27T12:45:58.5862005Z    info • The member 'loadNutritionSettings' overrides an inherited member but isn't annotated with '@override'. Try adding the '@override' annotation • lib/repositories/isar/settings_repository.dart:23:30 • annotate_overrides
2026-09-27T12:45:58.5865304Z    info • The member 'saveHealthSnapshot' overrides an inherited member but isn't annotated with '@override'. Try adding the '@override' annotation • lib/repositories/isar/settings_repository.dart:31:16 • annotate_overrides
2026-09-27T12:45:58.5868713Z    info • The member 'loadHealthSnapshot' overrides an inherited member but isn't annotated with '@override'. Try adding the '@override' annotation • lib/repositories/isar/settings_repository.dart:39:27 • annotate_overrides
2026-09-27T12:45:58.5871779Z    info • The member 'saveAppSettings' overrides an inherited member but isn't annotated with '@override'. Try adding the '@override' annotation • lib/repositories/isar/settings_repository.dart:47:16 • annotate_overrides
2026-09-27T12:45:58.5874303Z    info • The member 'loadAppSettings' overrides an inherited member but isn't annotated with '@override'. Try adding the '@override' annotation • lib/repositories/isar/settings_repository.dart:55:23 • annotate_overrides
2026-09-27T12:45:58.5877069Z    info • The member 'clearAll' overrides an inherited member but isn't annotated with '@override'. Try adding the '@override' annotation • lib/repositories/isar/settings_repository.dart:63:16 • annotate_overrides
2026-09-27T12:45:58.5879387Z    info • Use an initializing formal to assign a parameter to a field. Try using an initialing formal ('this._weightRepository') to initialize the field • lib/repositories/isar/unsupported_health_repository.dart:13:8 • prefer_initializing_formals
2026-09-27T12:45:58.5881087Z    info • The member 'saveProfile' overrides an inherited member but isn't annotated with '@override'. Try adding the '@override' annotation • lib/repositories/isar/user_repository.dart:14:16 • annotate_overrides
2026-09-27T12:45:58.5882593Z    info • The member 'loadProfile' overrides an inherited member but isn't annotated with '@override'. Try adding the '@override' annotation • lib/repositories/isar/user_repository.dart:22:24 • annotate_overrides
2026-09-27T12:45:58.5885395Z    info • The member 'saveGoal' overrides an inherited member but isn't annotated with '@override'. Try adding the '@override' annotation • lib/repositories/isar/user_repository.dart:30:16 • annotate_overrides
2026-09-27T12:45:58.5888099Z    info • The member 'loadGoal' overrides an inherited member but isn't annotated with '@override'. Try adding the '@override' annotation • lib/repositories/isar/user_repository.dart:36:17 • annotate_overrides
2026-09-27T12:45:58.5889634Z    info • The member 'clearAll' overrides an inherited member but isn't annotated with '@override'. Try adding the '@override' annotation • lib/repositories/isar/user_repository.dart:44:16 • annotate_overrides
2026-09-27T12:45:58.5891099Z    info • The member 'save' overrides an inherited member but isn't annotated with '@override'. Try adding the '@override' annotation • lib/repositories/isar/weight_repository.dart:14:16 • annotate_overrides
2026-09-27T12:45:58.5892590Z    info • The member 'delete' overrides an inherited member but isn't annotated with '@override'. Try adding the '@override' annotation • lib/repositories/isar/weight_repository.dart:22:16 • annotate_overrides
2026-09-27T12:45:58.5894662Z    info • The member 'loadAll' overrides an inherited member but isn't annotated with '@override'. Try adding the '@override' annotation • lib/repositories/isar/weight_repository.dart:31:29 • annotate_overrides
2026-09-27T12:45:58.5896224Z    info • The member 'latestWeight' overrides an inherited member but isn't annotated with '@override'. Try adding the '@override' annotation • lib/repositories/isar/weight_repository.dart:37:19 • annotate_overrides
2026-09-27T12:45:58.5897799Z    info • The member 'loadWeightRecords' overrides an inherited member but isn't annotated with '@override'. Try adding the '@override' annotation • lib/repositories/isar/weight_repository.dart:54:30 • annotate_overrides
2026-09-27T12:45:58.5899379Z    info • The member 'saveWeightRecord' overrides an inherited member but isn't annotated with '@override'. Try adding the '@override' annotation • lib/repositories/isar/weight_repository.dart:59:16 • annotate_overrides
2026-09-27T12:45:58.5901084Z    info • The member 'clearAll' overrides an inherited member but isn't annotated with '@override'. Try adding the '@override' annotation • lib/repositories/isar/weight_repository.dart:63:16 • annotate_overrides
2026-09-27T12:45:58.5902685Z    info • Use an initializing formal to assign a parameter to a field. Try using an initialing formal ('this._preferences') to initialize the field • lib/repositories/local_session_store.dart:33:8 • prefer_initializing_formals
2026-09-27T12:45:58.5904608Z    info • Use an initializing formal to assign a parameter to a field. Try using an initialing formal ('this._weightRepository') to initialize the field • lib/repositories/platform_health_repository.dart:20:8 • prefer_initializing_formals
2026-09-27T12:45:58.5906301Z    info • Use an initializing formal to assign a parameter to a field. Try using an initialing formal ('this._store') to initialize the field • lib/repositories/storekit_subscription_repository.dart:32:8 • prefer_initializing_formals
2026-09-27T12:45:58.5908040Z    info • Use an initializing formal to assign a parameter to a field. Try using an initialing formal ('this._preferences') to initialize the field • lib/repositories/storekit_subscription_repository.dart:33:8 • prefer_initializing_formals
2026-09-27T12:45:58.5909807Z    info • Use an initializing formal to assign a parameter to a field. Try using an initialing formal ('this._purchaseUpdates') to initialize the field • lib/repositories/storekit_subscription_repository.dart:34:8 • prefer_initializing_formals
2026-09-27T12:45:58.5911561Z    info • Use an initializing formal to assign a parameter to a field. Try using an initialing formal ('this._loadEntitlements') to initialize the field • lib/repositories/storekit_subscription_repository.dart:35:8 • prefer_initializing_formals
2026-09-27T12:45:58.5913520Z    info • The member 'upsertOwnPrivate' overrides an inherited member but isn't annotated with '@override'. Try adding the '@override' annotation • lib/repositories/supabase/supabase_saved_food_repository.dart:23:21 • annotate_overrides
2026-09-27T12:45:58.5915248Z    info • The member 'updateOwnRow' overrides an inherited member but isn't annotated with '@override'. Try adding the '@override' annotation • lib/repositories/supabase/supabase_saved_food_repository.dart:65:21 • annotate_overrides
2026-09-27T12:45:58.5916901Z    info • The member 'publish' overrides an inherited member but isn't annotated with '@override'. Try adding the '@override' annotation • lib/repositories/supabase/supabase_saved_food_repository.dart:84:21 • annotate_overrides
2026-09-27T12:45:58.5918571Z    info • The member 'unpublish' overrides an inherited member but isn't annotated with '@override'. Try adding the '@override' annotation • lib/repositories/supabase/supabase_saved_food_repository.dart:105:21 • annotate_overrides
2026-09-27T12:45:58.5920227Z    info • The member 'pullAllOwn' overrides an inherited member but isn't annotated with '@override'. Try adding the '@override' annotation • lib/repositories/supabase/supabase_saved_food_repository.dart:123:27 • annotate_overrides
2026-09-27T12:45:58.5922039Z    info • The member 'pushAllOwn' overrides an inherited member but isn't annotated with '@override'. Try adding the '@override' annotation • lib/repositories/supabase/supabase_saved_food_repository.dart:137:16 • annotate_overrides
2026-09-27T12:45:58.5923923Z    info • The member 'searchPublic' overrides an inherited member but isn't annotated with '@override'. Try adding the '@override' annotation • lib/repositories/supabase/supabase_saved_food_repository.dart:158:27 • annotate_overrides
2026-09-27T12:45:58.5925628Z    info • The member 'getPublicById' overrides an inherited member but isn't annotated with '@override'. Try adding the '@override' annotation • lib/repositories/supabase/supabase_saved_food_repository.dart:234:22 • annotate_overrides
2026-09-27T12:45:58.5927408Z    info • The member 'findExactPublicDuplicate' overrides an inherited member but isn't annotated with '@override'. Try adding the '@override' annotation • lib/repositories/supabase/supabase_saved_food_repository.dart:255:22 • annotate_overrides
2026-09-27T12:45:58.5929355Z    info • The member 'findSimilarPublicFoods' overrides an inherited member but isn't annotated with '@override'. Try adding the '@override' annotation • lib/repositories/supabase/supabase_saved_food_repository.dart:291:27 • annotate_overrides
2026-09-27T12:45:58.5931121Z    info • The member 'buildPrivateCopy' overrides an inherited member but isn't annotated with '@override'. Try adding the '@override' annotation • lib/repositories/supabase/supabase_saved_food_repository.dart:350:13 • annotate_overrides
2026-09-27T12:45:58.5933038Z    info • The imported package 'postgrest' isn't a dependency of the importing package. Try adding a dependency for 'postgrest' in the 'pubspec.yaml' file • lib/repositories/sync_step_runner.dart:2:8 • depend_on_referenced_packages
2026-09-27T12:45:58.5934710Z    info • Use an initializing formal to assign a parameter to a field. Try using an initialing formal ('this._local') to initialize the field • lib/repositories/synced_saved_food_repository.dart:16:8 • prefer_initializing_formals
2026-09-27T12:45:58.5936345Z    info • Use an initializing formal to assign a parameter to a field. Try using an initialing formal ('this._remote') to initialize the field • lib/repositories/synced_saved_food_repository.dart:17:8 • prefer_initializing_formals
2026-09-27T12:45:58.5937968Z    info • Don't use 'BuildContext's across async gaps. Try rewriting the code to not use the 'BuildContext', or guard the use with a 'mounted' check • lib/screens/food/food_form_screen.dart:511:16 • use_build_context_synchronously
2026-09-27T12:45:58.5939617Z    info • Don't use 'BuildContext's across async gaps. Try rewriting the code to not use the 'BuildContext', or guard the use with a 'mounted' check • lib/screens/food/food_meal_registration_screen.dart:345:16 • use_build_context_synchronously
2026-09-27T12:45:58.5941325Z    info • Don't use 'BuildContext's across async gaps. Try rewriting the code to not use the 'BuildContext', or guard the use with a 'mounted' check • lib/screens/meal_template/meal_template_form_screen.dart:99:9 • use_build_context_synchronously
2026-09-27T12:45:58.5943265Z    info • Don't use 'BuildContext's across async gaps. Try rewriting the code to not use the 'BuildContext', or guard the use with a 'mounted' check • lib/screens/meal_template/meal_template_list_screen.dart:163:16 • use_build_context_synchronously
2026-09-27T12:45:58.5945022Z    info • Don't use 'BuildContext's across async gaps. Try rewriting the code to not use the 'BuildContext', or guard the use with a 'mounted' check • lib/screens/workout_template/workout_template_screens.dart:259:16 • use_build_context_synchronously
2026-09-27T12:45:58.5947149Z    info • 'value' is deprecated and shouldn't be used. Use initialValue instead. This will set the initial value for the form field. This feature was deprecated after v3.33.0-1.0.pre. Try replacing the use of the deprecated member with the replacement • lib/screens/workout_template/workout_template_screens.dart:399:15 • deprecated_member_use
2026-09-27T12:45:58.5949296Z    info • Use an initializing formal to assign a parameter to a field. Try using an initialing formal ('this._isar') to initialize the field • lib/services/isar/local_user_data_clearer.dart:29:8 • prefer_initializing_formals
2026-09-27T12:45:58.5950924Z    info • Use an initializing formal to assign a parameter to a field. Try using an initialing formal ('this._userRepository') to initialize the field • lib/services/isar/local_user_data_clearer.dart:30:8 • prefer_initializing_formals
2026-09-27T12:45:58.5952620Z    info • Use an initializing formal to assign a parameter to a field. Try using an initialing formal ('this._settingsRepository') to initialize the field • lib/services/isar/local_user_data_clearer.dart:31:8 • prefer_initializing_formals
2026-09-27T12:45:58.5954509Z    info • Use an initializing formal to assign a parameter to a field. Try using an initialing formal ('this._foodRepository') to initialize the field • lib/services/isar/local_user_data_clearer.dart:32:8 • prefer_initializing_formals
2026-09-27T12:45:58.5956310Z    info • Use an initializing formal to assign a parameter to a field. Try using an initialing formal ('this._exerciseRepository') to initialize the field • lib/services/isar/local_user_data_clearer.dart:33:8 • prefer_initializing_formals
2026-09-27T12:45:58.5958006Z    info • Use an initializing formal to assign a parameter to a field. Try using an initialing formal ('this._alcoholRepository') to initialize the field • lib/services/isar/local_user_data_clearer.dart:34:8 • prefer_initializing_formals
2026-09-27T12:45:58.5959672Z    info • Use an initializing formal to assign a parameter to a field. Try using an initialing formal ('this._weightRepository') to initialize the field • lib/services/isar/local_user_data_clearer.dart:35:8 • prefer_initializing_formals
2026-09-27T12:45:58.5961356Z    info • Use an initializing formal to assign a parameter to a field. Try using an initialing formal ('this._savedFoodRepository') to initialize the field • lib/services/isar/local_user_data_clearer.dart:36:8 • prefer_initializing_formals
2026-09-27T12:45:58.5963281Z    info • Use an initializing formal to assign a parameter to a field. Try using an initialing formal ('this._mealTemplateRepository') to initialize the field • lib/services/isar/local_user_data_clearer.dart:37:8 • prefer_initializing_formals
2026-09-27T12:45:58.5965031Z    info • Use an initializing formal to assign a parameter to a field. Try using an initialing formal ('this._workoutTemplateRepository') to initialize the field • lib/services/isar/local_user_data_clearer.dart:38:8 • prefer_initializing_formals
2026-09-27T12:45:58.5966908Z    info • The import of 'package:flutter/foundation.dart' is unnecessary because all of the used elements are also provided by the import of 'package:flutter/material.dart'. Try removing the import directive • lib/services/public_food_meal_add_flow.dart:1:8 • unnecessary_import
2026-09-27T12:45:58.5968479Z warning • Unused import: '../utils/food_name_normalizer.dart'. Try removing the import directive • lib/services/public_food_similar_service.dart:3:8 • unused_import
2026-09-27T12:45:58.5969737Z    info • Unnecessary braces in a string interpolation. Try removing the braces • lib/services/weight_trend_suggestion_service.dart:70:14 • unnecessary_brace_in_string_interps
2026-09-27T12:45:58.5971172Z    info • Use an initializing formal to assign a parameter to a field. Try using an initialing formal ('this._healthRepository') to initialize the field • lib/state/app_controller.dart:111:8 • prefer_initializing_formals
2026-09-27T12:45:58.5972925Z    info • Use an initializing formal to assign a parameter to a field. Try using an initialing formal ('this._authenticationRepository') to initialize the field • lib/state/app_controller.dart:112:8 • prefer_initializing_formals
2026-09-27T12:45:58.5974568Z    info • Use an initializing formal to assign a parameter to a field. Try using an initialing formal ('this._dataSyncRepository') to initialize the field • lib/state/app_controller.dart:113:8 • prefer_initializing_formals
2026-09-27T12:45:58.5976273Z    info • Use an initializing formal to assign a parameter to a field. Try using an initialing formal ('this._localSessionStore') to initialize the field • lib/state/app_controller.dart:114:8 • prefer_initializing_formals
2026-09-27T12:45:58.5977885Z    info • Use an initializing formal to assign a parameter to a field. Try using an initialing formal ('this._localUserDataClearer') to initialize the field • lib/state/app_controller.dart:115:8 • prefer_initializing_formals
2026-09-27T12:45:58.5979431Z    info • Use an initializing formal to assign a parameter to a field. Try using an initialing formal ('this._userRepository') to initialize the field • lib/state/app_controller.dart:116:8 • prefer_initializing_formals
2026-09-27T12:45:58.5980973Z    info • Use an initializing formal to assign a parameter to a field. Try using an initialing formal ('this._settingsRepository') to initialize the field • lib/state/app_controller.dart:117:8 • prefer_initializing_formals
2026-09-27T12:45:58.5982638Z    info • Use an initializing formal to assign a parameter to a field. Try using an initialing formal ('this._foodRepository') to initialize the field • lib/state/app_controller.dart:118:8 • prefer_initializing_formals
2026-09-27T12:45:58.5984441Z    info • Use an initializing formal to assign a parameter to a field. Try using an initialing formal ('this._exerciseRepository') to initialize the field • lib/state/app_controller.dart:119:8 • prefer_initializing_formals
2026-09-27T12:45:58.5985987Z    info • Use an initializing formal to assign a parameter to a field. Try using an initialing formal ('this._alcoholRepository') to initialize the field • lib/state/app_controller.dart:120:8 • prefer_initializing_formals
2026-09-27T12:45:58.5987546Z    info • Use an initializing formal to assign a parameter to a field. Try using an initialing formal ('this._weightRepository') to initialize the field • lib/state/app_controller.dart:121:8 • prefer_initializing_formals
2026-09-27T12:45:58.5989124Z    info • Use an initializing formal to assign a parameter to a field. Try using an initialing formal ('this._savedFoodRepository') to initialize the field • lib/state/app_controller.dart:122:8 • prefer_initializing_formals
2026-09-27T12:45:58.5990706Z    info • Use an initializing formal to assign a parameter to a field. Try using an initialing formal ('this._foodRatingRepository') to initialize the field • lib/state/app_controller.dart:123:8 • prefer_initializing_formals
2026-09-27T12:45:58.5992283Z    info • Use an initializing formal to assign a parameter to a field. Try using an initialing formal ('this._foodReportRepository') to initialize the field • lib/state/app_controller.dart:124:8 • prefer_initializing_formals
2026-09-27T12:45:58.5994077Z    info • Use an initializing formal to assign a parameter to a field. Try using an initialing formal ('this._blockedCreatorRepository') to initialize the field • lib/state/app_controller.dart:125:8 • prefer_initializing_formals
2026-09-27T12:45:58.5995710Z    info • Use an initializing formal to assign a parameter to a field. Try using an initialing formal ('this._mealTemplateRepository') to initialize the field • lib/state/app_controller.dart:126:8 • prefer_initializing_formals
2026-09-27T12:45:58.5997329Z    info • Use an initializing formal to assign a parameter to a field. Try using an initialing formal ('this._workoutTemplateRepository') to initialize the field • lib/state/app_controller.dart:127:8 • prefer_initializing_formals
2026-09-27T12:45:58.5998839Z    info • The member 'dispose' overrides an inherited member but isn't annotated with '@override'. Try adding the '@override' annotation • lib/state/app_controller.dart:2709:8 • annotate_overrides
2026-09-27T12:45:58.6000038Z    info • Use the null-aware marker '?' rather than a null check via an 'if'. Try using '?' • lib/utils/macro_display.dart:74:5 • use_null_aware_elements
2026-09-27T12:45:58.6001189Z warning • Unused import: '../../constants/app_strings.dart'. Try removing the import directive • lib/widgets/food/macro_nutrition_input_controller.dart:3:8 • unused_import
2026-09-27T12:45:58.6003465Z    info • 'groupValue' is deprecated and shouldn't be used. Use a RadioGroup ancestor to manage group value instead. This feature was deprecated after v3.32.0-0.0.pre. Try replacing the use of the deprecated member with the replacement • lib/widgets/saved_food/duplicate_saved_food_dialog.dart:88:15 • deprecated_member_use
2026-09-27T12:45:58.6005744Z    info • 'onChanged' is deprecated and shouldn't be used. Use RadioGroup to handle value change instead. This feature was deprecated after v3.32.0-0.0.pre. Try replacing the use of the deprecated member with the replacement • lib/widgets/saved_food/duplicate_saved_food_dialog.dart:89:15 • deprecated_member_use
2026-09-27T12:45:58.6008131Z    info • 'groupValue' is deprecated and shouldn't be used. Use a RadioGroup ancestor to manage group value instead. This feature was deprecated after v3.32.0-0.0.pre. Try replacing the use of the deprecated member with the replacement • lib/widgets/saved_food/duplicate_saved_food_dialog.dart:95:15 • deprecated_member_use
2026-09-27T12:45:58.6010409Z    info • 'onChanged' is deprecated and shouldn't be used. Use RadioGroup to handle value change instead. This feature was deprecated after v3.32.0-0.0.pre. Try replacing the use of the deprecated member with the replacement • lib/widgets/saved_food/duplicate_saved_food_dialog.dart:96:15 • deprecated_member_use
2026-09-27T12:45:58.6012651Z    info • 'groupValue' is deprecated and shouldn't be used. Use a RadioGroup ancestor to manage group value instead. This feature was deprecated after v3.32.0-0.0.pre. Try replacing the use of the deprecated member with the replacement • lib/widgets/saved_food/duplicate_saved_food_dialog.dart:101:15 • deprecated_member_use
2026-09-27T12:45:58.6015202Z    info • 'onChanged' is deprecated and shouldn't be used. Use RadioGroup to handle value change instead. This feature was deprecated after v3.32.0-0.0.pre. Try replacing the use of the deprecated member with the replacement • lib/widgets/saved_food/duplicate_saved_food_dialog.dart:102:15 • deprecated_member_use
2026-09-27T12:45:58.6017488Z    info • 'groupValue' is deprecated and shouldn't be used. Use a RadioGroup ancestor to manage group value instead. This feature was deprecated after v3.32.0-0.0.pre. Try replacing the use of the deprecated member with the replacement • lib/widgets/saved_food/duplicate_saved_food_dialog.dart:121:15 • deprecated_member_use
2026-09-27T12:45:58.6019791Z    info • 'onChanged' is deprecated and shouldn't be used. Use RadioGroup to handle value change instead. This feature was deprecated after v3.32.0-0.0.pre. Try replacing the use of the deprecated member with the replacement • lib/widgets/saved_food/duplicate_saved_food_dialog.dart:122:15 • deprecated_member_use
2026-09-27T12:45:58.6021479Z warning • Unused import: '../../constants/app_strings.dart'. Try removing the import directive • lib/widgets/saved_food/public_food_detail_sheet.dart:7:8 • unused_import
2026-09-27T12:45:58.6022709Z warning • Unused import: '../../utils/nutrition_format.dart'. Try removing the import directive • lib/widgets/saved_food/public_food_detail_sheet.dart:8:8 • unused_import
2026-09-27T12:45:58.6024145Z warning • Unused import: '../../constants/app_strings.dart'. Try removing the import directive • lib/widgets/saved_food/public_food_match_card.dart:6:8 • unused_import
2026-09-27T12:45:58.6025346Z warning • Unused import: '../../utils/nutrition_format.dart'. Try removing the import directive • lib/widgets/saved_food/public_food_match_card.dart:7:8 • unused_import
2026-09-27T12:45:58.6026582Z warning • Unused import: '../../utils/nutrition_format.dart'. Try removing the import directive • lib/widgets/saved_food/saved_food_meal_quantity_sheet.dart:8:8 • unused_import
2026-09-27T12:45:58.6027833Z warning • Unused import: '../../utils/macro_display.dart'. Try removing the import directive • lib/widgets/saved_food/saved_food_meal_quantity_sheet.dart:9:8 • unused_import
2026-09-27T12:45:58.6029268Z warning • Unused import: '../../constants/app_strings.dart'. Try removing the import directive • lib/widgets/saved_food/saved_food_suggestion_list.dart:6:8 • unused_import
2026-09-27T12:45:58.6030481Z warning • Unused import: '../../utils/macro_display.dart'. Try removing the import directive • lib/widgets/saved_food/saved_food_suggestion_list.dart:7:8 • unused_import
2026-09-27T12:45:58.6031692Z warning • Unused import: '../../utils/nutrition_format.dart'. Try removing the import directive • lib/widgets/saved_food/saved_food_suggestion_list.dart:8:8 • unused_import
2026-09-27T12:45:58.6033331Z    info • The imported package 'web' isn't a dependency of the importing package. Try adding a dependency for 'web' in the 'pubspec.yaml' file • lib/widgets/startup/startup_error_app.dart:3:8 • depend_on_referenced_packages
2026-09-27T12:45:58.6034798Z warning • A value for optional parameter 'publicById' isn't ever given. Try removing the unused parameter • test/app_controller_public_search_test.dart:62:10 • unused_element_parameter
2026-09-27T12:45:58.6036444Z    info • Use an initializing formal to assign a parameter to a field. Try using an initialing formal ('this.copyResult') to initialize the field • test/app_controller_public_search_test.dart:64:8 • prefer_initializing_formals
2026-09-27T12:45:58.6037895Z warning • A value for optional parameter 'similar' isn't ever given. Try removing the unused parameter • test/app_controller_publish_test.dart:183:10 • unused_element_parameter
2026-09-27T12:45:58.6039158Z warning • Unused import: 'package:ayg/models/health_profile_data.dart'. Try removing the import directive • test/daily_calculation_consistency_test.dart:10:8 • unused_import
2026-09-27T12:45:58.6040372Z warning • Unused import: 'package:ayg/models/exercise_category.dart'. Try removing the import directive • test/food_form_suggestion_test.dart:1:8 • unused_import
2026-09-27T12:45:58.6041535Z warning • Unused import: 'package:ayg/models/food_visibility.dart'. Try removing the import directive • test/food_form_suggestion_test.dart:7:8 • unused_import
2026-09-27T12:45:58.6042715Z warning • Unused import: 'package:ayg/models/food_source_type.dart'. Try removing the import directive • test/food_form_suggestion_test.dart:8:8 • unused_import
2026-09-27T12:45:58.6044383Z    info • The imported package 'supabase' isn't a dependency of the importing package. Try adding a dependency for 'supabase' in the 'pubspec.yaml' file • test/goal_pace_sync_regression_test.dart:20:8 • depend_on_referenced_packages
2026-09-27T12:45:58.6046035Z    info • Use an initializing formal to assign a parameter to a field. Try using an initialing formal ('this._currentUser') to initialize the field • test/mocks/mock_authentication_repository.dart:8:7 • prefer_initializing_formals
2026-09-27T12:45:58.6047417Z warning • Unused import: 'package:ayg/models/food_entry.dart'. Try removing the import directive • test/saved_food_entry_builder_test.dart:1:8 • unused_import
2026-09-27T12:45:58.6048877Z    info • The imported package 'postgrest' isn't a dependency of the importing package. Try adding a dependency for 'postgrest' in the 'pubspec.yaml' file • test/saved_food_persistence_error_test.dart:3:8 • depend_on_referenced_packages
2026-09-27T12:45:58.6050391Z warning • The '!' will have no effect because the receiver can't be null. Try removing the '!' operator • test/saved_food_visibility_selector_test.dart:16:28 • unnecessary_non_null_assertion
2026-09-27T12:45:58.6051926Z    info • The imported package 'supabase' isn't a dependency of the importing package. Try adding a dependency for 'supabase' in the 'pubspec.yaml' file • test/supabase_alcohol_entry_integration_test.dart:21:8 • depend_on_referenced_packages
2026-09-27T12:45:58.6053897Z    info • The imported package 'supabase' isn't a dependency of the importing package. Try adding a dependency for 'supabase' in the 'pubspec.yaml' file • test/supabase_food_entry_delete_integration_test.dart:22:8 • depend_on_referenced_packages
2026-09-27T12:45:58.6055976Z    info • The import of 'dart:async' is unnecessary because all of the used elements are also provided by the import of 'package:flutter_test/flutter_test.dart'. Try removing the import directive • test/supabase_saved_food_repository_integration_test.dart:4:8 • unnecessary_import
2026-09-27T12:45:58.6057866Z    info • The imported package 'supabase' isn't a dependency of the importing package. Try adding a dependency for 'supabase' in the 'pubspec.yaml' file • test/supabase_saved_food_repository_integration_test.dart:16:8 • depend_on_referenced_packages
2026-09-27T12:45:58.6059527Z    info • The imported package 'postgrest' isn't a dependency of the importing package. Try adding a dependency for 'postgrest' in the 'pubspec.yaml' file • test/sync_failure_test.dart:3:8 • depend_on_referenced_packages
2026-09-27T12:45:58.6061096Z    info • The imported package 'postgrest' isn't a dependency of the importing package. Try adding a dependency for 'postgrest' in the 'pubspec.yaml' file • test/sync_step_runner_test.dart:6:8 • depend_on_referenced_packages
2026-09-27T12:45:58.6062546Z warning • Unused import: 'package:isar/isar.dart'. Try removing the import directive • test/workout_template_repository_test.dart:8:8 • unused_import
2026-09-27T12:45:58.6063330Z 
2026-09-27T12:45:58.6092669Z ##[group]Run flutter test
2026-09-27T12:45:58.6093254Z [36;1mflutter test[0m
2026-09-27T12:45:58.6156247Z shell: /usr/bin/bash -e {0}
2026-09-27T12:45:58.6156514Z env:
2026-09-27T12:45:58.6156824Z   FLUTTER_ROOT: /opt/hostedtoolcache/flutter/stable-3.47.5-x64/flutter
2026-09-27T12:45:58.6157226Z   PUB_CACHE: /home/runner/.pub-cache
2026-09-27T12:45:58.6157502Z ##[endgroup]
2026-09-27T12:45:58.7861337Z Resolving dependencies...
2026-09-27T12:45:58.9591792Z Downloading packages...
2026-09-27T12:45:59.0030384Z   _fe_analyzer_shared 61.0.0 (108.0.0 available)
2026-09-27T12:45:59.0031051Z   analyzer 5.13.0 (14.4.0 available)
2026-09-27T12:45:59.0031548Z   build 2.4.1 (4.0.11 available)
2026-09-27T12:45:59.0031984Z   build_config 1.1.2 (1.3.3 available)
2026-09-27T12:45:59.0032483Z   build_daemon 4.1.2 (4.1.6 available)
2026-09-27T12:45:59.0033178Z   build_resolvers 2.4.2 (3.0.4 available)
2026-09-27T12:45:59.0033678Z   build_runner 2.4.13 (2.16.1 available)
2026-09-27T12:45:59.0034236Z   build_runner_core 7.3.2 (9.3.2 available)
2026-09-27T12:45:59.0034724Z   built_value 8.12.6 (8.13.0 available)
2026-09-27T12:45:59.0035212Z   carp_serializable 2.0.1 (3.0.0 available)
2026-09-27T12:45:59.0035691Z   clock 1.1.2 (1.1.3 available)
2026-09-27T12:45:59.0036124Z   code_assets 1.2.1 (2.1.0 available)
2026-09-27T12:45:59.0036597Z   code_builder 4.11.1 (4.12.0 available)
2026-09-27T12:45:59.0037080Z   dart_style 2.3.2 (3.1.13 available)
2026-09-27T12:45:59.0037564Z   device_info_plus 12.4.0 (13.2.0 available)
2026-09-27T12:45:59.0038180Z   device_info_plus_platform_interface 7.0.3 (8.1.0 available)
2026-09-27T12:45:59.0038790Z   functions_client 2.6.4 (2.7.1 available)
2026-09-27T12:45:59.0039250Z   glob 2.1.3 (2.2.0 available)
2026-09-27T12:45:59.0039684Z   google_sign_in 6.3.0 (7.2.0 available)
2026-09-27T12:45:59.0040194Z   google_sign_in_android 6.2.1 (7.2.17 available)
2026-09-27T12:45:59.0040735Z   google_sign_in_ios 5.9.0 (6.3.5 available)
2026-09-27T12:45:59.0041326Z   google_sign_in_platform_interface 2.5.0 (3.1.0 available)
2026-09-27T12:45:59.0041961Z   google_sign_in_web 0.12.4+4 (1.1.3 available)
2026-09-27T12:45:59.0042483Z   gotrue 2.26.0 (2.27.2 available)
2026-09-27T12:45:59.0043145Z   health 13.3.1 (13.3.2 available)
2026-09-27T12:45:59.0043576Z   hooks 2.0.2 (2.2.0 available)
2026-09-27T12:45:59.0044002Z   io 1.0.5 (1.1.0 available)
2026-09-27T12:45:59.0044404Z   jni 1.0.0 (1.0.3 available)
2026-09-27T12:45:59.0044829Z   jni_flutter 1.0.1 (1.0.3 available)
2026-09-27T12:45:59.0045278Z   js 0.6.7 (0.7.2 available)
2026-09-27T12:45:59.0045745Z   material_color_utilities 0.13.0 (0.13.1 available)
2026-09-27T12:45:59.0046288Z   mime 2.0.0 (2.1.0 available)
2026-09-27T12:45:59.0046712Z   mobile_scanner 7.4.0 (7.4.2 available)
2026-09-27T12:45:59.0047497Z   objective_c 9.4.1 (9.6.0 available)
2026-09-27T12:45:59.0047989Z   package_config 2.2.0 (3.0.0 available)
2026-09-27T12:45:59.0048571Z   passkeys_platform_interface 2.9.0 (2.10.0 available)
2026-09-27T12:45:59.0049162Z   petitparser 7.0.2 (7.1.0 available)
2026-09-27T12:45:59.0049642Z   platform 3.1.6 (3.2.0 available)
2026-09-27T12:45:59.0050090Z   pool 1.5.2 (1.5.3 available)
2026-09-27T12:45:59.0050541Z   postgrest 2.8.0 (2.9.1 available)
2026-09-27T12:45:59.0051001Z   process 5.0.5 (5.0.6 available)
2026-09-27T12:45:59.0051457Z   pub_semver 2.2.0 (2.2.1 available)
2026-09-27T12:45:59.0051942Z   pubspec_parse 1.5.0 (1.6.0 available)
2026-09-27T12:45:59.0052442Z   realtime_client 2.11.0 (2.13.0 available)
2026-09-27T12:45:59.0053164Z   record_use 0.6.0 (1.1.1 available)
2026-09-27T12:45:59.0053702Z   shared_preferences_android 2.4.27 (2.4.28 available)
2026-09-27T12:45:59.0054333Z   shared_preferences_foundation 2.5.6 (2.5.7 available)
2026-09-27T12:45:59.0054922Z   shelf_web_socket 2.0.1 (3.0.0 available)
2026-09-27T12:45:59.0055421Z   source_gen 1.5.0 (4.3.0 available)
2026-09-27T12:45:59.0055891Z   stack_trace 1.12.1 (1.12.2 available)
2026-09-27T12:45:59.0056369Z   storage_client 2.6.0 (2.8.0 available)
2026-09-27T12:45:59.0057113Z   stream_transform 2.1.1 (2.1.2 available)
2026-09-27T12:45:59.0057622Z   supabase 2.14.0 (2.16.1 available)
2026-09-27T12:45:59.0058108Z   supabase_flutter 2.16.0 (2.17.2 available)
2026-09-27T12:45:59.0058607Z   test_api 0.7.12 (0.7.14 available)
2026-09-27T12:45:59.0059113Z   url_launcher_android 6.3.32 (6.3.33 available)
2026-09-27T12:45:59.0059667Z   url_launcher_ios 6.4.1 (6.4.2 available)
2026-09-27T12:45:59.0060183Z   url_launcher_linux 3.2.2 (3.2.3 available)
2026-09-27T12:45:59.0060703Z   url_launcher_macos 3.2.5 (3.2.6 available)
2026-09-27T12:45:59.0061235Z   url_launcher_windows 3.1.5 (3.1.6 available)
2026-09-27T12:45:59.0061769Z   vector_graphics 1.2.2 (1.2.3 available)
2026-09-27T12:45:59.0062317Z   vector_graphics_compiler 1.2.6 (1.3.0 available)
2026-09-27T12:45:59.0063079Z   vm_service 15.2.0 (15.3.0 available)
2026-09-27T12:45:59.0063559Z   webdriver 3.1.0 (3.2.0 available)
2026-09-27T12:45:59.0064014Z   win32 5.15.0 (6.4.0 available)
2026-09-27T12:45:59.0064501Z   win32_registry 2.1.0 (3.0.3 available)
2026-09-27T12:45:59.0065003Z   yaml 3.1.3 (3.1.4 available)
2026-09-27T12:45:59.0065425Z Got dependencies!
2026-09-27T12:45:59.0066014Z 67 packages have newer versions incompatible with dependency constraints.
2026-09-27T12:45:59.0066779Z Try `flutter pub outdated` for more information.
2026-09-27T12:46:00.9886654Z 
2026-09-27T12:46:10.0684427Z ##[group]✅ Passing tests
2026-09-27T12:46:10.0685738Z ✅ /home/runner/work/AYG/AYG/test/weight_trend_suggestion_service_test.dart: WeightTrendSuggestionService returns null for maintain goal
2026-09-27T12:46:10.0751495Z ✅ /home/runner/work/AYG/AYG/test/weight_trend_suggestion_service_test.dart: WeightTrendSuggestionService suggests review when lose goal but weight increased
2026-09-27T12:46:10.8647743Z ✅ /home/runner/work/AYG/AYG/test/user_facing_error_test.dart: user-facing errors do not include exception text
2026-09-27T12:46:11.9586105Z ✅ /home/runner/work/AYG/AYG/test/health_repository_test.dart: MockHealthRepository available requests permissions and fetches profile data
2026-09-27T12:46:11.9657756Z ✅ /home/runner/work/AYG/AYG/test/health_repository_test.dart: MockHealthRepository available persists fetched weight and workouts locally
2026-09-27T12:46:11.9696801Z ✅ /home/runner/work/AYG/AYG/test/health_repository_test.dart: MockHealthRepository available prefers health weight over manual weight when sync is on
2026-09-27T12:46:11.9757783Z ✅ /home/runner/work/AYG/AYG/test/health_repository_test.dart: MockHealthRepository available AppController applies health data and stores workouts
2026-09-27T12:46:11.9783809Z ✅ /home/runner/work/AYG/AYG/test/health_repository_test.dart: MockHealthRepository unavailable returns empty profile when permissions denied
2026-09-27T12:46:12.0575128Z ✅ /home/runner/work/AYG/AYG/test/health_repository_test.dart: MockHealthRepository unavailable UnsupportedHealthRepository is not available on web-like env
2026-09-27T12:46:12.0609607Z ✅ /home/runner/work/AYG/AYG/test/health_repository_test.dart: MockHealthRepository unavailable manual weight is used when health sync is off
2026-09-27T12:46:12.0804556Z ##[endgroup]
2026-09-27T12:46:12.0805551Z ##[group]⏭️ Skipped tests
2026-09-27T12:46:12.0807060Z ⏭️ /home/runner/work/AYG/AYG/test/supabase_hardening_migration_live_test.dart: Supabase hardening migration live validation grants and policies after full db reset (skipped)
2026-09-27T12:46:12.0808179Z Local Supabase not available
2026-09-27T12:46:12.0834769Z ⏭️ /home/runner/work/AYG/AYG/test/supabase_hardening_migration_live_test.dart: Supabase hardening migration live validation anon can read public saved_foods; authenticated CRUD own row (skipped)
2026-09-27T12:46:12.0836270Z Local Supabase not available
2026-09-27T12:46:12.0862732Z ⏭️ /home/runner/work/AYG/AYG/test/supabase_hardening_migration_live_test.dart: Supabase hardening migration live validation blocked_food_creators: anon has no table grant; block hides public food (skipped)
2026-09-27T12:46:12.0863964Z Local Supabase not available
2026-09-27T12:46:15.4316724Z ##[endgroup]
2026-09-27T12:46:15.4318776Z ##[group]✅ Passing tests
2026-09-27T12:46:15.4320529Z ✅ /home/runner/work/AYG/AYG/test/splash_screen_test.dart: 開始時は点が画面外にあり、文字も出ていない
2026-09-27T12:46:15.4911444Z ✅ /home/runner/work/AYG/AYG/test/splash_screen_test.dart: 文字は1文字ずつ順に現れる
2026-09-27T12:46:15.5352380Z ✅ /home/runner/work/AYG/AYG/test/splash_screen_test.dart: 点は落下し、つぶれ、跳ねる（Figma の実測値どおり）
2026-09-27T12:46:15.5744245Z ✅ /home/runner/work/AYG/AYG/test/splash_screen_test.dart: 390x844 で画面を埋めきる
2026-09-27T12:46:15.5984461Z ✅ /home/runner/work/AYG/AYG/test/daily_calculation_consistency_test.dart: home and explanation screen show identical remaining and PFC
2026-09-27T12:46:15.6019860Z ✅ /home/runner/work/AYG/AYG/test/daily_calculation_consistency_test.dart: summary breakdown objects stay consistent for PFC display
2026-09-27T12:46:15.6103879Z ✅ /home/runner/work/AYG/AYG/test/splash_screen_test.dart: 440x956 で画面を埋めきる
2026-09-27T12:46:15.6415044Z ✅ /home/runner/work/AYG/AYG/test/splash_screen_test.dart: 320x568 で画面を埋めきる
2026-09-27T12:46:15.6777594Z ✅ /home/runner/work/AYG/AYG/test/splash_screen_test.dart: 1032x1376 で画面を埋めきる
2026-09-27T12:46:15.7121705Z ✅ /home/runner/work/AYG/AYG/test/splash_screen_test.dart: 1280x800 で画面を埋めきる
2026-09-27T12:46:15.7494358Z ✅ /home/runner/work/AYG/AYG/test/splash_screen_test.dart: 2.92秒で終了を通知する
2026-09-27T12:46:16.2793843Z ✅ /home/runner/work/AYG/AYG/test/goal_validation_warnings_test.dart: collectGoalWarnings warns when lose goal is above current weight
2026-09-27T12:46:16.2819407Z ✅ /home/runner/work/AYG/AYG/test/goal_validation_warnings_test.dart: collectGoalWarnings warns when gain goal is below current weight
2026-09-27T12:46:16.2849805Z ✅ /home/runner/work/AYG/AYG/test/goal_validation_warnings_test.dart: collectGoalWarnings warns for short target period
2026-09-27T12:46:16.9739157Z ✅ /home/runner/work/AYG/AYG/test/saved_food_base_serving_format_test.dart: SavedFoodBaseServingFormat formats integer quantity without decimal point
2026-09-27T12:46:16.9781583Z ✅ /home/runner/work/AYG/AYG/test/saved_food_base_serving_format_test.dart: SavedFoodBaseServingFormat shows unset label for legacy foods
2026-09-27T12:46:16.9807965Z ✅ /home/runner/work/AYG/AYG/test/saved_food_base_serving_format_test.dart: SavedFoodBaseServingFormat formats per serving label
2026-09-27T12:46:16.9852567Z ✅ /home/runner/work/AYG/AYG/test/saved_food_base_serving_format_test.dart: SavedFoodEntryBuilder scaled nutrients scales nutrients by consumed / base ratio
2026-09-27T12:46:17.1293565Z ✅ /home/runner/work/AYG/AYG/test/saved_food_visibility_selector_test.dart: SavedFoodVisibilitySelector defaults to private
2026-09-27T12:46:17.7542419Z ✅ /home/runner/work/AYG/AYG/test/app_controller_saved_food_test.dart: AppController saved food createSavedFood saves private food locally
2026-09-27T12:46:17.7810389Z ✅ /home/runner/work/AYG/AYG/test/app_controller_saved_food_test.dart: AppController saved food searchOwnSavedFoods excludes deleted foods
2026-09-27T12:46:17.8161250Z ✅ /home/runner/work/AYG/AYG/test/app_controller_saved_food_test.dart: AppController saved food saveFoodEntryWithOptionalSavedFood links existing duplicate
2026-09-27T12:46:17.8377277Z ##[endgroup]
2026-09-27T12:46:17.8379089Z ##[group]✅ /home/runner/work/AYG/AYG/test/app_controller_saved_food_test.dart: AppController saved food saveFoodEntryWithOptionalSavedFood keeps entry when saved food fails
2026-09-27T12:46:17.8380799Z [AYG SavedFood] saveFoodEntryWithOptionalSavedFood: Bad state: SavedFoodRepository is not configured
2026-09-27T12:46:17.8381937Z ##[endgroup]
2026-09-27T12:46:17.8559537Z ##[group]✅ Passing tests
2026-09-27T12:46:17.8560850Z ✅ /home/runner/work/AYG/AYG/test/app_controller_saved_food_test.dart: AppController saved food updating saved food does not mutate past food entries
2026-09-27T12:46:17.8771644Z ✅ /home/runner/work/AYG/AYG/test/app_controller_saved_food_test.dart: AppController saved food deleteFood recalculates daily totals for saved-food entry
2026-09-27T12:46:18.5615515Z ✅ /home/runner/work/AYG/AYG/test/account_deletion_migration_test.dart: already-applied delete_own_account migration is unchanged
2026-09-27T12:46:18.5635821Z ✅ /home/runner/work/AYG/AYG/test/account_deletion_migration_test.dart: follow-up migration adds owner_deleted idempotently
2026-09-27T12:46:18.5667888Z ✅ /home/runner/work/AYG/AYG/test/account_deletion_migration_test.dart: session revoke sits outside the auth.users exception handler
2026-09-27T12:46:18.5694108Z ✅ /home/runner/work/AYG/AYG/test/account_deletion_migration_test.dart: authenticated cannot update owner_deleted
2026-09-27T12:46:18.5720730Z ✅ /home/runner/work/AYG/AYG/test/account_deletion_migration_test.dart: owner_deleted trigger is not security definer
2026-09-27T12:46:18.5746790Z ✅ /home/runner/work/AYG/AYG/test/account_deletion_migration_test.dart: delete_own_account uses an empty search_path
2026-09-27T12:46:18.5779070Z ✅ /home/runner/work/AYG/AYG/test/account_deletion_migration_test.dart: down sql is outside supabase/migrations
2026-09-27T12:46:18.5809373Z ✅ /home/runner/work/AYG/AYG/test/account_deletion_migration_test.dart: account deletion deletes subscription_events in a later migration
2026-09-27T12:46:19.1365959Z ✅ /home/runner/work/AYG/AYG/test/id_generator_test.dart: generateUniqueId returns distinct UUID v4 values in rapid succession
2026-09-27T12:46:19.5760967Z ✅ /home/runner/work/AYG/AYG/test/macro_nutrition_auto_fill_widget_test.dart: FoodFormScreen macro auto-fill case1: P F C -> kcal 165 without save
2026-09-27T12:46:19.9163987Z ✅ /home/runner/work/AYG/AYG/test/macro_nutrition_auto_fill_widget_test.dart: FoodFormScreen macro auto-fill case2: kcal F C -> P 12.0
2026-09-27T12:46:19.9173232Z ✅ /home/runner/work/AYG/AYG/test/workout_template_repository_test.dart: WorkoutTemplateRepository saves template with ordered items
2026-09-27T12:46:19.9413802Z ✅ /home/runner/work/AYG/AYG/test/workout_template_repository_test.dart: WorkoutTemplateRepository persists after Isar close and reopen
2026-09-27T12:46:19.9628519Z ✅ /home/runner/work/AYG/AYG/test/workout_template_repository_test.dart: WorkoutTemplateRepository reassignOwnerUserId migrates templates and items
2026-09-27T12:46:19.9868902Z ✅ /home/runner/work/AYG/AYG/test/workout_template_repository_test.dart: WorkoutTemplateRepository clearForOwner removes only matching owner
2026-09-27T12:46:20.3212661Z ✅ /home/runner/work/AYG/AYG/test/macro_nutrition_auto_fill_widget_test.dart: FoodFormScreen macro auto-fill case3: kcal P C -> F 4.4
2026-09-27T12:46:20.6798582Z ✅ /home/runner/work/AYG/AYG/test/macro_nutrition_auto_fill_widget_test.dart: FoodFormScreen macro auto-fill case4: kcal P F -> C 12.0
2026-09-27T12:46:20.9268157Z ✅ /home/runner/work/AYG/AYG/test/macro_nutrition_auto_fill_widget_test.dart: FoodFormScreen macro auto-fill two values do not auto-fill third
2026-09-27T12:46:21.1971671Z ✅ /home/runner/work/AYG/AYG/test/macro_nutrition_auto_fill_widget_test.dart: FoodFormScreen macro auto-fill order C P F auto-fills kcal
2026-09-27T12:46:21.4176839Z ✅ /home/runner/work/AYG/AYG/test/macro_nutrition_auto_fill_widget_test.dart: FoodFormScreen macro auto-fill order kcal C F auto-fills P
2026-09-27T12:46:21.6339228Z ✅ /home/runner/work/AYG/AYG/test/macro_nutrition_auto_fill_widget_test.dart: FoodFormScreen macro auto-fill order F kcal P auto-fills C
2026-09-27T12:46:21.7386715Z ✅ /home/runner/work/AYG/AYG/test/workout_history_list_test.dart: workout history list shows effective net kcal not gross
2026-09-27T12:46:21.7935007Z ✅ /home/runner/work/AYG/AYG/test/workout_history_list_test.dart: workout history list shows multi-exercise strength summary
2026-09-27T12:46:22.0314159Z ##[endgroup]
2026-09-27T12:46:22.0316145Z ##[group]✅ /home/runner/work/AYG/AYG/test/macro_nutrition_auto_fill_widget_test.dart: FoodFormScreen macro auto-fill empty kcal focus does not block auto-fill
2026-09-27T12:46:22.0316890Z 
2026-09-27T12:46:22.0317182Z Warning: A call to tap() with finder "Found 1 widget with key [<'macro_field_kcal'>]: [
2026-09-27T12:46:22.0321650Z   TextField-[<'macro_field_kcal'>](controller: TextEditingController#ba8ca(TextEditingValue(text: ┤├, selection: TextSelection.invalid, composing: TextRange(start: -1, end: -1))), decoration: InputDecoration(hintText: "0", isDense: true, contentPadding: EdgeInsets.zero, focusedBorder: _NoInputBorder(), disabledBorder: _NoInputBorder(), enabledBorder: _NoInputBorder(), border: _NoInputBorder()), keyboardType: TextInputType(name: TextInputType.number, signed: false, decimal: true), style: TextStyle(inherit: true, color: Color(alpha: 1.0000, red: 0.0784, green: 0.3216, blue: 0.1843, colorSpace: ColorSpace.sRGB), size: 15.0, weight: 400, height: 1.7x), dependencies: [DefaultSelectionStyle, InheritedCupertinoTheme, MediaQuery, UnmanagedRestorationScope, _InheritedTheme, _LocalizationsScope-[GlobalKey#a8064]], state: _TextFieldState#9b848),
2026-09-27T12:46:22.0325503Z ]" derived an Offset (Offset(173.1, 513.0)) that would not hit test on the specified widget.
2026-09-27T12:46:22.0326227Z Maybe the widget is actually off-screen, or another widget is obscuring it, or the widget cannot receive pointer events.
2026-09-27T12:46:22.0327195Z The finder corresponds to this RenderBox: RenderMouseRegion#186cd relayoutBoundary=up29
2026-09-27T12:46:22.0335628Z The hit test result at that offset is: HitTestResult(RenderDecoratedBox#e7dcd@Offset(27.8, 12.0), RenderConstrainedBox#6d9c4@Offset(27.8, 12.0), RenderPointerListener#65baa@Offset(27.8, 12.0), RenderSemanticsAnnotations#ba1e7@Offset(27.8, 12.0), RenderMouseRegion#433c9@Offset(27.8, 12.0), RenderSemanticsAnnotations#b0b74@Offset(27.8, 12.0), _RenderInkFeatures#289dc@Offset(27.8, 12.0), RenderCustomPaint#36dd0@Offset(27.8, 12.0), RenderPhysicalShape#1629a@Offset(27.8, 12.0), RenderOpacity#f9a2a@Offset(27.8, 12.0), RenderPadding#933d1@Offset(43.8, 18.0), RenderFlex#0a5e3@Offset(43.8, 342.0), RenderConstrainedBox#23d96@Offset(43.8, 342.0), RenderFittedBox#c5c48@Offset(65.6, 513.0), RenderConstrainedBox#30a04@Offset(65.6, 513.0), RenderPositionedBox#22c21@Offset(173.1, 513.0), RenderStack#d513c@Offset(173.1, 513.0), _RenderLayoutBuilder#56828@Offset(173.1, 513.0), _RenderInkFeatures#d6991@Offset(173.1, 513.0), RenderPhysicalModel#186f9@Offset(173.1, 513.0), RenderCustomMultiChildLayoutBox#d4364@Offset(173.1, 513.0), _RenderInkFeatures#3334f@Offset(173.1, 513.0), RenderPhysicalModel#301df@Offset(173.1, 513.0), RenderSemanticsAnnotations#acf6e@Offset(173.1, 513.0), RenderRepaintBoundary#26e90@Offset(173.1, 513.0), RenderIgnorePointer#17eb7@Offset(173.1, 513.0), RenderAnimatedOpacity#23870@Offset(173.1, 513.0), RenderAnimatedOpacity#94ecb@Offset(173.1, 513.0), _RenderColoredBox#f3d33@Offset(173.1, 513.0), RenderAnimatedOpacity#c4119@Offset(173.1, 513.0), RenderIgnorePointer#23cac@Offset(173.1, 513.0), RenderAnimatedOpacity#b412a@Offset(173.1, 513.0), RenderRepaintBoundary#7a2e3@Offset(173.1, 513.0), RenderSemanticsAnnotations#35648@Offset(173.1, 513.0), RenderOffstage#c0021@Offset(173.1, 513.0), RenderSemanticsAnnotations#6385e@Offset(173.1, 513.0), _RenderTheater#cbe63@Offset(173.1, 513.0), RenderAbsorbPointer#0ad30@Offset(173.1, 513.0), RenderPointerListener#a178b@Offset(173.1, 513.0), RenderSemanticsAnnotations#d65a6@Offset(173.1, 513.0), RenderCustomPaint#c1bbd@Offset(173.1, 513.0), RenderSemanticsAnnotations#a8190@Offset(173.1, 513.0), RenderSemanticsAnnotations#6a6f5@Offset(173.1, 513.0), RenderSemanticsAnnotations#63757@Offset(173.1, 513.0), RenderTapRegionSurface#69467@Offset(173.1, 513.0), RenderSemanticsAnnotations#70d38@Offset(173.1, 513.0), RenderSemanticsAnnotations#bf6eb@Offset(173.1, 513.0), HitTestEntry<HitTestTarget>#fc217(_ReusableRenderView#c4797), HitTestEntry<HitTestTarget>#2d8a9(<AutomatedTestWidgetsFlutterBinding>))
2026-09-27T12:46:22.0344705Z #0      WidgetController._getElementPoint (package:flutter_test/src/controller.dart:2165:25)
2026-09-27T12:46:22.0345328Z #1      WidgetController.getCenter (package:flutter_test/src/controller.dart:1947:12)
2026-09-27T12:46:22.0345884Z #2      WidgetController.tap (package:flutter_test/src/controller.dart:1080:7)
2026-09-27T12:46:22.0346492Z #3      tapMacroField (file:///home/runner/work/AYG/AYG/test/macro_nutrition_test_helpers.dart:91:16)
2026-09-27T12:46:22.0347435Z #4      main.<anonymous closure>.<anonymous closure> (file:///home/runner/work/AYG/AYG/test/macro_nutrition_auto_fill_widget_test.dart:109:13)
2026-09-27T12:46:22.0348058Z <asynchronous suspension>
2026-09-27T12:46:22.0348776Z #5      testWidgets.<anonymous closure>.<anonymous closure> (package:flutter_test/src/widget_tester.dart:192:15)
2026-09-27T12:46:22.0349298Z <asynchronous suspension>
2026-09-27T12:46:22.0349723Z #6      TestWidgetsFlutterBinding._runTestBody (package:flutter_test/src/binding.dart:1953:5)
2026-09-27T12:46:22.0350184Z <asynchronous suspension>
2026-09-27T12:46:22.0350737Z #7      StackZoneSpecification._registerCallback.<anonymous closure> (package:stack_trace/src/stack_zone_specification.dart:114:42)
2026-09-27T12:46:22.0351339Z <asynchronous suspension>
2026-09-27T12:46:22.0351660Z To silence this warning, pass "warnIfMissed: false" to "tap()".
2026-09-27T12:46:22.0352170Z To make this warning fatal, set WidgetController.hitTestWarningShouldBeFatal to true.
2026-09-27T12:46:22.0352525Z 
2026-09-27T12:46:22.0352922Z ##[endgroup]
2026-09-27T12:46:22.2871588Z ##[group]✅ Passing tests
2026-09-27T12:46:22.2880047Z ✅ /home/runner/work/AYG/AYG/test/macro_nutrition_auto_fill_widget_test.dart: FoodFormScreen macro auto-fill deleting field clears stale auto and recalculates
2026-09-27T12:46:22.4536132Z ✅ /home/runner/work/AYG/AYG/test/open_food_facts_service_test.dart: OpenFoodFactsService.parseProductResponse parses available fields from v3 response
2026-09-27T12:46:22.4585048Z ✅ /home/runner/work/AYG/AYG/test/open_food_facts_service_test.dart: OpenFoodFactsService.parseProductResponse returns null when product is missing
2026-09-27T12:46:22.4612462Z ✅ /home/runner/work/AYG/AYG/test/open_food_facts_service_test.dart: OpenFoodFactsService.parseProductResponse leaves missing nutrients as null
2026-09-27T12:46:22.4668844Z ✅ /home/runner/work/AYG/AYG/test/open_food_facts_service_test.dart: OpenFoodFactsService configuration returns configurationError when User-Agent contains placeholder
2026-09-27T12:46:22.4708799Z ✅ /home/runner/work/AYG/AYG/test/open_food_facts_service_test.dart: OpenFoodFactsService configuration reports contact as not configured without dart-define
2026-09-27T12:46:22.4898113Z ✅ /home/runner/work/AYG/AYG/test/macro_nutrition_auto_fill_widget_test.dart: FoodFormScreen macro auto-fill partial decimal 12. does not auto-fill
2026-09-27T12:46:22.7303053Z ✅ /home/runner/work/AYG/AYG/test/macro_nutrition_auto_fill_widget_test.dart: FoodFormScreen macro auto-fill zero is valid for auto calculation
2026-09-27T12:46:22.8841485Z ✅ /home/runner/work/AYG/AYG/test/macro_nutrition_auto_fill_widget_test.dart: SavedFoodFormScreen macro auto-fill case1: P F C -> kcal 165
2026-09-27T12:46:23.0880026Z ✅ /home/runner/work/AYG/AYG/test/macro_nutrition_auto_fill_widget_test.dart: SavedFoodFormScreen macro auto-fill case2: kcal F C -> P 12.0
2026-09-27T12:46:23.1448965Z ✅ /home/runner/work/AYG/AYG/test/source_food_edit_policy_test.dart: SourceFoodEditPolicy quantity-only change does not affect source food
2026-09-27T12:46:23.1481347Z ✅ /home/runner/work/AYG/AYG/test/source_food_edit_policy_test.dart: SourceFoodEditPolicy kcal per base change affects source food
2026-09-27T12:46:23.1539400Z ✅ /home/runner/work/AYG/AYG/test/source_food_edit_policy_test.dart: Alcohol edit recalculation 20mL to 500mL recalculates when total calories not manual
2026-09-27T12:46:23.1564529Z ✅ /home/runner/work/AYG/AYG/test/source_food_edit_policy_test.dart: Alcohol edit recalculation stale manual total is ignored when not manually edited flag
2026-09-27T12:46:23.2544916Z ✅ /home/runner/work/AYG/AYG/test/macro_nutrition_auto_fill_widget_test.dart: SavedFoodFormScreen macro auto-fill case3: kcal P C -> F 4.4
2026-09-27T12:46:23.4945340Z ✅ /home/runner/work/AYG/AYG/test/macro_nutrition_auto_fill_widget_test.dart: SavedFoodFormScreen macro auto-fill case4: kcal P F -> C 12.0
2026-09-27T12:46:23.9314576Z ##[endgroup]
2026-09-27T12:46:23.9315919Z ##[group]⏭️ Skipped tests
2026-09-27T12:46:23.9317938Z ⏭️ /home/runner/work/AYG/AYG/test/supabase_alcohol_entry_integration_test.dart: alcohol_entries integration CRUD with RLS isolation (skipped)
2026-09-27T12:46:23.9319130Z Local Supabase not available at http://127.0.0.1:54321
2026-09-27T12:46:23.9369744Z ⏭️ /home/runner/work/AYG/AYG/test/supabase_alcohol_entry_integration_test.dart: alcohol_entries integration AppController deleteAlcohol deletes locally and remotely without resurrection (skipped)
2026-09-27T12:46:23.9371751Z Local Supabase not available at http://127.0.0.1:54321
2026-09-27T12:46:23.9403851Z ⏭️ /home/runner/work/AYG/AYG/test/supabase_alcohol_entry_integration_test.dart: alcohol_entries integration AppController deleteAlcohol keeps local entry when remote delete finds no row (skipped)
2026-09-27T12:46:23.9405536Z Local Supabase not available at http://127.0.0.1:54321
2026-09-27T12:46:24.0532400Z ##[endgroup]
2026-09-27T12:46:24.0533787Z ##[group]✅ Passing tests
2026-09-27T12:46:24.0535452Z ✅ /home/runner/work/AYG/AYG/test/macro_nutrition_consistency_policy_test.dart: MacroNutritionConsistencyPolicy manual uses manual mode
2026-09-27T12:46:24.0571807Z ✅ /home/runner/work/AYG/AYG/test/macro_nutrition_consistency_policy_test.dart: MacroNutritionConsistencyPolicy openFoodFacts uses preserveExternal mode
2026-09-27T12:46:24.0587200Z ✅ /home/runner/work/AYG/AYG/test/macro_nutrition_consistency_policy_test.dart: MacroNutritionConsistencyPolicy savedFood and template use preserveExternal mode
2026-09-27T12:46:24.0614677Z ✅ /home/runner/work/AYG/AYG/test/macro_nutrition_consistency_policy_test.dart: MacroNutritionConsistencyPolicy resolveSaveSourceType keeps source when not edited
2026-09-27T12:46:24.0640661Z ✅ /home/runner/work/AYG/AYG/test/macro_nutrition_consistency_policy_test.dart: MacroNutritionConsistencyPolicy resolveSaveSourceType switches to manual when edited
2026-09-27T12:46:24.9747031Z ✅ /home/runner/work/AYG/AYG/test/nutrition_format_test.dart: normalizeEan13Barcode returns 13-digit code when input is valid EAN-13
2026-09-27T12:46:24.9775670Z ✅ /home/runner/work/AYG/AYG/test/nutrition_format_test.dart: normalizeEan13Barcode strips non-digit characters
2026-09-27T12:46:24.9799215Z ✅ /home/runner/work/AYG/AYG/test/nutrition_format_test.dart: normalizeEan13Barcode accepts UPC-A and EAN-8 as well as EAN-13
2026-09-27T12:46:24.9821923Z ✅ /home/runner/work/AYG/AYG/test/nutrition_format_test.dart: normalizeEan13Barcode returns null for non-barcode input
2026-09-27T12:46:24.9843963Z ✅ /home/runner/work/AYG/AYG/test/nutrition_format_test.dart: formatNullableNutrient returns -- for null
2026-09-27T12:46:24.9868514Z ✅ /home/runner/work/AYG/AYG/test/nutrition_format_test.dart: formatNullableNutrient formats numeric values
2026-09-27T12:46:24.9922458Z ✅ /home/runner/work/AYG/AYG/test/nutrition_format_test.dart: FoodEntry nullable nutrition totals treat null per-unit values as zero
2026-09-27T12:46:24.9944837Z ✅ /home/runner/work/AYG/AYG/test/nutrition_format_test.dart: FoodEntry nullable nutrition totals multiply non-null per-unit values by quantity
2026-09-27T12:46:25.5434580Z ##[endgroup]
2026-09-27T12:46:25.5435685Z ##[group]⏭️ Skipped tests
2026-09-27T12:46:25.5437292Z ⏭️ /home/runner/work/AYG/AYG/test/supabase_migration_live_test.dart: Supabase migration live validation workout_templates migration applies with RLS and grants (skipped)
2026-09-27T12:46:25.5438935Z Local Supabase not available
2026-09-27T12:46:25.5463893Z ⏭️ /home/runner/work/AYG/AYG/test/supabase_migration_live_test.dart: Supabase migration live validation exercise calculation columns migration is idempotent and nullable (skipped)
2026-09-27T12:46:25.5464951Z Local Supabase not available
2026-09-27T12:46:25.5491406Z ⏭️ /home/runner/work/AYG/AYG/test/supabase_migration_live_test.dart: Supabase migration live validation banned public food name function is installed (skipped)
2026-09-27T12:46:25.5493157Z Local Supabase not available
2026-09-27T12:46:25.5516429Z ⏭️ /home/runner/work/AYG/AYG/test/supabase_migration_live_test.dart: Supabase migration live validation subscription event counts are insert-only and reversible (skipped)
2026-09-27T12:46:25.5517242Z Local Supabase not available
2026-09-27T12:46:25.6864099Z ##[endgroup]
2026-09-27T12:46:25.6864791Z ##[group]✅ Passing tests
2026-09-27T12:46:25.6865339Z ✅ /home/runner/work/AYG/AYG/test/widget_test.dart: LoginScreen is shown when unauthenticated
2026-09-27T12:46:25.9264371Z ✅ /home/runner/work/AYG/AYG/test/widget_test.dart: Google login success navigates away from LoginScreen
2026-09-27T12:46:26.0195691Z ✅ /home/runner/work/AYG/AYG/test/widget_test.dart: Google login cancel does not show failure snackbar
2026-09-27T12:46:26.0895036Z ✅ /home/runner/work/AYG/AYG/test/widget_test.dart: Apple login success navigates away from LoginScreen
2026-09-27T12:46:26.1485483Z ✅ /home/runner/work/AYG/AYG/test/widget_test.dart: Apple login cancel does not show failure snackbar
2026-09-27T12:46:26.2517845Z ✅ /home/runner/work/AYG/AYG/test/widget_test.dart: Apple login failure shows snackbar
2026-09-27T12:46:26.3206361Z ✅ /home/runner/work/AYG/AYG/test/widget_test.dart: Google login failure shows snackbar
2026-09-27T12:46:26.7732108Z ✅ /home/runner/work/AYG/AYG/test/widget_test.dart: logout returns to LoginScreen
2026-09-27T12:46:26.7984515Z ✅ /home/runner/work/AYG/AYG/test/web_preview_notice_test.dart: full notice lists web-only gaps
2026-09-27T12:46:26.8271388Z ✅ /home/runner/work/AYG/AYG/test/web_preview_notice_test.dart: compact notice stays on one summary line
2026-09-27T12:46:26.9986840Z ✅ /home/runner/work/AYG/AYG/test/widget_test.dart: MainShell is shown when authenticated and onboarded
2026-09-27T12:46:27.1104682Z ✅ /home/runner/work/AYG/AYG/test/widget_test.dart: HomeScreen shows remaining kcal from NutritionEngine
2026-09-27T12:46:27.2077199Z ✅ /home/runner/work/AYG/AYG/test/widget_test.dart: HomeScreen shows -- for food entries with null nutrients
2026-09-27T12:46:27.5310140Z ✅ /home/runner/work/AYG/AYG/test/app_controller_public_search_test.dart: AppController public search searchPublicSavedFoods returns ranked matches
2026-09-27T12:46:27.5358569Z ✅ /home/runner/work/AYG/AYG/test/app_controller_public_search_test.dart: AppController public search search failure returns empty list without throwing
2026-09-27T12:46:27.5429624Z ✅ /home/runner/work/AYG/AYG/test/app_controller_public_search_test.dart: AppController public search copyPublicFoodToPrivate creates private copy
2026-09-27T12:46:27.5459891Z ✅ /home/runner/work/AYG/AYG/test/app_controller_public_search_test.dart: AppController public search selectSavedFoodForEntry includes version snapshot
2026-09-27T12:46:27.5484149Z ✅ /home/runner/work/AYG/AYG/test/app_controller_public_search_test.dart: AppController public search canEditSavedFood rejects other users food
2026-09-27T12:46:27.8550482Z ✅ /home/runner/work/AYG/AYG/test/history_calendar_markers_test.dart: buildHistoryDayMarkers marks food, exercise, alcohol independently
2026-09-27T12:46:28.1663617Z ✅ /home/runner/work/AYG/AYG/test/app_controller_public_food_moderation_test.dart: AppController public food moderation setPublicFoodGood rejects self rating
2026-09-27T12:46:28.1764815Z ✅ /home/runner/work/AYG/AYG/test/app_controller_public_food_moderation_test.dart: AppController public food moderation setPublicFoodGood and clear rating
2026-09-27T12:46:28.1801492Z ✅ /home/runner/work/AYG/AYG/test/app_controller_public_food_moderation_test.dart: AppController public food moderation setPublicFoodBad switches from good
2026-09-27T12:46:28.1834024Z ✅ /home/runner/work/AYG/AYG/test/app_controller_public_food_moderation_test.dart: AppController public food moderation duplicate in-flight rating rejected
2026-09-27T12:46:28.1871301Z ✅ /home/runner/work/AYG/AYG/test/app_controller_public_food_moderation_test.dart: AppController public food moderation submitPublicFoodReport rejects self report
2026-09-27T12:46:28.1931164Z ✅ /home/runner/work/AYG/AYG/test/app_controller_public_food_moderation_test.dart: AppController public food moderation submitPublicFoodReport rejects duplicate report
2026-09-27T12:46:28.1974826Z ✅ /home/runner/work/AYG/AYG/test/app_controller_public_food_moderation_test.dart: AppController public food moderation getMyPublicFoodReports returns only own reports
2026-09-27T12:46:28.1997689Z ✅ /home/runner/work/AYG/AYG/test/app_controller_public_food_moderation_test.dart: AppController public food moderation block and unblock creator
2026-09-27T12:46:28.2086448Z ✅ /home/runner/work/AYG/AYG/test/app_controller_public_food_moderation_test.dart: AppController public food moderation block self rejected
2026-09-27T12:46:28.7135712Z ✅ /home/runner/work/AYG/AYG/test/macro_label_display_test.dart: macro display labels formatters use formal Japanese macro names
2026-09-27T12:46:28.7812003Z ✅ /home/runner/work/AYG/AYG/test/nutrition_engine_test.dart: calculateBMR male uses Mifflin-St Jeor male formula
2026-09-27T12:46:28.7835140Z ✅ /home/runner/work/AYG/AYG/test/nutrition_engine_test.dart: calculateBMR female uses Mifflin-St Jeor female formula
2026-09-27T12:46:28.7862446Z ✅ /home/runner/work/AYG/AYG/test/nutrition_engine_test.dart: TDEE activity level applies factor to BMR
2026-09-27T12:46:28.7883590Z ✅ /home/runner/work/AYG/AYG/test/nutrition_engine_test.dart: TDEE health uses BMR plus active energy burned
2026-09-27T12:46:28.7920467Z ✅ /home/runner/work/AYG/AYG/test/nutrition_engine_test.dart: calculateTargetCalories lose subtracts daily adjustment
2026-09-27T12:46:28.7941724Z ✅ /home/runner/work/AYG/AYG/test/nutrition_engine_test.dart: calculateTargetCalories gain adds daily adjustment
2026-09-27T12:46:28.7964354Z ✅ /home/runner/work/AYG/AYG/test/nutrition_engine_test.dart: calculateTargetCalories maintain equals TDEE
2026-09-27T12:46:28.7984799Z ✅ /home/runner/work/AYG/AYG/test/nutrition_engine_test.dart: calculateTargetCalories past target date returns TDEE
2026-09-27T12:46:28.8010193Z ✅ /home/runner/work/AYG/AYG/test/nutrition_engine_test.dart: calculateDailyAdjustment uses 7200 kcal per kg over remaining days
2026-09-27T12:46:28.8048882Z ✅ /home/runner/work/AYG/AYG/test/nutrition_engine_test.dart: calculateTargetMacros lose uses ISSN-based protein and AMDR fat ratio
2026-09-27T12:46:28.8069138Z ✅ /home/runner/work/AYG/AYG/test/nutrition_engine_test.dart: calculateRemainingCalories remaining equals target minus food plus exercise
2026-09-27T12:46:28.8140360Z ✅ /home/runner/work/AYG/AYG/test/nutrition_engine_test.dart: calculateDailySummary health integration does not add active energy to food target
2026-09-27T12:46:28.8188908Z ✅ /home/runner/work/AYG/AYG/test/nutrition_engine_test.dart: calculateDailySummary activity level integration uses activity factor
2026-09-27T12:46:28.8224195Z ✅ /home/runner/work/AYG/AYG/test/nutrition_engine_test.dart: calculateDailySummary ignores entries outside reference local day
2026-09-27T12:46:28.8253936Z ✅ /home/runner/work/AYG/AYG/test/nutrition_engine_test.dart: calculateDailySummary adds alcohol total_calories only to intake kcal
2026-09-27T12:46:28.8278024Z ✅ /home/runner/work/AYG/AYG/test/nutrition_engine_test.dart: calculateDailySummary unchanged when alcohol entries empty
2026-09-27T12:46:29.6205577Z ✅ /home/runner/work/AYG/AYG/test/saved_food_publish_test.dart: SavedFoodPublishValidator accepts valid private manual food
2026-09-27T12:46:29.6328811Z ✅ /home/runner/work/AYG/AYG/test/saved_food_publish_test.dart: SavedFoodPublishValidator rejects missing macros
2026-09-27T12:46:29.6455402Z ✅ /home/runner/work/AYG/AYG/test/saved_food_publish_test.dart: SavedFoodPublishValidator rejects inconsistent manual macros
2026-09-27T12:46:29.6519987Z ✅ /home/runner/work/AYG/AYG/test/saved_food_publish_test.dart: PublicFoodSimilarService detects same name different amount
2026-09-27T12:46:29.6557937Z ✅ /home/runner/work/AYG/AYG/test/saved_food_publish_test.dart: PublicFoodSimilarService ignores exact duplicate
2026-09-27T12:46:29.6583705Z ✅ /home/runner/work/AYG/AYG/test/saved_food_publish_test.dart: PublishErrorMessages maps duplicate to user message
2026-09-27T12:46:29.6610367Z ✅ /home/runner/work/AYG/AYG/test/saved_food_publish_test.dart: PublishErrorMessages maps rate limits
2026-09-27T12:46:29.6733243Z ✅ /home/runner/work/AYG/AYG/test/macro_label_display_test.dart: macro display labels home shows formal macro labels
2026-09-27T12:46:29.8370952Z ✅ /home/runner/work/AYG/AYG/test/macro_label_display_test.dart: macro display labels food history shows formal macro labels
2026-09-27T12:46:29.8915233Z ✅ /home/runner/work/AYG/AYG/test/macro_label_display_test.dart: macro display labels public food match card shows formal macro labels
2026-09-27T12:46:30.2382058Z ✅ /home/runner/work/AYG/AYG/test/macro_label_display_test.dart: macro display labels quantity sheet shows formal macro labels
2026-09-27T12:46:30.3498014Z ✅ /home/runner/work/AYG/AYG/test/macro_label_display_test.dart: macro display labels publish confirmation shows formal macro labels
2026-09-27T12:46:30.3783173Z ##[endgroup]
2026-09-27T12:46:30.3784666Z ##[group]⏭️ Skipped tests
2026-09-27T12:46:30.3795480Z ⏭️ /home/runner/work/AYG/AYG/test/supabase_food_entry_delete_integration_test.dart: Supabase food entry delete integration deleteFoodEntry removes own row from Supabase (skipped)
2026-09-27T12:46:30.3797774Z Local Supabase not available at http://127.0.0.1:54321
2026-09-27T12:46:30.3819175Z ⏭️ /home/runner/work/AYG/AYG/test/supabase_food_entry_delete_integration_test.dart: Supabase food entry delete integration deleteFoodEntry throws when row is missing (skipped)
2026-09-27T12:46:30.3820887Z Local Supabase not available at http://127.0.0.1:54321
2026-09-27T12:46:30.3859334Z ⏭️ /home/runner/work/AYG/AYG/test/supabase_food_entry_delete_integration_test.dart: Supabase food entry delete integration deleteFoodEntry throws for other users row (RLS) (skipped)
2026-09-27T12:46:30.3860925Z Local Supabase not available at http://127.0.0.1:54321
2026-09-27T12:46:30.3926666Z ##[endgroup]
2026-09-27T12:46:30.3944946Z ##[group]✅ Passing tests
2026-09-27T12:46:30.3946879Z ✅ /home/runner/work/AYG/AYG/test/macro_label_display_test.dart: macro display labels compact macro display does not overflow on narrow width
2026-09-27T12:46:30.3948381Z ##[endgroup]
2026-09-27T12:46:30.3953389Z ##[group]⏭️ Skipped tests
2026-09-27T12:46:30.3955316Z ⏭️ /home/runner/work/AYG/AYG/test/supabase_food_entry_delete_integration_test.dart: Supabase food entry delete integration AppController.deleteFood with Supabase deletes locally and stays deleted after remote pull (skipped)
2026-09-27T12:46:30.3957186Z Local Supabase not available at http://127.0.0.1:54321
2026-09-27T12:46:30.3983072Z ⏭️ /home/runner/work/AYG/AYG/test/supabase_food_entry_delete_integration_test.dart: Supabase food entry delete integration AppController.deleteFood with Supabase keeps local entry when remote delete finds no row (skipped)
2026-09-27T12:46:30.3986090Z Local Supabase not available at http://127.0.0.1:54321
2026-09-27T12:46:30.3992992Z ##[endgroup]
2026-09-27T12:46:30.3993880Z ##[group]✅ Passing tests
2026-09-27T12:46:30.3995726Z ✅ /home/runner/work/AYG/AYG/test/macro_label_display_test.dart: macro display labels nutrition engine totals are unchanged after label update
2026-09-27T12:46:30.9952540Z ✅ /home/runner/work/AYG/AYG/test/macro_nutrition_shared_usage_test.dart: Food form uses shared macro nutrition widgets and service
2026-09-27T12:46:32.2930942Z ✅ /home/runner/work/AYG/AYG/test/public_food_meal_add_flow_test.dart: PublicFoodMealAddFlow opens quantity sheet when baseServingDefined is true
2026-09-27T12:46:32.4001393Z ✅ /home/runner/work/AYG/AYG/test/public_food_meal_add_flow_test.dart: PublicFoodMealAddFlow shows blocked dialog when serving is undefined
2026-09-27T12:46:32.5979837Z ✅ /home/runner/work/AYG/AYG/test/public_food_meal_add_flow_test.dart: PublicFoodMealAddFlow detail sheet closes before opening quantity sheet
2026-09-27T12:46:32.7407618Z ✅ /home/runner/work/AYG/AYG/test/public_food_meal_add_flow_test.dart: PublicFoodMealAddFlow detail sheet returns food for blocked serving dialog flow
2026-09-27T12:46:32.9207884Z ✅ /home/runner/work/AYG/AYG/test/public_food_meal_add_flow_test.dart: PublicFoodMealAddFlow quantity change scales nutrients proportionally
2026-09-27T12:46:32.9740913Z ✅ /home/runner/work/AYG/AYG/test/public_food_meal_add_flow_test.dart: PublicFoodMealAddFlow addMealEntryFromSavedFoodMaster creates one entry from public food
2026-09-27T12:46:33.0792676Z ✅ /home/runner/work/AYG/AYG/test/exercise_met_calculation_section_test.dart: ExerciseMetCalculationSection strength training offers light moderate hard intensities
2026-09-27T12:46:33.2029454Z ✅ /home/runner/work/AYG/AYG/test/exercise_met_calculation_section_test.dart: ExerciseMetCalculationSection edit open alone does not change saved calculation values
2026-09-27T12:46:33.4357582Z ✅ /home/runner/work/AYG/AYG/test/exercise_met_calculation_section_test.dart: ExerciseMetCalculationSection changing duration or activity does not update values until recalculate
2026-09-27T12:46:33.7497743Z ✅ /home/runner/work/AYG/AYG/test/exercise_met_calculation_section_test.dart: ExerciseMetCalculationSection recalculate button updates gross net weight and version
2026-09-27T12:46:34.0958181Z ✅ /home/runner/work/AYG/AYG/test/exercise_met_calculation_section_test.dart: ExerciseMetCalculationSection manual override uses net kcal field
2026-09-27T12:46:34.4955142Z ✅ /home/runner/work/AYG/AYG/test/exercise_met_calculation_section_test.dart: ExerciseMetCalculationSection manual override OFF returns to automatic estimate
2026-09-27T12:46:34.6301242Z ✅ /home/runner/work/AYG/AYG/test/exercise_met_calculation_section_test.dart: ExerciseMetCalculationSection shows reason when no weight is available
2026-09-27T12:46:34.7905093Z ✅ /home/runner/work/AYG/AYG/test/exercise_met_calculation_section_test.dart: ExerciseMetCalculationSection does not reference future weight entries
2026-09-27T12:46:34.9240168Z ✅ /home/runner/work/AYG/AYG/test/exercise_met_calculation_section_test.dart: ExerciseMetCalculationSection other category offers light moderate hard intensities
2026-09-27T12:46:35.0014993Z ✅ /home/runner/work/AYG/AYG/test/publish_saved_food_confirmation_widget_test.dart: PublishSavedFoodConfirmationScreen publish button disabled until confirmation checked
2026-09-27T12:46:35.0405626Z ✅ /home/runner/work/AYG/AYG/test/exercise_met_calculation_section_test.dart: ExerciseMetCalculationSection daily activity warns that PAL already includes housework
2026-09-27T12:46:35.1109894Z ✅ /home/runner/work/AYG/AYG/test/publish_saved_food_confirmation_widget_test.dart: PublishSavedFoodConfirmationScreen duplicate blocks publish button
2026-09-27T12:46:35.1705241Z ✅ /home/runner/work/AYG/AYG/test/exercise_met_calculation_section_test.dart: ExerciseMetCalculationSection yoga does not show housework PAL warning
2026-09-27T12:46:35.2760186Z ✅ /home/runner/work/AYG/AYG/test/publish_saved_food_confirmation_widget_test.dart: PublishSavedFoodConfirmationScreen similar foods still allow publish after confirmation
2026-09-27T12:46:35.3924609Z ✅ /home/runner/work/AYG/AYG/test/exercise_met_calculation_section_test.dart: ExerciseMetCalculationSection walk commute choice zeros extra calories
2026-09-27T12:46:35.5005453Z ✅ /home/runner/work/AYG/AYG/test/exercise_met_calculation_section_test.dart: ExerciseMetCalculationSection main surface shows net only without gross or MET
2026-09-27T12:46:35.6076336Z ✅ /home/runner/work/AYG/AYG/test/exercise_met_calculation_section_test.dart: ExerciseMetCalculationSection selecting an activity fills the display name
2026-09-27T12:46:35.6291954Z ✅ /home/runner/work/AYG/AYG/test/publish_saved_food_confirmation_widget_test.dart: PublishSavedFoodConfirmationScreen RPC failure shows user message and keeps retry enabled
2026-09-27T12:46:35.9064370Z ✅ /home/runner/work/AYG/AYG/test/exercise_met_calculation_section_test.dart: ExerciseFormScreen MET edit persistence input changes do not persist exercise entry until save
2026-09-27T12:46:36.0866067Z ✅ /home/runner/work/AYG/AYG/test/exercise_met_calculation_section_test.dart: ExerciseFormScreen MET edit persistence add form hides template shortcuts and required gross kcal
2026-09-27T12:46:36.3480800Z ✅ /home/runner/work/AYG/AYG/test/macro_nutrition_input_controller_test.dart: MacroNutritionInputController manual mode initializeFromNullable does not auto-calculate missing field
2026-09-27T12:46:36.3666293Z ✅ /home/runner/work/AYG/AYG/test/macro_nutrition_input_controller_test.dart: MacroNutritionInputController manual mode auto-fills missing field when three values are valid
2026-09-27T12:46:36.3692281Z ✅ /home/runner/work/AYG/AYG/test/macro_nutrition_input_controller_test.dart: MacroNutritionInputController manual mode does not calculate with partial decimal input
2026-09-27T12:46:36.3733346Z ✅ /home/runner/work/AYG/AYG/test/macro_nutrition_input_controller_test.dart: MacroNutritionInputController manual mode does not auto-fill when result would be negative
2026-09-27T12:46:36.3770636Z ✅ /home/runner/work/AYG/AYG/test/exercise_met_calculation_section_test.dart: ExerciseFormScreen MET edit persistence strength category shows multi exercise set editor
2026-09-27T12:46:36.3773359Z ✅ /home/runner/work/AYG/AYG/test/macro_nutrition_input_controller_test.dart: MacroNutritionInputController manual mode reconciles oldest manual field when all four fields are valid
2026-09-27T12:46:36.3806328Z ✅ /home/runner/work/AYG/AYG/test/macro_nutrition_input_controller_test.dart: MacroNutritionInputController manual mode keeps manually edited auto field and recalculates another field
2026-09-27T12:46:36.3828855Z ✅ /home/runner/work/AYG/AYG/test/macro_nutrition_input_controller_test.dart: MacroNutritionInputController manual mode prepareForSave enforces consistency
2026-09-27T12:46:36.3851407Z ✅ /home/runner/work/AYG/AYG/test/macro_nutrition_input_controller_test.dart: MacroNutritionInputController manual mode setImeComposing delays calculation until composition ends
2026-09-27T12:46:36.3874238Z ✅ /home/runner/work/AYG/AYG/test/macro_nutrition_input_controller_test.dart: MacroNutritionInputController manual mode composing range on one keystroke does not block later calculations
2026-09-27T12:46:36.3894103Z ✅ /home/runner/work/AYG/AYG/test/macro_nutrition_input_controller_test.dart: MacroNutritionInputController manual mode auto-fills kcal even when empty kcal field was focused
2026-09-27T12:46:36.3919005Z ✅ /home/runner/work/AYG/AYG/test/macro_nutrition_input_controller_test.dart: MacroNutritionInputController manual mode auto-calculates protein from kcal fat carb
2026-09-27T12:46:36.3940147Z ✅ /home/runner/work/AYG/AYG/test/macro_nutrition_input_controller_test.dart: MacroNutritionInputController manual mode auto-calculates fat from kcal protein carb
2026-09-27T12:46:36.4004079Z ✅ /home/runner/work/AYG/AYG/test/macro_nutrition_input_controller_test.dart: MacroNutritionInputController manual mode auto-calculates carb from kcal protein fat
2026-09-27T12:46:36.4046992Z ✅ /home/runner/work/AYG/AYG/test/macro_nutrition_input_controller_test.dart: MacroNutritionInputController manual mode does not auto-fill with only two values
2026-09-27T12:46:36.4068769Z ✅ /home/runner/work/AYG/AYG/test/macro_nutrition_input_controller_test.dart: MacroNutritionInputController manual mode zero is treated as valid input
2026-09-27T12:46:36.4091096Z ✅ /home/runner/work/AYG/AYG/test/macro_nutrition_input_controller_test.dart: MacroNutritionInputController manual mode clearing manual field removes stale auto value
2026-09-27T12:46:36.4113902Z ✅ /home/runner/work/AYG/AYG/test/macro_nutrition_input_controller_test.dart: MacroNutritionInputController manual mode parseOptional returns null for empty field
2026-09-27T12:46:36.4143571Z ✅ /home/runner/work/AYG/AYG/test/macro_nutrition_input_controller_test.dart: MacroNutritionInputController external mode applyExternalValues preserves OFF kcal without recalculation
2026-09-27T12:46:36.4163334Z ✅ /home/runner/work/AYG/AYG/test/macro_nutrition_input_controller_test.dart: MacroNutritionInputController external mode external mode allows save despite mismatch
2026-09-27T12:46:36.4185606Z ✅ /home/runner/work/AYG/AYG/test/macro_nutrition_input_controller_test.dart: MacroNutritionInputController external mode editing external value switches to manual mode
2026-09-27T12:46:36.4207687Z ✅ /home/runner/work/AYG/AYG/test/macro_nutrition_input_controller_test.dart: MacroNutritionInputController external mode copied entry loads without auto calculation
2026-09-27T12:46:37.0348243Z ✅ /home/runner/work/AYG/AYG/test/energy_target_calculation_service_test.dart: EnergyTargetCalculationService maintenance uses REE times lifestyle factor only
2026-09-27T12:46:37.0381736Z ✅ /home/runner/work/AYG/AYG/test/energy_target_calculation_service_test.dart: EnergyTargetCalculationService lose applies paced adjustment
2026-09-27T12:46:37.0410357Z ✅ /home/runner/work/AYG/AYG/test/energy_target_calculation_service_test.dart: EnergyTargetCalculationService gender other is unavailable without arbitrary coefficient
2026-09-27T12:46:37.0433863Z ✅ /home/runner/work/AYG/AYG/test/energy_target_calculation_service_test.dart: EnergyTargetCalculationService under 18 is unavailable
2026-09-27T12:46:37.3891162Z ✅ /home/runner/work/AYG/AYG/test/isar_repository_test.dart: Isar persistence UserRepository saves and loads profile and goal
2026-09-27T12:46:37.4166008Z ✅ /home/runner/work/AYG/AYG/test/isar_repository_test.dart: Isar persistence SettingsRepository saves nutrition settings and health snapshot
2026-09-27T12:46:37.4543982Z ✅ /home/runner/work/AYG/AYG/test/isar_repository_test.dart: Isar persistence FoodRepository and ExerciseRepository persist entries
2026-09-27T12:46:37.4847855Z ✅ /home/runner/work/AYG/AYG/test/isar_repository_test.dart: Isar persistence AlcoholRepository persists alcohol entries
2026-09-27T12:46:37.5010679Z ✅ /home/runner/work/AYG/AYG/test/isar_repository_test.dart: Isar persistence AlcoholRepository delete throws when entry missing
2026-09-27T12:46:37.5177814Z ✅ /home/runner/work/AYG/AYG/test/isar_repository_test.dart: Isar persistence WeightRepository persists weight entries
2026-09-27T12:46:37.5558998Z ✅ /home/runner/work/AYG/AYG/test/isar_repository_test.dart: AppController persistence loadPersistedState restores saved data
2026-09-27T12:46:37.8557350Z ✅ /home/runner/work/AYG/AYG/test/meal_template_owner_migration_test.dart: Meal template owner migration regression reassignOwnerUserId preserves template and items
2026-09-27T12:46:37.8844473Z ✅ /home/runner/work/AYG/AYG/test/meal_template_owner_migration_test.dart: Meal template owner migration regression clearForOwner removes only matching owner templates
2026-09-27T12:46:38.2314796Z ✅ /home/runner/work/AYG/AYG/test/food_master_row_mapper_test.dart: FoodMasterRowMapper.savedFood round trip preserves core fields
2026-09-27T12:46:38.2358527Z ✅ /home/runner/work/AYG/AYG/test/food_master_row_mapper_test.dart: FoodMasterRowMapper.savedFood round trip preserves serving_unit_label for web mapper
2026-09-27T12:46:38.2379787Z ✅ /home/runner/work/AYG/AYG/test/food_master_row_mapper_test.dart: FoodMasterRowMapper.savedFood round trip preserves version
2026-09-27T12:46:38.2416514Z ✅ /home/runner/work/AYG/AYG/test/food_master_row_mapper_test.dart: FoodMasterRowMapper.savedFood reads owner_deleted and does not let the client overwrite it
2026-09-27T12:46:38.2477631Z ✅ /home/runner/work/AYG/AYG/test/food_master_row_mapper_test.dart: FoodMasterRowMapper.foodEntry legacy row uses quantity fallback
2026-09-27T12:46:38.2523332Z ✅ /home/runner/work/AYG/AYG/test/food_master_row_mapper_test.dart: FoodMasterRowMapper.foodEntry new row round trip keeps consumption model and legacy quantity
2026-09-27T12:46:38.2586188Z ✅ /home/runner/work/AYG/AYG/test/food_master_row_mapper_test.dart: FoodMasterRowMapper.mealTemplate item round trip preserves snapshot and sort order
2026-09-27T12:46:38.2610946Z ✅ /home/runner/work/AYG/AYG/test/food_master_row_mapper_test.dart: FoodMasterRowMapper.alcoholEntry round trip preserves alcohol fields
2026-09-27T12:46:38.2657692Z ✅ /home/runner/work/AYG/AYG/test/food_master_row_mapper_test.dart: FoodMasterRowMapper.ratings and reports rating summary and report parse
2026-09-27T12:46:38.6029349Z ✅ /home/runner/work/AYG/AYG/test/app_controller_publish_test.dart: AppController publish checkPublicDuplicate returns match
2026-09-27T12:46:38.8265266Z ✅ /home/runner/work/AYG/AYG/test/subscription_entitlement_test.dart: plus stays active only while the latest expiry is in the future
2026-09-27T12:46:38.8325196Z ✅ /home/runner/work/AYG/AYG/test/subscription_entitlement_test.dart: a revocation date blocks the transaction
2026-09-27T12:46:38.8354076Z ✅ /home/runner/work/AYG/AYG/test/subscription_entitlement_test.dart: a missing expiry does not keep a product active
2026-09-27T12:46:38.8379598Z ✅ /home/runner/work/AYG/AYG/test/subscription_entitlement_test.dart: replaceAll drops products the store no longer returns
2026-09-27T12:46:38.8405646Z ✅ /home/runner/work/AYG/AYG/test/subscription_entitlement_test.dart: unknown products and unparsable expiry are ignored
2026-09-27T12:46:38.8435918Z ✅ /home/runner/work/AYG/AYG/test/subscription_entitlement_test.dart: period labels come from the store period or the product id
2026-09-27T12:46:38.8567888Z ✅ /home/runner/work/AYG/AYG/test/app_controller_publish_test.dart: AppController publish publishSavedFood updates local only after RPC success
2026-09-27T12:46:38.8787752Z ✅ /home/runner/work/AYG/AYG/test/app_controller_publish_test.dart: AppController publish publish failure keeps private local state
2026-09-27T12:46:38.8871404Z ✅ /home/runner/work/AYG/AYG/test/app_controller_publish_test.dart: AppController publish blocks concurrent publish operations
2026-09-27T12:46:39.7075118Z ✅ /home/runner/work/AYG/AYG/test/alcohol_nutrition_calculator_test.dart: AlcoholNutritionCalculator 500ml 5% yields 20g pure alcohol
2026-09-27T12:46:39.7100595Z ✅ /home/runner/work/AYG/AYG/test/alcohol_nutrition_calculator_test.dart: AlcoholNutritionCalculator 20g pure alcohol yields 140 kcal
2026-09-27T12:46:39.7122470Z ✅ /home/runner/work/AYG/AYG/test/alcohol_nutrition_calculator_test.dart: AlcoholNutritionCalculator 350ml 5% yields 14g pure alcohol
2026-09-27T12:46:39.7154299Z ✅ /home/runner/work/AYG/AYG/test/alcohol_nutrition_calculator_test.dart: AlcoholNutritionCalculator decimal alcohol percentage is supported
2026-09-27T12:46:39.7188223Z ✅ /home/runner/work/AYG/AYG/test/alcohol_nutrition_calculator_test.dart: AlcoholNutritionCalculator uses alcohol_calories as total when total_calories omitted
2026-09-27T12:46:39.7211453Z ✅ /home/runner/work/AYG/AYG/test/alcohol_nutrition_calculator_test.dart: AlcoholNutritionCalculator uses provided total_calories without double counting alcohol
2026-09-27T12:46:39.7238278Z ✅ /home/runner/work/AYG/AYG/test/alcohol_nutrition_calculator_test.dart: AlcoholNutritionCalculator recalculates alcohol_calories from manual pure_alcohol_grams
2026-09-27T12:46:39.7261298Z ✅ /home/runner/work/AYG/AYG/test/alcohol_nutrition_calculator_test.dart: isMilliliterUnit normalizes ml variants
2026-09-27T12:46:39.7282013Z ✅ /home/runner/work/AYG/AYG/test/alcohol_nutrition_calculator_test.dart: isMilliliterUnit does not treat non-ml units as ml
2026-09-27T12:46:40.2235309Z ✅ /home/runner/work/AYG/AYG/test/app_empty_state_test.dart: AppEmptyState centers message within available width
2026-09-27T12:46:40.2552130Z ✅ /home/runner/work/AYG/AYG/test/app_empty_state_test.dart: AppEmptyState stays centered at desktop width
2026-09-27T12:46:40.2936660Z ✅ /home/runner/work/AYG/AYG/test/macro_target_calculation_service_test.dart: MacroTargetCalculationService lose without strength uses lower protein g per kg
2026-09-27T12:46:40.2961925Z ✅ /home/runner/work/AYG/AYG/test/macro_target_calculation_service_test.dart: MacroTargetCalculationService strength training increases protein g per kg
2026-09-27T12:46:40.2993497Z ✅ /home/runner/work/AYG/AYG/test/macro_target_calculation_service_test.dart: MacroTargetCalculationService P x 4 + F x 9 + C x 4 matches target within tolerance
2026-09-27T12:46:40.3019852Z ✅ /home/runner/work/AYG/AYG/test/macro_target_calculation_service_test.dart: MacroTargetCalculationService carbs are residual after protein and fat
2026-09-27T12:46:41.7707118Z ✅ /home/runner/work/AYG/AYG/test/home_remaining_kcal_widget_test.dart: RemainingKcalHero shows formatted remaining kcal
2026-09-27T12:46:42.0459120Z ✅ /home/runner/work/AYG/AYG/test/app_keyboard_dismiss_test.dart: shows close and done when the keyboard inset is open
2026-09-27T12:46:42.1311318Z ✅ /home/runner/work/AYG/AYG/test/app_keyboard_dismiss_test.dart: tapping outside a field dismisses focus
2026-09-27T12:46:42.6884447Z ✅ /home/runner/work/AYG/AYG/test/goal_pace_sync_regression_test.dart: GoalPace sync contract push maps maintain to null and lose/gain to slow/standard
2026-09-27T12:46:42.6916187Z ✅ /home/runner/work/AYG/AYG/test/goal_pace_sync_regression_test.dart: GoalPace sync contract pull falls back null and unknown to standard
2026-09-27T12:46:42.6987528Z ✅ /home/runner/work/AYG/AYG/test/goal_pace_sync_regression_test.dart: GoalPace sync contract slow pace raises lose target kcal versus standard
2026-09-27T12:46:42.7010021Z ✅ /home/runner/work/AYG/AYG/test/goal_pace_sync_regression_test.dart: GoalPace sync contract maintain keeps zero pace adjustment
2026-09-27T12:46:42.8726569Z ✅ /home/runner/work/AYG/AYG/test/goal_pace_sync_regression_test.dart: GoalPace local persistence regression Isar save and reload keeps pace
2026-09-27T12:46:42.8923097Z ✅ /home/runner/work/AYG/AYG/test/goal_pace_sync_regression_test.dart: GoalPace local persistence regression logout clear and simulated relogin pull restore pace
2026-09-27T12:46:42.8950339Z ✅ /home/runner/work/AYG/AYG/test/goal_pace_sync_regression_test.dart: GoalPace local persistence regression web reload pull restores pace from remote row
2026-09-27T12:46:42.9077177Z ✅ /home/runner/work/AYG/AYG/test/goal_pace_sync_regression_test.dart: GoalPace local persistence regression legacy null remote pace defaults to standard after reload
2026-09-27T12:46:42.9726233Z ##[endgroup]
2026-09-27T12:46:42.9727436Z ##[group]⏭️ Skipped tests
2026-09-27T12:46:42.9728603Z ⏭️ /home/runner/work/AYG/AYG/test/goal_pace_sync_regression_test.dart: GoalPace Supabase integration push pull round-trip and RLS isolation (skipped)
2026-09-27T12:46:42.9729961Z Local Supabase auth unavailable
2026-09-27T12:46:44.6562708Z ##[endgroup]
2026-09-27T12:46:44.6564148Z ##[group]✅ Passing tests
2026-09-27T12:46:44.6565575Z ✅ /home/runner/work/AYG/AYG/test/food_form_screen_test.dart: FoodFormScreen manual entry reconciles inconsistent values before save
2026-09-27T12:46:44.6628547Z ✅ /home/runner/work/AYG/AYG/test/food_form_screen_test.dart: OFF food entry snapshot preserves OFF kcal and sourceType without nutrition edit
2026-09-27T12:46:44.6698223Z ✅ /home/runner/work/AYG/AYG/test/food_form_screen_test.dart: OFF food entry snapshot switches to manual sourceType after nutrition edit
2026-09-27T12:46:44.6734130Z ✅ /home/runner/work/AYG/AYG/test/food_form_screen_test.dart: OFF food entry snapshot copied savedFood keeps values until edited
2026-09-27T12:46:45.1353646Z ✅ /home/runner/work/AYG/AYG/test/web_food_form_screen_test.dart: shows camera, text input, and manual entry sections
2026-09-27T12:46:45.2969435Z ✅ /home/runner/work/AYG/AYG/test/strength_workout_log_test.dart: StrengthNotesCodec roundtrips multiple exercises and sets with memo
2026-09-27T12:46:45.2996475Z ✅ /home/runner/work/AYG/AYG/test/strength_workout_log_test.dart: StrengthNotesCodec plain memo stays plain memo
2026-09-27T12:46:45.3046874Z ✅ /home/runner/work/AYG/AYG/test/strength_workout_log_test.dart: ExerciseStrengthDetails falls back to legacy sets reps weight
2026-09-27T12:46:45.3789634Z ✅ /home/runner/work/AYG/AYG/test/web_food_form_screen_test.dart: shows fallback message when camera scan is unavailable
2026-09-27T12:46:45.7575644Z ✅ /home/runner/work/AYG/AYG/test/web_food_form_screen_test.dart: keeps manual entry after Open Food Facts failure
2026-09-27T12:46:46.0099278Z ✅ /home/runner/work/AYG/AYG/test/saved_food_version_policy_test.dart: SavedFoodVersionPolicy initial version is 1
2026-09-27T12:46:46.0147944Z ✅ /home/runner/work/AYG/AYG/test/saved_food_version_policy_test.dart: SavedFoodVersionPolicy detects user-facing changes
2026-09-27T12:46:46.0197898Z ✅ /home/runner/work/AYG/AYG/test/saved_food_version_policy_test.dart: SavedFoodVersionPolicy ignores non user-facing changes
2026-09-27T12:46:46.0228236Z ✅ /home/runner/work/AYG/AYG/test/saved_food_version_policy_test.dart: SavedFoodVersionPolicy bumps version for public food user-facing update
2026-09-27T12:46:46.0254464Z ✅ /home/runner/work/AYG/AYG/test/saved_food_version_policy_test.dart: SavedFoodVersionPolicy does not bump version for private food
2026-09-27T12:46:46.1798464Z ✅ /home/runner/work/AYG/AYG/test/web_food_form_screen_test.dart: preserves OFF kcal when saving without nutrition edits
2026-09-27T12:46:46.7287883Z ✅ /home/runner/work/AYG/AYG/test/food_form_suggestion_test.dart: Food form suggestions ranks foods and templates without mixing owners in service layer
2026-09-27T12:46:46.9245960Z ✅ /home/runner/work/AYG/AYG/test/food_form_suggestion_test.dart: Food form suggestions AppController getFoodFormSuggestions returns only current owner data
2026-09-27T12:46:47.6330493Z ✅ /home/runner/work/AYG/AYG/test/app_startup_routing_test.dart: sync failure shows retry screen not onboarding
2026-09-27T12:46:47.6754314Z ✅ /home/runner/work/AYG/AYG/test/app_startup_routing_test.dart: authenticated user with incomplete sync does not show login
2026-09-27T12:46:48.1971426Z ✅ /home/runner/work/AYG/AYG/test/resilient_auth_local_storage_test.dart: ResilientAuthLocalStorage falls back to memory when delegate fails
2026-09-27T12:46:49.0464952Z ✅ /home/runner/work/AYG/AYG/test/legal_document_screen_test.dart: settings opens terms in a full-screen sheet with close
2026-09-27T12:46:49.1267804Z ✅ /home/runner/work/AYG/AYG/test/meal_template_repository_test.dart: MealTemplateRepository saves template with ordered items and snapshots
2026-09-27T12:46:49.1448918Z ✅ /home/runner/work/AYG/AYG/test/meal_template_repository_test.dart: MealTemplateRepository reads items without saved food reference
2026-09-27T12:46:49.1715795Z ✅ /home/runner/work/AYG/AYG/test/meal_template_repository_test.dart: MealTemplateRepository search and softDelete
2026-09-27T12:46:49.1925560Z ✅ /home/runner/work/AYG/AYG/test/meal_template_repository_test.dart: MealTemplateRepository clearAll removes templates and items
2026-09-27T12:46:49.3282999Z ✅ /home/runner/work/AYG/AYG/test/legal_document_screen_test.dart: legal document screen renders privacy from assets
2026-09-27T12:46:49.3891032Z ✅ /home/runner/work/AYG/AYG/test/legal_document_screen_test.dart: tokushoho screen renders from assets
2026-09-27T12:46:49.4890773Z ✅ /home/runner/work/AYG/AYG/test/legal_document_screen_test.dart: account deletion screen renders in-app steps from assets
2026-09-27T12:46:50.0427671Z ✅ /home/runner/work/AYG/AYG/test/meal_template_services_test.dart: MealTemplateTotalsService 100g -> 150g scales totals
2026-09-27T12:46:50.0429768Z ✅ /home/runner/work/AYG/AYG/test/entry_delete_restore_sync_test.dart: Entry delete and restore sync exercise delete removes remote before local and survives pull
2026-09-27T12:46:50.0460025Z ✅ /home/runner/work/AYG/AYG/test/meal_template_services_test.dart: MealTemplateApplyService buildEntries assigns distinct entry ids from generator
2026-09-27T12:46:50.0500750Z ✅ /home/runner/work/AYG/AYG/test/meal_template_services_test.dart: MealTemplateApplyService buildEntries shares mealGroupId and sortOrder
2026-09-27T12:46:50.0532261Z ✅ /home/runner/work/AYG/AYG/test/meal_template_services_test.dart: MealTemplateApplyService resolveItems excludes cancelled template apply
2026-09-27T12:46:50.0766914Z ✅ /home/runner/work/AYG/AYG/test/entry_delete_restore_sync_test.dart: Entry delete and restore sync exercise restore after delete pushes remote and survives pull
2026-09-27T12:46:50.0985602Z ✅ /home/runner/work/AYG/AYG/test/entry_delete_restore_sync_test.dart: Entry delete and restore sync exercise remote delete failure keeps local entry
2026-09-27T12:46:50.1428345Z ✅ /home/runner/work/AYG/AYG/test/entry_delete_restore_sync_test.dart: Entry delete and restore sync weight delete removes remote before local and survives pull
2026-09-27T12:46:50.1904950Z ✅ /home/runner/work/AYG/AYG/test/entry_delete_restore_sync_test.dart: Entry delete and restore sync weight restore after delete pushes remote and survives pull
2026-09-27T12:46:50.2416695Z ✅ /home/runner/work/AYG/AYG/test/entry_delete_restore_sync_test.dart: Entry delete and restore sync weight remote delete failure keeps local entry
2026-09-27T12:46:50.2483916Z ✅ /home/runner/work/AYG/AYG/test/entry_delete_restore_sync_test.dart: Alcohol edit recalculation 20mL to 500mL recalculates derived values when not manual
2026-09-27T12:46:50.2522550Z ✅ /home/runner/work/AYG/AYG/test/entry_delete_restore_sync_test.dart: Alcohol edit recalculation manual total calories are preserved when explicitly provided
2026-09-27T12:46:50.9507505Z ✅ /home/runner/work/AYG/AYG/test/app_controller_daily_summary_test.dart: refreshDailySummary after deletion food delete recalculates today intake and remaining kcal
2026-09-27T12:46:50.9547043Z ✅ /home/runner/work/AYG/AYG/test/app_controller_food_delete_test.dart: AppController.deleteFood remote persistence calls Supabase delete before removing local entry
2026-09-27T12:46:50.9560013Z ✅ /home/runner/work/AYG/AYG/test/app_controller_daily_summary_test.dart: refreshDailySummary after deletion exercise delete reduces remaining kcal
2026-09-27T12:46:50.9592076Z ✅ /home/runner/work/AYG/AYG/test/app_controller_daily_summary_test.dart: refreshDailySummary after deletion last food delete zeroes intake
2026-09-27T12:46:50.9630326Z ✅ /home/runner/work/AYG/AYG/test/app_controller_daily_summary_test.dart: refreshDailySummary after deletion changing goal pace updates target kcal immediately
2026-09-27T12:46:50.9757852Z ✅ /home/runner/work/AYG/AYG/test/app_controller_food_delete_test.dart: AppController.deleteFood remote persistence keeps local entry when remote delete fails
2026-09-27T12:46:51.0149603Z ✅ /home/runner/work/AYG/AYG/test/app_controller_food_delete_test.dart: AppController.deleteFood remote persistence deleted entry does not return after simulated remote pull
2026-09-27T12:46:51.5104387Z ✅ /home/runner/work/AYG/AYG/test/saved_food_search_service_test.dart: SavedFoodSearchService prioritizes exact match over prefix match
2026-09-27T12:46:51.5145567Z ✅ /home/runner/work/AYG/AYG/test/saved_food_search_service_test.dart: SavedFoodSearchService supports Japanese prefix search
2026-09-27T12:46:51.5183342Z ✅ /home/runner/work/AYG/AYG/test/saved_food_search_service_test.dart: SavedFoodSearchService sorts by use count and last used when query is empty
2026-09-27T12:46:51.5854567Z ✅ /home/runner/work/AYG/AYG/test/sync_failure_test.dart: maps table missing to step-specific code
2026-09-27T12:46:51.5917460Z ✅ /home/runner/work/AYG/AYG/test/sync_failure_test.dart: copy text excludes secrets
2026-09-27T12:46:52.1724065Z ✅ /home/runner/work/AYG/AYG/test/apple_token_revocation_test.dart: native Apple sign-in sends only the authorization code
2026-09-27T12:46:52.1790860Z ##[endgroup]
2026-09-27T12:46:52.1792376Z ##[group]✅ /home/runner/work/AYG/AYG/test/apple_token_revocation_test.dart: a failed token store does not fail Apple sign-in
2026-09-27T12:46:52.1794572Z Sign in with Apple refresh token was not stored.
2026-09-27T12:46:52.1795503Z ##[endgroup]
2026-09-27T12:46:52.1818327Z ##[group]✅ Passing tests
2026-09-27T12:46:52.1819703Z ✅ /home/runner/work/AYG/AYG/test/apple_token_revocation_test.dart: sign-in is unchanged when the authorization code is empty
2026-09-27T12:46:52.1849979Z ##[endgroup]
2026-09-27T12:46:52.1851512Z ##[group]✅ /home/runner/work/AYG/AYG/test/apple_token_revocation_test.dart: a store error after sign-in is swallowed by the handoff
2026-09-27T12:46:52.1852685Z Sign in with Apple refresh token was not stored.
2026-09-27T12:46:52.1853809Z ##[endgroup]
2026-09-27T12:46:52.1898053Z ##[group]✅ Passing tests
2026-09-27T12:46:52.1899230Z ✅ /home/runner/work/AYG/AYG/test/apple_token_revocation_test.dart: sign-in failure does not store an authorization code
2026-09-27T12:46:52.1928120Z ✅ /home/runner/work/AYG/AYG/test/apple_token_revocation_test.dart: delete account invokes the edge function
2026-09-27T12:46:52.1949860Z ✅ /home/runner/work/AYG/AYG/test/apple_token_revocation_test.dart: a failed Apple revoke is reported after the account is deleted
2026-09-27T12:46:52.1983820Z ✅ /home/runner/work/AYG/AYG/test/apple_token_revocation_test.dart: a missing delete function is unavailable
2026-09-27T12:46:52.2053378Z ✅ /home/runner/work/AYG/AYG/test/apple_token_revocation_test.dart: delete failures hide the function body
2026-09-27T12:46:52.2168794Z ✅ /home/runner/work/AYG/AYG/test/apple_token_revocation_test.dart: the native sign-in path passes the authorization code
2026-09-27T12:46:52.2233103Z ✅ /home/runner/work/AYG/AYG/test/apple_token_revocation_test.dart: production functions read the four secret names and no key material
2026-09-27T12:46:52.2532014Z ✅ /home/runner/work/AYG/AYG/test/apple_token_revocation_test.dart: the client deletes accounts only through the edge function
2026-09-27T12:46:52.3383896Z ✅ /home/runner/work/AYG/AYG/test/supabase_error_mapper_test.dart: SupabaseErrorMapper maps duplicate publish failure
2026-09-27T12:46:52.3411364Z ✅ /home/runner/work/AYG/AYG/test/supabase_error_mapper_test.dart: SupabaseErrorMapper maps hourly rate limit
2026-09-27T12:46:52.3439076Z ✅ /home/runner/work/AYG/AYG/test/supabase_error_mapper_test.dart: SupabaseErrorMapper maps not authenticated
2026-09-27T12:46:52.3460954Z ✅ /home/runner/work/AYG/AYG/test/supabase_error_mapper_test.dart: SupabaseErrorMapper maps self rating rejection
2026-09-27T12:46:52.3483298Z ✅ /home/runner/work/AYG/AYG/test/supabase_error_mapper_test.dart: SupabaseErrorMapper maps duplicate report conflict
2026-09-27T12:46:52.3504359Z ✅ /home/runner/work/AYG/AYG/test/supabase_error_mapper_test.dart: SupabaseErrorMapper maps permission denied to permission exception
2026-09-27T12:46:52.3531220Z ✅ /home/runner/work/AYG/AYG/test/supabase_error_mapper_test.dart: SupabaseErrorMapper maps missing relation to table missing exception
2026-09-27T12:46:52.3554598Z ✅ /home/runner/work/AYG/AYG/test/supabase_error_mapper_test.dart: SupabaseErrorMapper maps PGRST205 schema cache miss to table missing exception
2026-09-27T12:46:52.7901895Z ✅ /home/runner/work/AYG/AYG/test/public_food_search_service_test.dart: PublicFoodSearchService exact match ranks before prefix and partial
2026-09-27T12:46:52.7928422Z ✅ /home/runner/work/AYG/AYG/test/public_food_search_service_test.dart: PublicFoodSearchService barcode exact match is included
2026-09-27T12:46:52.7964652Z ✅ /home/runner/work/AYG/AYG/test/public_food_search_service_test.dart: PublicFoodSearchService low rating demotes search rank
2026-09-27T12:46:52.7987541Z ✅ /home/runner/work/AYG/AYG/test/public_food_search_service_test.dart: PublicFoodSearchService updatedAt breaks ties
2026-09-27T12:46:52.8884287Z ✅ /home/runner/work/AYG/AYG/test/saved_food_persistence_error_test.dart: SavedFoodPersistenceException maps foreign key violation to userProfileRequired
2026-09-27T12:46:52.8921830Z ✅ /home/runner/work/AYG/AYG/test/saved_food_persistence_error_test.dart: SavedFoodPersistenceException maps RLS denial to permissionDenied
2026-09-27T12:46:53.6073411Z ✅ /home/runner/work/AYG/AYG/test/nutrition_value_calculator_test.dart: parse empty vs zero
2026-09-27T12:46:53.6096913Z ✅ /home/runner/work/AYG/AYG/test/nutrition_value_calculator_test.dart: parse partial decimal
2026-09-27T12:46:53.6117955Z ✅ /home/runner/work/AYG/AYG/test/nutrition_value_calculator_test.dart: parse negative is invalid
2026-09-27T12:46:53.6165527Z ✅ /home/runner/work/AYG/AYG/test/nutrition_value_calculator_test.dart: calculateMissing kcal missing
2026-09-27T12:46:53.6185924Z ✅ /home/runner/work/AYG/AYG/test/nutrition_value_calculator_test.dart: calculateMissing protein missing
2026-09-27T12:46:53.6206146Z ✅ /home/runner/work/AYG/AYG/test/nutrition_value_calculator_test.dart: calculateMissing fat missing
2026-09-27T12:46:53.6226807Z ✅ /home/runner/work/AYG/AYG/test/nutrition_value_calculator_test.dart: calculateMissing carb missing
2026-09-27T12:46:53.6247973Z ✅ /home/runner/work/AYG/AYG/test/nutrition_value_calculator_test.dart: calculateMissing two or fewer valid fields returns null
2026-09-27T12:46:53.6268168Z ✅ /home/runner/work/AYG/AYG/test/nutrition_value_calculator_test.dart: calculateMissing negative result
2026-09-27T12:46:53.6289496Z ✅ /home/runner/work/AYG/AYG/test/nutrition_value_calculator_test.dart: calculateMissing rounds macros to one decimal
2026-09-27T12:46:53.6310314Z ✅ /home/runner/work/AYG/AYG/test/nutrition_value_calculator_test.dart: calculateMissing rounds kcal to integer
2026-09-27T12:46:53.6333324Z ✅ /home/runner/work/AYG/AYG/test/nutrition_value_calculator_test.dart: reconcileField recalculates kcal from PFC
2026-09-27T12:46:53.6356242Z ✅ /home/runner/work/AYG/AYG/test/nutrition_value_calculator_test.dart: isConsistent matches 4/9/4 formula after rounding
2026-09-27T12:46:53.6377359Z ✅ /home/runner/work/AYG/AYG/test/nutrition_value_calculator_test.dart: isConsistent rejects inconsistent values
2026-09-27T12:46:53.6395801Z ✅ /home/runner/work/AYG/AYG/test/nutrition_value_calculator_test.dart: hasExternalCalorieMismatch detects OFF-style mismatch
2026-09-27T12:46:53.6427066Z ✅ /home/runner/work/AYG/AYG/test/nutrition_value_calculator_test.dart: hasExternalCalorieMismatch returns false when consistent
2026-09-27T12:46:53.6795152Z ✅ /home/runner/work/AYG/AYG/test/meal_template_sync_regression_test.dart: Meal template sync regression save template and register meal are independent operations
2026-09-27T12:46:53.7101077Z ✅ /home/runner/work/AYG/AYG/test/meal_template_sync_regression_test.dart: Meal template sync regression edit template removes orphan items locally
2026-09-27T12:46:53.7231326Z ✅ /home/runner/work/AYG/AYG/test/meal_template_sync_regression_test.dart: Meal template sync regression failed push retry does not wipe local templates
2026-09-27T12:46:54.1393588Z ✅ /home/runner/work/AYG/AYG/test/health_profile_data_test.dart: empty profile has no values
2026-09-27T12:46:54.1415285Z ✅ /home/runner/work/AYG/AYG/test/health_profile_data_test.dart: weight only counts as a value
2026-09-27T12:46:54.2834451Z ✅ /home/runner/work/AYG/AYG/test/subscription_policy_test.dart: free users can search five times a day
2026-09-27T12:46:54.2873886Z ✅ /home/runner/work/AYG/AYG/test/subscription_policy_test.dart: free users can keep three templates
2026-09-27T12:46:54.2934218Z ✅ /home/runner/work/AYG/AYG/test/subscription_policy_test.dart: catalog keeps product ids and free limits
2026-09-27T12:46:54.3054254Z ✅ /home/runner/work/AYG/AYG/test/subscription_policy_test.dart: usage store counts searches per user and day
2026-09-27T12:46:54.8234248Z ##[endgroup]
2026-09-27T12:46:54.8238407Z ##[group]✅ /home/runner/work/AYG/AYG/test/sync_step_runner_test.dart: runOptionalSyncStep skips raw PostgrestException
2026-09-27T12:46:54.8243130Z [AYG Sync] step=FETCH_SAVED_FOODS code=FETCH_SAVED_FOODS_TABLE_MISSING postgres=42P01 repo=test table=saved_foods op=select message=relation "saved_foods" does not exist details=null hint=null
2026-09-27T12:46:54.8245667Z [AYG Sync] cause=PostgrestException(message: relation "saved_foods" does not exist, code: 42P01, details: null, hint: null)
2026-09-27T12:46:54.8247191Z [AYG Sync] optional step skipped: FETCH_SAVED_FOODS table=saved_foods
2026-09-27T12:46:54.8248586Z ##[endgroup]
2026-09-27T12:46:54.8304584Z ##[group]✅ /home/runner/work/AYG/AYG/test/sync_step_runner_test.dart: runOptionalSyncStep skips SupabaseErrorMapper wrapped missing table
2026-09-27T12:46:54.8307762Z [AYG Sync] step=FETCH_SAVED_FOODS code=FETCH_SAVED_FOODS_TABLE_MISSING postgres=42P01 repo=SupabaseSavedFoodRepository table=saved_foods op=select message=relation "saved_foods" does not exist details=null hint=null
2026-09-27T12:46:54.8309578Z [AYG Sync] cause=relation "saved_foods" does not exist
2026-09-27T12:46:54.8310348Z [AYG Sync] optional step skipped: FETCH_SAVED_FOODS table=saved_foods
2026-09-27T12:46:54.8311315Z ##[endgroup]
2026-09-27T12:46:54.8331336Z ##[group]✅ Passing tests
2026-09-27T12:46:54.8332692Z ✅ /home/runner/work/AYG/AYG/test/sync_step_runner_test.dart: SyncFailure maps wrapped table missing to TABLE_MISSING code
2026-09-27T12:46:54.8363732Z ##[endgroup]
2026-09-27T12:46:54.8365283Z ##[group]✅ /home/runner/work/AYG/AYG/test/sync_step_runner_test.dart: runOptionalSyncStep skips PGRST205 schema cache miss
2026-09-27T12:46:54.8367073Z [AYG Sync] step=FETCH_SAVED_FOODS code=FETCH_SAVED_FOODS_TABLE_MISSING postgres=PGRST205 repo=SupabaseSavedFoodRepository table=saved_foods op=select message=Could not find the table 'public.saved_foods' in the schema cache details=null hint=null
2026-09-27T12:46:54.8368959Z [AYG Sync] cause=Could not find the table 'public.saved_foods' in the schema cache
2026-09-27T12:46:54.8369851Z [AYG Sync] optional step skipped: FETCH_SAVED_FOODS table=saved_foods
2026-09-27T12:46:54.8370796Z ##[endgroup]
2026-09-27T12:46:54.8428256Z ##[group]✅ /home/runner/work/AYG/AYG/test/sync_step_runner_test.dart: runOptionalSyncStep rethrows permission errors
2026-09-27T12:46:54.8430116Z [AYG Sync] step=FETCH_SAVED_FOODS code=FETCH_SAVED_FOODS_FAILED postgres=null repo=test table=saved_foods op=select message=permission denied for table saved_foods details=null hint=null
2026-09-27T12:46:54.8431580Z [AYG Sync] cause=permission denied for table saved_foods
2026-09-27T12:46:54.8432133Z ##[endgroup]
2026-09-27T12:46:55.0066625Z ##[group]✅ Passing tests
2026-09-27T12:46:55.0068065Z ✅ /home/runner/work/AYG/AYG/test/food_entry_consumption_test.dart: FoodEntry consumption model legacy quantity maps to consumedAmount with baseAmount 1
2026-09-27T12:46:55.0094751Z ✅ /home/runner/work/AYG/AYG/test/food_entry_consumption_test.dart: FoodEntry consumption model quantity getter equals consumedAmount / baseAmount
2026-09-27T12:46:55.0115171Z ✅ /home/runner/work/AYG/AYG/test/food_entry_consumption_test.dart: FoodEntry consumption model explicit baseAmount and consumedAmount
2026-09-27T12:46:55.0137663Z ✅ /home/runner/work/AYG/AYG/test/food_entry_consumption_test.dart: FoodEntry consumption model legacy migration preserves totals
2026-09-27T12:46:55.0158542Z ✅ /home/runner/work/AYG/AYG/test/food_entry_consumption_test.dart: FoodEntry consumption model nullable nutrition totals treat null as zero
2026-09-27T12:46:55.0205482Z ✅ /home/runner/work/AYG/AYG/test/food_entry_consumption_test.dart: FoodEntry consumption model rejects zero consumedAmount at construction
2026-09-27T12:46:55.0232159Z ✅ /home/runner/work/AYG/AYG/test/food_entry_consumption_test.dart: FoodEntry consumption model copyWith preserves consumption fields for edit flow
2026-09-27T12:46:55.0266815Z ✅ /home/runner/work/AYG/AYG/test/food_entry_consumption_test.dart: EntityMapper legacy Isar roundtrip preserves totals through entity roundtrip
2026-09-27T12:46:55.0287091Z ✅ /home/runner/work/AYG/AYG/test/food_entry_consumption_test.dart: EntityMapper legacy Isar roundtrip simulates reading old local DB schema with quantity only
2026-09-27T12:46:55.0340951Z ✅ /home/runner/work/AYG/AYG/test/food_entry_consumption_test.dart: Supabase food_entries sync compatibility pull row map and push payload keep quantity semantics
2026-09-27T12:46:55.0389609Z ✅ /home/runner/work/AYG/AYG/test/food_entry_consumption_test.dart: SavedFood normalizedForSave rounds baseAmount to 4 decimals
2026-09-27T12:46:55.0410446Z ✅ /home/runner/work/AYG/AYG/test/food_entry_consumption_test.dart: BaseAmountNormalizer treats 200 and 200.0 as same normalized value
2026-09-27T12:46:55.4060702Z ✅ /home/runner/work/AYG/AYG/test/search_suggestion_service_test.dart: SearchSuggestionService ranks saved foods by use count then recency
2026-09-27T12:46:55.4092453Z ✅ /home/runner/work/AYG/AYG/test/search_suggestion_service_test.dart: SearchSuggestionService ranks meal templates with stable tie-breaker
2026-09-27T12:46:55.4119229Z ✅ /home/runner/work/AYG/AYG/test/search_suggestion_service_test.dart: SearchSuggestionService ranks workout templates by use count
2026-09-27T12:46:55.8781227Z ✅ /home/runner/work/AYG/AYG/test/storekit_subscription_repository_test.dart: legacy active flag does not keep plus without a future expiry
2026-09-27T12:46:55.8849845Z ✅ /home/runner/work/AYG/AYG/test/storekit_subscription_repository_test.dart: a store failure keeps a still-future cached expiry
2026-09-27T12:46:55.8878901Z ✅ /home/runner/work/AYG/AYG/test/storekit_subscription_repository_test.dart: an authoritative expiry replaces the cached flag
2026-09-27T12:46:55.8965052Z ✅ /home/runner/work/AYG/AYG/test/storekit_subscription_repository_test.dart: purchase expiry turns plus on and a missing expiry turns it off
2026-09-27T12:46:55.9033031Z ✅ /home/runner/work/AYG/AYG/test/storekit_subscription_repository_test.dart: a revoked transaction does not grant plus
2026-09-27T12:46:55.9068861Z ✅ /home/runner/work/AYG/AYG/test/storekit_subscription_repository_test.dart: refresh turns plus off after the cached expiry passes
2026-09-27T12:46:56.4130892Z ✅ /home/runner/work/AYG/AYG/test/subscription_events_migration_test.dart: subscription events store only user, type, and timestamp
2026-09-27T12:46:56.4158471Z ✅ /home/runner/work/AYG/AYG/test/subscription_events_migration_test.dart: clients can insert their own row and cannot read it back
2026-09-27T12:46:56.4184264Z ✅ /home/runner/work/AYG/AYG/test/subscription_events_migration_test.dart: counts rely on the service_role grant
2026-09-27T12:46:56.4216094Z ✅ /home/runner/work/AYG/AYG/test/subscription_events_migration_test.dart: down migration removes the table and functions
2026-09-27T12:46:57.1754411Z ✅ /home/runner/work/AYG/AYG/test/settings_screen_test.dart: SettingsScreen shows operator contact email
2026-09-27T12:46:57.1869866Z ✅ /home/runner/work/AYG/AYG/test/app_controller_meal_template_multi_item_test.dart: AppController meal template multi-item saveMealTemplate persists three distinct items after reload
2026-09-27T12:46:57.2245087Z ✅ /home/runner/work/AYG/AYG/test/app_controller_meal_template_multi_item_test.dart: AppController meal template multi-item applyMealTemplate creates three food entries with distinct ids
2026-09-27T12:46:57.2538006Z ✅ /home/runner/work/AYG/AYG/test/app_controller_meal_template_multi_item_test.dart: AppController meal template multi-item rapid apply attempts do not duplicate entries when guarded externally
2026-09-27T12:46:57.2721807Z ✅ /home/runner/work/AYG/AYG/test/app_controller_meal_template_multi_item_test.dart: AppController meal template multi-item saveWithItems keeps parent and all items in one repository transaction
2026-09-27T12:46:57.2861643Z ✅ /home/runner/work/AYG/AYG/test/settings_screen_test.dart: SettingsScreen hides operator contact when email is empty
2026-09-27T12:46:57.9109197Z ✅ /home/runner/work/AYG/AYG/test/supabase_migration_security_test.dart: Supabase migration security workout_templates migration enables RLS and revokes anon
2026-09-27T12:46:57.9133593Z ✅ /home/runner/work/AYG/AYG/test/supabase_migration_security_test.dart: Supabase migration security workout_templates migration is idempotent
2026-09-27T12:46:57.9157324Z ✅ /home/runner/work/AYG/AYG/test/supabase_migration_security_test.dart: Supabase migration security exercise calculation columns migration is nullable-safe
2026-09-27T12:46:57.9183061Z ✅ /home/runner/work/AYG/AYG/test/supabase_migration_security_test.dart: Supabase migration security exercise_entries base schema already has RLS policies
2026-09-27T12:46:57.9238201Z ✅ /home/runner/work/AYG/AYG/test/supabase_migration_security_test.dart: Supabase migration security hardening migration revokes anon on personal tables and grants minimal authenticated CRUD
2026-09-27T12:46:57.9259719Z ✅ /home/runner/work/AYG/AYG/test/supabase_migration_security_test.dart: Supabase migration security hardening migration revokes function EXECUTE from anon and grants publish_saved_food only
2026-09-27T12:46:57.9282337Z ✅ /home/runner/work/AYG/AYG/test/supabase_migration_security_test.dart: Supabase migration security hardening migration replaces is_saved_food_visible_to_viewer to avoid anon table access
2026-09-27T12:46:57.9303716Z ✅ /home/runner/work/AYG/AYG/test/supabase_migration_security_test.dart: Supabase migration security hardening migration fixes default privileges for postgres and supabase_admin
2026-09-27T12:46:57.9345301Z ✅ /home/runner/work/AYG/AYG/test/supabase_migration_security_test.dart: Supabase migration security seed.sql contains no privilege or schema DDL
2026-09-27T12:46:58.1614886Z ✅ /home/runner/work/AYG/AYG/test/data_sync_workout_exercise_fake_test.dart: Workout template sync boundary (fake remote/local) push/pull preserves template and items for same owner
2026-09-27T12:46:58.1647878Z ✅ /home/runner/work/AYG/AYG/test/data_sync_workout_exercise_fake_test.dart: Workout template sync boundary (fake remote/local) pull replaces local owner data without touching other owners
2026-09-27T12:46:58.1683926Z ✅ /home/runner/work/AYG/AYG/test/data_sync_workout_exercise_fake_test.dart: Workout template sync boundary (fake remote/local) push removes orphan items on re-sync
2026-09-27T12:46:58.1710266Z ✅ /home/runner/work/AYG/AYG/test/data_sync_workout_exercise_fake_test.dart: Workout template sync boundary (fake remote/local) re-sync does not duplicate templates
2026-09-27T12:46:58.1787648Z ✅ /home/runner/work/AYG/AYG/test/data_sync_workout_exercise_fake_test.dart: Exercise entry calculation row mapper roundtrips MET, gross, net, weight snapshot, source
2026-09-27T12:46:58.1810448Z ✅ /home/runner/work/AYG/AYG/test/data_sync_workout_exercise_fake_test.dart: Exercise entry calculation row mapper legacy row without net keeps burnedKcal fallback
2026-09-27T12:46:58.5419732Z ✅ /home/runner/work/AYG/AYG/test/exercise_weight_resolver_test.dart: ExerciseWeightResolver uses latest weight on or before exercise datetime
2026-09-27T12:46:58.5443004Z ✅ /home/runner/work/AYG/AYG/test/exercise_weight_resolver_test.dart: ExerciseWeightResolver does not use future weight entries
2026-09-27T12:46:58.5467085Z ✅ /home/runner/work/AYG/AYG/test/exercise_weight_resolver_test.dart: ExerciseWeightResolver uses profile fallback when no prior weight entry
2026-09-27T12:46:58.5487882Z ✅ /home/runner/work/AYG/AYG/test/exercise_weight_resolver_test.dart: ExerciseWeightResolver returns null when no weight source exists
2026-09-27T12:46:58.5508871Z ✅ /home/runner/work/AYG/AYG/test/exercise_weight_resolver_test.dart: ExerciseWeightResolver same-day multiple entries picks most recent before exercise time
2026-09-27T12:46:58.8194192Z ✅ /home/runner/work/AYG/AYG/test/history_edit_and_meal_registration_test.dart: history editing support groupExerciseEntriesByDate filters selected day only
2026-09-27T12:46:58.8396166Z ✅ /home/runner/work/AYG/AYG/test/history_edit_and_meal_registration_test.dart: registerFoodMealFromDrafts creates grouped food entries without mutating template storage
2026-09-27T12:46:58.8456250Z ✅ /home/runner/work/AYG/AYG/test/history_edit_and_meal_registration_test.dart: registerFoodMealFromDrafts updateFood preserves entry id when loggedAt changes
2026-09-27T12:46:59.1935204Z ✅ /home/runner/work/AYG/AYG/test/delete_own_account_service_role_migration_test.dart: only service_role can execute delete_own_account
2026-09-27T12:46:59.1964396Z ✅ /home/runner/work/AYG/AYG/test/delete_own_account_service_role_migration_test.dart: down sql restores the authenticated zero-argument function
2026-09-27T12:46:59.1990409Z ✅ /home/runner/work/AYG/AYG/test/delete_own_account_service_role_migration_test.dart: auth.users email rewrite is not swallowed
2026-09-27T12:46:59.5211871Z ✅ /home/runner/work/AYG/AYG/test/history_grouping_test.dart: sortFoodEntriesByLoggedAt sorts by loggedAt ascending
2026-09-27T12:46:59.5263087Z ✅ /home/runner/work/AYG/AYG/test/history_grouping_test.dart: groupFoodEntriesByDate groups today entries only by default
2026-09-27T12:46:59.5293138Z ✅ /home/runner/work/AYG/AYG/test/history_grouping_test.dart: groupFoodEntriesByDate sorts items within each date group by loggedAt
2026-09-27T12:46:59.5320366Z ✅ /home/runner/work/AYG/AYG/test/history_grouping_test.dart: groupFoodEntriesByDate groups entries on local calendar day across UTC boundary
2026-09-27T12:46:59.5355461Z ✅ /home/runner/work/AYG/AYG/test/history_grouping_test.dart: groupExerciseEntriesByDate groups today exercises only by default
2026-09-27T12:47:00.0624481Z ✅ /home/runner/work/AYG/AYG/test/saved_food_repository_test.dart: SavedFoodRepository CRUD and search by normalized name
2026-09-27T12:47:00.0825638Z ✅ /home/runner/work/AYG/AYG/test/saved_food_repository_test.dart: SavedFoodRepository softDelete hides food from active queries
2026-09-27T12:47:00.0993281Z ✅ /home/runner/work/AYG/AYG/test/saved_food_repository_test.dart: SavedFoodRepository does not return other owner foods
2026-09-27T12:47:00.1152604Z ✅ /home/runner/work/AYG/AYG/test/saved_food_repository_test.dart: SavedFoodRepository clearAll removes all saved foods
2026-09-27T12:47:00.3066720Z ✅ /home/runner/work/AYG/AYG/test/saved_food_entry_builder_test.dart: SavedFoodEntryBuilder 100g -> 150g scales totals
2026-09-27T12:47:00.3094036Z ✅ /home/runner/work/AYG/AYG/test/saved_food_entry_builder_test.dart: SavedFoodEntryBuilder 1 piece -> 2 pieces scales totals
2026-09-27T12:47:00.3117028Z ✅ /home/runner/work/AYG/AYG/test/saved_food_entry_builder_test.dart: SavedFoodEntryBuilder 1 serving -> 0.5 serving scales totals
2026-09-27T12:47:00.3148860Z ✅ /home/runner/work/AYG/AYG/test/saved_food_entry_builder_test.dart: SavedFoodEntryBuilder snapshot keeps name even if master changes later
2026-09-27T12:47:00.8627497Z ✅ /home/runner/work/AYG/AYG/test/subscription_events_test.dart: event rows are only user id and event type
2026-09-27T12:47:00.8679902Z ✅ /home/runner/work/AYG/AYG/test/subscription_events_test.dart: insert failures, including a duplicate first event, are ignored
2026-09-27T12:47:00.8828592Z ✅ /home/runner/work/AYG/AYG/test/subscription_events_test.dart: hitting the free meal-template limit records the signed-in user
2026-09-27T12:47:00.8861184Z ✅ /home/runner/work/AYG/AYG/test/subscription_events_test.dart: a plus user does not record a free-limit hit
2026-09-27T12:47:00.9124137Z ✅ /home/runner/work/AYG/AYG/test/subscription_events_test.dart: the limit exception does not wait for the event write
2026-09-27T12:47:00.9200134Z ✅ /home/runner/work/AYG/AYG/test/subscription_events_test.dart: conversion is recorded once the signed-in user is known
2026-09-27T12:47:00.9225367Z ✅ /home/runner/work/AYG/AYG/test/subscription_events_test.dart: an already signed-in plus user is recorded on startup
2026-09-27T12:47:01.5355225Z ✅ /home/runner/work/AYG/AYG/test/food_form_suggestion_widget_test.dart: FoodFormSuggestionList shows distinct sections for food and template
2026-09-27T12:47:01.6435017Z ✅ /home/runner/work/AYG/AYG/test/public_food_name_moderation_test.dart: PublicFoodNameModeration halfwidth katakana maps are the same length
2026-09-27T12:47:01.9498912Z ✅ /home/runner/work/AYG/AYG/test/public_food_name_moderation_test.dart: PublicFoodNameModeration allows ordinary food names
2026-09-27T12:47:01.9574659Z ✅ /home/runner/work/AYG/AYG/test/public_food_name_moderation_test.dart: PublicFoodNameModeration rejects normalized latin, kana, and spacing
2026-09-27T12:47:01.9632059Z ✅ /home/runner/work/AYG/AYG/test/public_food_name_moderation_test.dart: PublicFoodNameModeration rejects accent, combining, lookalike, digit, and symbol bypasses
2026-09-27T12:47:01.9681835Z ✅ /home/runner/work/AYG/AYG/test/public_food_name_moderation_test.dart: PublicFoodNameModeration still rejects a whole short term and a term beside an allowed phrase
2026-09-27T12:47:01.9890916Z ✅ /home/runner/work/AYG/AYG/test/public_food_name_moderation_test.dart: PublicFoodNameModeration rejects explicit compounds and still allows ordinary foods
2026-09-27T12:47:01.9931727Z ✅ /home/runner/work/AYG/AYG/test/public_food_name_moderation_test.dart: PublicFoodNameModeration does not treat an unchanged public name as a new rejection
2026-09-27T12:47:02.0020849Z ✅ /home/runner/work/AYG/AYG/test/public_food_name_moderation_test.dart: SavedFoodPublishValidator banned names adds the Japanese message for a banned public name
2026-09-27T12:47:02.0071565Z ✅ /home/runner/work/AYG/AYG/test/public_food_name_moderation_test.dart: SavedFoodPublishValidator banned names rejects a clean name when brand, normalized name, or unit is banned
2026-09-27T12:47:02.0112599Z ✅ /home/runner/work/AYG/AYG/test/public_food_name_moderation_test.dart: banned name errors maps the database exception to the Japanese message
2026-09-27T12:47:02.0245433Z ✅ /home/runner/work/AYG/AYG/test/public_food_name_moderation_test.dart: banned word list parity SQL list matches the Dart list
2026-09-27T12:47:02.0276666Z ✅ /home/runner/work/AYG/AYG/test/public_food_name_moderation_test.dart: banned word list parity SQL boundary terms and allowed phrases match Dart
2026-09-27T12:47:02.0304716Z ✅ /home/runner/work/AYG/AYG/test/public_food_name_moderation_test.dart: banned word list parity rollback file restores publish without dropping the trigger
2026-09-27T12:47:02.0324739Z ✅ /home/runner/work/AYG/AYG/test/public_food_name_moderation_test.dart: banned word list parity SQL uses the same halfwidth katakana map
2026-09-27T12:47:02.0347876Z ✅ /home/runner/work/AYG/AYG/test/public_food_name_moderation_test.dart: banned word list parity SQL folds NFKC and the same confusable map
2026-09-27T12:47:02.0370649Z ✅ /home/runner/work/AYG/AYG/test/public_food_name_moderation_test.dart: banned word list parity functions use an empty search_path and schema-qualified names
2026-09-27T12:47:02.0408507Z ✅ /home/runner/work/AYG/AYG/test/public_food_name_moderation_test.dart: banned word list parity publish and public-field updates call the check
2026-09-27T12:47:02.1126067Z ✅ /home/runner/work/AYG/AYG/test/synced_saved_food_repository_test.dart: SyncedSavedFoodRepository publish updates local after remote success
2026-09-27T12:47:02.1200030Z ✅ /home/runner/work/AYG/AYG/test/synced_saved_food_repository_test.dart: SyncedSavedFoodRepository publish failure does not update local
2026-09-27T12:47:02.1237826Z ✅ /home/runner/work/AYG/AYG/test/synced_saved_food_repository_test.dart: SyncedSavedFoodRepository banned-name publish failure keeps local private
2026-09-27T12:47:02.1265909Z ✅ /home/runner/work/AYG/AYG/test/synced_saved_food_repository_test.dart: SyncedSavedFoodRepository searchPublic requires remote
2026-09-27T12:47:02.1304173Z ✅ /home/runner/work/AYG/AYG/test/synced_saved_food_repository_test.dart: SyncedSavedFoodRepository savePrivate writes remote before local
2026-09-27T12:47:02.1331943Z ✅ /home/runner/work/AYG/AYG/test/synced_saved_food_repository_test.dart: SyncedSavedFoodRepository savePrivate remote failure does not persist locally
2026-09-27T12:47:02.1363500Z ✅ /home/runner/work/AYG/AYG/test/synced_saved_food_repository_test.dart: SyncedSavedFoodRepository softDelete writes remote before local
2026-09-27T12:47:02.1396646Z ✅ /home/runner/work/AYG/AYG/test/synced_saved_food_repository_test.dart: SyncedSavedFoodRepository updateOwn writes remote before local
2026-09-27T12:47:02.7346224Z ✅ /home/runner/work/AYG/AYG/test/remaining_calorie_service_test.dart: RemainingCalorieService uses net exercise only in remaining formula
2026-09-27T12:47:02.7408852Z ✅ /home/runner/work/AYG/AYG/test/remaining_calorie_service_test.dart: RemainingCalorieService includes alcohol in intake sum
2026-09-27T12:47:02.7438839Z ✅ /home/runner/work/AYG/AYG/test/remaining_calorie_service_test.dart: RemainingCalorieService sums exercise net kcal for selected day only
2026-09-27T12:47:02.7465819Z ✅ /home/runner/work/AYG/AYG/test/remaining_calorie_service_test.dart: RemainingCalorieService legacy exercise without net uses burnedKcal fallback
2026-09-27T12:47:02.7488164Z ✅ /home/runner/work/AYG/AYG/test/remaining_calorie_service_test.dart: RemainingCalorieService does not double-count gross when net is present
2026-09-27T12:47:02.7518152Z ✅ /home/runner/work/AYG/AYG/test/remaining_calorie_service_test.dart: RemainingCalorieService reports overage without clamping to zero
2026-09-27T12:47:02.7552316Z ✅ /home/runner/work/AYG/AYG/test/remaining_calorie_service_test.dart: ExerciseCalorieCalculator computes gross and net from MET formula
2026-09-27T12:47:02.7573669Z ✅ /home/runner/work/AYG/AYG/test/remaining_calorie_service_test.dart: ExerciseCalorieCalculator rejects invalid weight and duration
2026-09-27T12:47:03.4064197Z ✅ /home/runner/work/AYG/AYG/test/saved_food_creator_label_test.dart: creatorLabel is anonymous until the owner is deleted
2026-09-27T12:47:04.0481057Z ✅ /home/runner/work/AYG/AYG/test/saved_food_creator_label_test.dart: search tile shows deleted-user creator
2026-09-27T12:47:04.2238123Z ✅ /home/runner/work/AYG/AYG/test/account_deletion_screen_test.dart: settings opens in-app account deletion
2026-09-27T12:47:04.4080289Z ✅ /home/runner/work/AYG/AYG/test/account_deletion_screen_test.dart: confirmed deletion calls repository then logs out
2026-09-27T12:47:04.5480910Z ✅ /home/runner/work/AYG/AYG/test/account_deletion_screen_test.dart: failed Apple revoke is shown before logout
2026-09-27T12:47:04.6741276Z ✅ /home/runner/work/AYG/AYG/test/account_deletion_screen_test.dart: missing RPC offers email fallback
2026-09-27T12:47:04.7586791Z ✅ /home/runner/work/AYG/AYG/test/web_barcode_support_test.dart: normalizeJanEan13Barcode strips non-digit characters
2026-09-27T12:47:04.7617231Z ✅ /home/runner/work/AYG/AYG/test/web_barcode_support_test.dart: normalizeJanEan13Barcode accepts valid 13-digit JAN/EAN-13
2026-09-27T12:47:04.7649307Z ✅ /home/runner/work/AYG/AYG/test/web_barcode_support_test.dart: normalizeJanEan13Barcode rejects invalid lengths
2026-09-27T12:47:04.7678288Z ✅ /home/runner/work/AYG/AYG/test/web_barcode_support_test.dart: DuplicateBarcodeDetector accepts first code and rejects immediate duplicate
2026-09-27T12:47:04.7703534Z ✅ /home/runner/work/AYG/AYG/test/web_barcode_support_test.dart: DuplicateBarcodeDetector accepts code again after reset
2026-09-27T12:47:04.7764071Z ✅ /home/runner/work/AYG/AYG/test/web_barcode_support_test.dart: WebBarcodeLookup passes normalized barcode to Open Food Facts
2026-09-27T12:47:04.7794312Z ✅ /home/runner/work/AYG/AYG/test/web_barcode_support_test.dart: WebBarcodeLookup returns notFound for invalid barcode without calling API
2026-09-27T12:47:04.7817627Z ✅ /home/runner/work/AYG/AYG/test/web_barcode_support_test.dart: WebBarcodeLookup returns failure when Open Food Facts lookup fails
2026-09-27T12:47:04.7858105Z ✅ /home/runner/work/AYG/AYG/test/web_barcode_support_test.dart: isWebBarcodeScanAvailable returns false in test VM runtime
2026-09-27T12:47:04.8299746Z ✅ /home/runner/work/AYG/AYG/test/account_deletion_screen_test.dart: deletion failure shows the fixed Japanese message
2026-09-27T12:47:05.3986950Z ✅ /home/runner/work/AYG/AYG/test/apple_refresh_token_migration_test.dart: refresh tokens are stored in vault behind service_role functions
2026-09-27T12:47:05.4018537Z ✅ /home/runner/work/AYG/AYG/test/apple_refresh_token_migration_test.dart: down sql drops only the apple token functions
2026-09-27T12:47:05.5725764Z ✅ /home/runner/work/AYG/AYG/test/google_sign_in_factory_test.dart: does not construct GoogleSignIn when the iOS client ID is empty
2026-09-27T12:47:05.5750568Z ✅ /home/runner/work/AYG/AYG/test/google_sign_in_factory_test.dart: constructs GoogleSignIn when the iOS client ID is present
2026-09-27T12:47:06.1249900Z ✅ /home/runner/work/AYG/AYG/test/isar_food_entry_compat_test.dart: FoodEntry Isar compatibility reads legacy entity with quantity only
2026-09-27T12:47:06.1420347Z ✅ /home/runner/work/AYG/AYG/test/isar_food_entry_compat_test.dart: FoodEntry Isar compatibility roundtrips new consumption fields without changing totals
2026-09-27T12:47:06.1564813Z ✅ /home/runner/work/AYG/AYG/test/isar_food_entry_compat_test.dart: FoodEntry Isar compatibility persists meal group metadata
2026-09-27T12:47:06.1587593Z ✅ /home/runner/work/AYG/AYG/test/isar_food_entry_compat_test.dart: FoodEntry Isar compatibility entity mapper keeps legacy quantity column in sync
2026-09-27T12:47:06.1743440Z ✅ /home/runner/work/AYG/AYG/test/authentication_repository_test.dart: MockAuthenticationRepository starts unauthenticated
2026-09-27T12:47:06.1777570Z ✅ /home/runner/work/AYG/AYG/test/authentication_repository_test.dart: MockAuthenticationRepository loginWithGoogle sets current user
2026-09-27T12:47:06.1862156Z ✅ /home/runner/work/AYG/AYG/test/authentication_repository_test.dart: MockAuthenticationRepository loginWithGoogle cancel throws GoogleSignInCancelledException
2026-09-27T12:47:06.1885088Z ✅ /home/runner/work/AYG/AYG/test/authentication_repository_test.dart: MockAuthenticationRepository loginWithGoogle failure throws GoogleSignInFailedException
2026-09-27T12:47:06.1908678Z ✅ /home/runner/work/AYG/AYG/test/authentication_repository_test.dart: MockAuthenticationRepository logout clears current user
2026-09-27T12:47:06.1934737Z ✅ /home/runner/work/AYG/AYG/test/authentication_repository_test.dart: MockAuthenticationRepository loginWithApple authenticates the user
2026-09-27T12:47:06.1962355Z ✅ /home/runner/work/AYG/AYG/test/authentication_repository_test.dart: MockAuthenticationRepository loginWithApple surfaces cancellation
2026-09-27T12:47:06.1985854Z ✅ /home/runner/work/AYG/AYG/test/authentication_repository_test.dart: MockAuthenticationRepository loginWithApple surfaces failure
2026-09-27T12:47:06.2018081Z ✅ /home/runner/work/AYG/AYG/test/authentication_repository_test.dart: MockAuthenticationRepository deleteOwnAccount records the call
2026-09-27T12:47:06.2046858Z ✅ /home/runner/work/AYG/AYG/test/authentication_repository_test.dart: MockAuthenticationRepository deleteOwnAccount can simulate missing RPC
2026-09-27T12:47:06.2081487Z ✅ /home/runner/work/AYG/AYG/test/authentication_repository_test.dart: UnconfiguredAuthenticationRepository is always unauthenticated
2026-09-27T12:47:06.2105246Z ✅ /home/runner/work/AYG/AYG/test/authentication_repository_test.dart: UnconfiguredAuthenticationRepository deleteOwnAccount is unavailable
2026-09-27T12:47:06.2130001Z ✅ /home/runner/work/AYG/AYG/test/authentication_repository_test.dart: UnconfiguredAuthenticationRepository loginWithApple fails without Supabase
2026-09-27T12:47:06.2138589Z ✅ /home/runner/work/AYG/AYG/test/isar_food_entry_compat_test.dart: LocalUserDataClearer clears saved foods and meal templates
2026-09-27T12:47:06.2297694Z ✅ /home/runner/work/AYG/AYG/test/authentication_repository_test.dart: AppController auth flow handleAuthenticatedSession syncs and loads state
2026-09-27T12:47:06.2359610Z ✅ /home/runner/work/AYG/AYG/test/authentication_repository_test.dart: AppController auth flow initialize restores session and pulls remote data
2026-09-27T12:47:06.2391394Z ✅ /home/runner/work/AYG/AYG/test/authentication_repository_test.dart: AppController auth flow empty initial pull does not throw
2026-09-27T12:47:06.2431386Z ✅ /home/runner/work/AYG/AYG/test/authentication_repository_test.dart: AppController auth flow logout clears authenticated and in-memory state
2026-09-27T12:47:06.5193612Z ✅ /home/runner/work/AYG/AYG/test/authentication_repository_test.dart: AppController auth flow user switch clears local Isar data before pull
2026-09-27T12:47:06.5254142Z ✅ /home/runner/work/AYG/AYG/test/authentication_repository_test.dart: AppController auth flow sync failure blocks remote push until pull succeeds
2026-09-27T12:47:06.5452630Z ✅ /home/runner/work/AYG/AYG/test/authentication_repository_test.dart: AppController auth flow onboarding completion triggers remote push
2026-09-27T12:47:07.2565815Z ✅ /home/runner/work/AYG/AYG/test/goal_pace_test.dart: GoalPace persistence Isar saves and reloads goal pace
2026-09-27T12:47:07.2724747Z ✅ /home/runner/work/AYG/AYG/test/goal_pace_test.dart: GoalPace persistence legacy goal without explicit pace defaults to standard
2026-09-27T12:47:07.2809611Z ✅ /home/runner/work/AYG/AYG/test/goal_pace_test.dart: GoalPace calculation slow pace raises lose food target versus standard
2026-09-27T12:47:07.2841890Z ✅ /home/runner/work/AYG/AYG/test/goal_pace_test.dart: GoalPace calculation maintain ignores pace adjustment
2026-09-27T12:47:07.2868330Z ✅ /home/runner/work/AYG/AYG/test/goal_pace_test.dart: GoalPace calculation health active energy is not added to food target
2026-09-27T12:47:07.2899354Z ✅ /home/runner/work/AYG/AYG/test/goal_pace_test.dart: GoalPace calculation GoalPace.fromName falls back to standard
2026-09-27T12:47:07.7855834Z ✅ /home/runner/work/AYG/AYG/test/ios_review_readiness_test.dart: privacy manifest covers the required-reason APIs and collected data
2026-09-27T12:47:07.7903014Z ✅ /home/runner/work/AYG/AYG/test/ios_review_readiness_test.dart: privacy manifest is a Runner resource and the app is iPhone-only
2026-09-27T12:47:07.7928674Z ✅ /home/runner/work/AYG/AYG/test/ios_review_readiness_test.dart: Android manifest does not declare Health Connect reads
2026-09-27T12:47:07.8473190Z ✅ /home/runner/work/AYG/AYG/test/ios_review_readiness_test.dart: HealthKit entitlement is read access without clinical records
2026-09-27T12:47:08.5344449Z ✅ /home/runner/work/AYG/AYG/test/alcohol_form_screen_test.dart: AlcoholFormScreen shows separate amount and unit fields with live preview
2026-09-27T12:47:08.5904565Z ##[endgroup]
2026-09-27T12:47:08.5906758Z ##[group]⏭️ Skipped tests
2026-09-27T12:47:08.5910853Z ⏭️ /home/runner/work/AYG/AYG/test/supabase_saved_food_repository_integration_test.dart: SupabaseSavedFoodRepository (local Supabase) private save, publish RPC, fetch public (skipped)
2026-09-27T12:47:08.5912450Z Local Supabase not available at http://127.0.0.1:54321
2026-09-27T12:47:08.5943165Z ⏭️ /home/runner/work/AYG/AYG/test/supabase_saved_food_repository_integration_test.dart: SupabaseSavedFoodRepository (local Supabase) duplicate publish maps to PublishSavedFoodException (skipped)
2026-09-27T12:47:08.5945547Z Local Supabase not available at http://127.0.0.1:54321
2026-09-27T12:47:08.5968338Z ⏭️ /home/runner/work/AYG/AYG/test/supabase_saved_food_repository_integration_test.dart: SupabaseSavedFoodRepository (local Supabase) not owner publish rejected (skipped)
2026-09-27T12:47:08.5970091Z Local Supabase not available at http://127.0.0.1:54321
2026-09-27T12:47:08.5995978Z ⏭️ /home/runner/work/AYG/AYG/test/supabase_saved_food_repository_integration_test.dart: SupabaseSavedFoodRepository (local Supabase) unpublish and public edit bump version (skipped)
2026-09-27T12:47:08.5997782Z Local Supabase not available at http://127.0.0.1:54321
2026-09-27T12:47:08.6605585Z ##[endgroup]
2026-09-27T12:47:08.6606951Z ##[group]✅ Passing tests
2026-09-27T12:47:08.6608807Z ✅ /home/runner/work/AYG/AYG/test/supabase_saved_food_repository_integration_test.dart: SupabaseSavedFoodRepository (local Supabase) network failure maps to publish network error
2026-09-27T12:47:08.6641834Z ##[endgroup]
2026-09-27T12:47:08.6642864Z ##[group]⏭️ Skipped tests
2026-09-27T12:47:08.6644314Z ⏭️ /home/runner/work/AYG/AYG/test/supabase_saved_food_repository_integration_test.dart: SupabaseSavedFoodRepository (local Supabase) searchPublic returns public foods only (skipped)
2026-09-27T12:47:08.6645239Z Local Supabase not available at http://127.0.0.1:54321
2026-09-27T12:47:08.6675186Z ⏭️ /home/runner/work/AYG/AYG/test/supabase_saved_food_repository_integration_test.dart: SupabaseSavedFoodRepository (local Supabase) searchPublic finds barcode exact match (skipped)
2026-09-27T12:47:08.6677033Z Local Supabase not available at http://127.0.0.1:54321
2026-09-27T12:47:08.6710689Z ⏭️ /home/runner/work/AYG/AYG/test/supabase_saved_food_repository_integration_test.dart: SupabaseSavedFoodRepository (local Supabase) copyPublicToPrivate creates own private snapshot (skipped)
2026-09-27T12:47:08.6713132Z Local Supabase not available at http://127.0.0.1:54321
2026-09-27T12:47:08.6737364Z ⏭️ /home/runner/work/AYG/AYG/test/supabase_saved_food_repository_integration_test.dart: SupabaseSavedFoodRepository (local Supabase) upsert without public.users row fails with userProfileRequired (skipped)
2026-09-27T12:47:08.6739317Z Local Supabase not available at http://127.0.0.1:54321
2026-09-27T12:47:08.6962997Z ##[endgroup]
2026-09-27T12:47:08.6968717Z ##[group]✅ Passing tests
2026-09-27T12:47:08.6970076Z ✅ /home/runner/work/AYG/AYG/test/alcohol_form_screen_test.dart: AlcoholFormScreen shows manual pure alcohol field for non-ml unit
2026-09-27T12:47:08.9818975Z ✅ /home/runner/work/AYG/AYG/test/alcohol_form_screen_test.dart: FoodTabScreen alcohol entry point shows food and alcohol add menu
2026-09-27T12:47:10.2775354Z ✅ /home/runner/work/AYG/AYG/test/calonavi_plus_screen_test.dart: plus screen shows store prices, renewal, and legal links
2026-09-27T12:47:10.4140538Z ✅ /home/runner/work/AYG/AYG/test/calonavi_plus_screen_test.dart: failed prices hide purchase buttons and keep restore
2026-09-27T12:47:10.7159798Z ✅ /home/runner/work/AYG/AYG/test/calonavi_plus_screen_test.dart: terms and privacy links open the in-app legal pages
2026-09-27T12:47:10.8073714Z ✅ /home/runner/work/AYG/AYG/test/calonavi_plus_screen_test.dart: restore with nothing found shows a message
2026-09-27T12:47:10.9370869Z ✅ /home/runner/work/AYG/AYG/test/calonavi_plus_screen_test.dart: restore success and failure use fixed messages
2026-09-27T12:47:11.0162278Z ✅ /home/runner/work/AYG/AYG/test/calonavi_plus_screen_test.dart: purchase failure hides the store error
2026-09-27T12:47:11.0397466Z ##[endgroup]
2026-09-27T12:47:11.0397733Z 
2026-09-27T12:47:11.0405561Z 🎉 539 tests passed, 24 skipped.
2026-09-27T12:47:11.1305823Z Post job cleanup.
2026-09-27T12:47:11.1309887Z ##[start-action display=Cache pub dependencies;id=__41e8844b-75cd-4d38-95af-89f4ffaad42d.cache-pub]
2026-09-27T12:47:11.2992358Z Post job cleanup.
2026-09-27T12:47:11.4283709Z Cache hit occurred on the primary key flutter-pub-linux-stable-3.47.5-x64-6a19cca56475dbfba1478ee68d7bd0c2ef891da1-536a8d08de7601b163cab0ce88a98e78ffa135bb892dd27fcae942303787f713, not saving cache.
2026-09-27T12:47:11.4346431Z ##[end-action id=__41e8844b-75cd-4d38-95af-89f4ffaad42d.cache-pub;outcome=success;conclusion=success;duration_ms=303]
2026-09-27T12:47:11.4349189Z ##[start-action display=Cache Flutter;id=__41e8844b-75cd-4d38-95af-89f4ffaad42d.cache-flutter]
2026-09-27T12:47:11.4388071Z Post job cleanup.
2026-09-27T12:47:11.5737715Z Cache hit occurred on the primary key flutter-linux-stable-3.47.5-x64-6a19cca56475dbfba1478ee68d7bd0c2ef891da1, not saving cache.
2026-09-27T12:47:11.5797887Z ##[end-action id=__41e8844b-75cd-4d38-95af-89f4ffaad42d.cache-flutter;outcome=success;conclusion=success;duration_ms=144]
2026-09-27T12:47:11.5868544Z Post job cleanup.
2026-09-27T12:47:11.6713425Z [command]/usr/bin/git version
2026-09-27T12:47:11.6758059Z git version 2.55.0
2026-09-27T12:47:11.6801793Z Temporarily overriding HOME='/home/runner/work/_temp/038207c5-9bb1-4501-85a5-0c88ca1d6844' before making global git config changes
2026-09-27T12:47:11.6803065Z Adding repository directory to the temporary git global config as a safe directory
2026-09-27T12:47:11.6807941Z [command]/usr/bin/git config --global --add safe.directory /home/runner/work/AYG/AYG
2026-09-27T12:47:11.6848953Z [command]/usr/bin/git config --local --name-only --get-regexp core\.sshCommand
2026-09-27T12:47:11.6884549Z [command]/usr/bin/git submodule foreach --recursive sh -c "git config --local --name-only --get-regexp 'core\.sshCommand' && git config --local --unset-all 'core.sshCommand' || :"
2026-09-27T12:47:11.7144010Z [command]/usr/bin/git config --local --name-only --get-regexp http\.https\:\/\/github\.com\/\.extraheader
2026-09-27T12:47:11.7179067Z http.https://github.com/.extraheader
2026-09-27T12:47:11.7192069Z [command]/usr/bin/git config --local --unset-all http.https://github.com/.extraheader
2026-09-27T12:47:11.7230047Z [command]/usr/bin/git submodule foreach --recursive sh -c "git config --local --name-only --get-regexp 'http\.https\:\/\/github\.com\/\.extraheader' && git config --local --unset-all 'http.https://github.com/.extraheader' || :"
2026-09-27T12:47:11.7485614Z [command]/usr/bin/git config --local --name-only --get-regexp ^includeIf\.gitdir:
2026-09-27T12:47:11.7529673Z [command]/usr/bin/git submodule foreach --recursive git config --local --show-origin --name-only --get-regexp remote.origin.url
2026-09-27T12:47:11.7917223Z Cleaning up orphan processes
2026-09-27T12:47:11.8209871Z ##[warning]Node.js 20 is deprecated. The following actions target Node.js 20 but are being forced to run on Node.js 24: actions/checkout@v4. For more information see: https://github.blog/changelog/2025-09-19-deprecation-of-node-20-on-github-actions-runners/
