2026-09-27T11:18:45.1829173Z Current runner version: '2.337.0'
2026-09-27T11:18:45.1853402Z ##[group]Runner Image Provisioner
2026-09-27T11:18:45.1854269Z Hosted Compute Agent
2026-09-27T11:18:45.1854856Z Version: 20260828.587
2026-09-27T11:18:45.1855491Z Commit: abac92662cab4cc7352de4f9f9d2e2419aad9c29
2026-09-27T11:18:45.1856178Z Build Date: 2026-08-28T16:44:25Z
2026-09-27T11:18:45.1856800Z Worker ID: {eb638d20-77e8-48fe-92ae-da8cdd7800c6}
2026-09-27T11:18:45.1857507Z Azure Region: westcentralus
2026-09-27T11:18:45.1858099Z ##[endgroup]
2026-09-27T11:18:45.1860119Z ##[group]Operating System
2026-09-27T11:18:45.1860721Z Ubuntu
2026-09-27T11:18:45.1861195Z 24.04.5
2026-09-27T11:18:45.1861717Z LTS
2026-09-27T11:18:45.1862230Z ##[endgroup]
2026-09-27T11:18:45.1862818Z ##[group]Runner Image
2026-09-27T11:18:45.1863413Z Image: ubuntu-24.04
2026-09-27T11:18:45.1863949Z Version: 20260920.314.1
2026-09-27T11:18:45.1865169Z Included Software: https://github.com/actions/runner-images/blob/ubuntu24/20260920.314/images/ubuntu/Ubuntu2404-Readme.md
2026-09-27T11:18:45.1866644Z Image Release: https://github.com/actions/runner-images/releases/tag/ubuntu24%2F20260920.314
2026-09-27T11:18:45.1867536Z ##[endgroup]
2026-09-27T11:18:45.1868823Z ##[group]GITHUB_TOKEN Permissions
2026-09-27T11:18:45.1871365Z Contents: read
2026-09-27T11:18:45.1871963Z Metadata: read
2026-09-27T11:18:45.1872552Z Packages: read
2026-09-27T11:18:45.1873069Z ##[endgroup]
2026-09-27T11:18:45.1875044Z Secret source: Actions
2026-09-27T11:18:45.1876039Z Cache mode: write
2026-09-27T11:18:45.1876849Z Prepare workflow directory
2026-09-27T11:18:45.2196375Z Prepare all required actions
2026-09-27T11:18:45.2245655Z Getting action download info
2026-09-27T11:18:45.5348673Z Download action repository 'actions/checkout@v4' (SHA:11d5960a326750d5838078e36cf38b85af677262)
2026-09-27T11:18:45.6544311Z Download action repository 'subosito/flutter-action@v2' (SHA:1a449444c387b1966244ae4d4f8c696479add0b2)
2026-09-27T11:18:46.0667685Z Getting action download info
2026-09-27T11:18:46.2014964Z Download action repository 'actions/cache@v5' (SHA:caa296126883cff596d87d8935842f9db880ef25)
2026-09-27T11:18:46.5409307Z Complete job name: flutter
2026-09-27T11:18:46.6296673Z ##[group]Run actions/checkout@v4
2026-09-27T11:18:46.6298058Z with:
2026-09-27T11:18:46.6299270Z   repository: naruto-aii/AYG
2026-09-27T11:18:46.6308366Z   token: ***
2026-09-27T11:18:46.6309337Z   ssh-strict: true
2026-09-27T11:18:46.6310369Z   ssh-user: git
2026-09-27T11:18:46.6311352Z   persist-credentials: true
2026-09-27T11:18:46.6312417Z   clean: true
2026-09-27T11:18:46.6313439Z   sparse-checkout-cone-mode: true
2026-09-27T11:18:46.6314565Z   fetch-depth: 1
2026-09-27T11:18:46.6315543Z   fetch-tags: false
2026-09-27T11:18:46.6316561Z   show-progress: true
2026-09-27T11:18:46.6317546Z   lfs: false
2026-09-27T11:18:46.6318683Z   submodules: false
2026-09-27T11:18:46.6319713Z   set-safe-directory: true
2026-09-27T11:18:46.6320846Z   allow-unsafe-pr-checkout: false
2026-09-27T11:18:46.6322154Z ##[endgroup]
2026-09-27T11:18:46.7376712Z Syncing repository: naruto-aii/AYG
2026-09-27T11:18:46.7381227Z ##[group]Getting Git version info
2026-09-27T11:18:46.7383493Z Working directory is '/home/runner/work/AYG/AYG'
2026-09-27T11:18:46.7386565Z [command]/usr/bin/git version
2026-09-27T11:18:46.7401547Z git version 2.55.0
2026-09-27T11:18:46.7430226Z ##[endgroup]
2026-09-27T11:18:46.7438467Z Temporarily overriding HOME='/home/runner/work/_temp/a56c95df-99fe-464a-b1f5-0e3c789e37d3' before making global git config changes
2026-09-27T11:18:46.7441706Z Adding repository directory to the temporary git global config as a safe directory
2026-09-27T11:18:46.7444437Z [command]/usr/bin/git config --global --add safe.directory /home/runner/work/AYG/AYG
2026-09-27T11:18:46.7505333Z Deleting the contents of '/home/runner/work/AYG/AYG'
2026-09-27T11:18:46.7511095Z ##[group]Initializing the repository
2026-09-27T11:18:46.7513776Z [command]/usr/bin/git init /home/runner/work/AYG/AYG
2026-09-27T11:18:46.7622128Z hint: Using 'master' as the name for the initial branch. This default branch name
2026-09-27T11:18:46.7626111Z hint: will change to "main" in Git 3.0. To configure the initial branch name
2026-09-27T11:18:46.7629497Z hint: to use in all of your new repositories, which will suppress this warning,
2026-09-27T11:18:46.7632260Z hint: call:
2026-09-27T11:18:46.7633693Z hint:
2026-09-27T11:18:46.7635569Z hint: 	git config --global init.defaultBranch <name>
2026-09-27T11:18:46.7637520Z hint:
2026-09-27T11:18:46.7639711Z hint: Names commonly chosen instead of 'master' are 'main', 'trunk' and
2026-09-27T11:18:46.7642835Z hint: 'development'. The just-created branch can be renamed via this command:
2026-09-27T11:18:46.7644599Z hint:
2026-09-27T11:18:46.7645893Z hint: 	git branch -m <name>
2026-09-27T11:18:46.7647105Z hint:
2026-09-27T11:18:46.7649364Z hint: Disable this message with "git config set advice.defaultBranchName false"
2026-09-27T11:18:46.7652676Z Initialized empty Git repository in /home/runner/work/AYG/AYG/.git/
2026-09-27T11:18:46.7658450Z [command]/usr/bin/git remote add origin https://github.com/naruto-aii/AYG
2026-09-27T11:18:46.7698948Z ##[endgroup]
2026-09-27T11:18:46.7701526Z ##[group]Disabling automatic garbage collection
2026-09-27T11:18:46.7703632Z [command]/usr/bin/git config --local gc.auto 0
2026-09-27T11:18:46.7734335Z ##[endgroup]
2026-09-27T11:18:46.7736783Z ##[group]Setting up auth
2026-09-27T11:18:46.7739684Z [command]/usr/bin/git config --local --name-only --get-regexp core\.sshCommand
2026-09-27T11:18:46.7770293Z [command]/usr/bin/git submodule foreach --recursive sh -c "git config --local --name-only --get-regexp 'core\.sshCommand' && git config --local --unset-all 'core.sshCommand' || :"
2026-09-27T11:18:46.8494673Z [command]/usr/bin/git config --local --name-only --get-regexp http\.https\:\/\/github\.com\/\.extraheader
2026-09-27T11:18:46.8532554Z [command]/usr/bin/git submodule foreach --recursive sh -c "git config --local --name-only --get-regexp 'http\.https\:\/\/github\.com\/\.extraheader' && git config --local --unset-all 'http.https://github.com/.extraheader' || :"
2026-09-27T11:18:46.8730938Z [command]/usr/bin/git config --local --name-only --get-regexp ^includeIf\.gitdir:
2026-09-27T11:18:46.8760487Z [command]/usr/bin/git submodule foreach --recursive git config --local --show-origin --name-only --get-regexp remote.origin.url
2026-09-27T11:18:46.8949422Z [command]/usr/bin/git config --local http.https://github.com/.extraheader AUTHORIZATION: basic ***
2026-09-27T11:18:46.8990535Z ##[endgroup]
2026-09-27T11:18:46.8993332Z ##[group]Fetching the repository
2026-09-27T11:18:46.9003337Z [command]/usr/bin/git -c protocol.version=2 fetch --no-tags --prune --no-recurse-submodules --depth=1 origin +4ffb33f5f1cb1eb3dad4cc83c2fbca564f3e4c53:refs/remotes/pull/29/merge
2026-09-27T11:18:48.1786351Z From https://github.com/naruto-aii/AYG
2026-09-27T11:18:48.1787843Z  * [new ref]         4ffb33f5f1cb1eb3dad4cc83c2fbca564f3e4c53 -> pull/29/merge
2026-09-27T11:18:48.1790417Z ##[endgroup]
2026-09-27T11:18:48.1791065Z ##[group]Determining the checkout info
2026-09-27T11:18:48.1792402Z ##[endgroup]
2026-09-27T11:18:48.1798771Z [command]/usr/bin/git sparse-checkout disable
2026-09-27T11:18:48.1859622Z [command]/usr/bin/git config --local --unset-all extensions.worktreeConfig
2026-09-27T11:18:48.1889712Z ##[group]Checking out the ref
2026-09-27T11:18:48.1892846Z [command]/usr/bin/git checkout --progress --force refs/remotes/pull/29/merge
2026-09-27T11:18:48.3261616Z Note: switching to 'refs/remotes/pull/29/merge'.
2026-09-27T11:18:48.3262406Z 
2026-09-27T11:18:48.3262817Z You are in 'detached HEAD' state. You can look around, make experimental
2026-09-27T11:18:48.3263806Z changes and commit them, and you can discard any commits you make in this
2026-09-27T11:18:48.3264754Z state without impacting any branches by switching back to a branch.
2026-09-27T11:18:48.3265280Z 
2026-09-27T11:18:48.3265685Z If you want to create a new branch to retain commits you create, you may
2026-09-27T11:18:48.3266494Z do so (now or later) by using -c with the switch command. Example:
2026-09-27T11:18:48.3267249Z 
2026-09-27T11:18:48.3267510Z   git switch -c <new-branch-name>
2026-09-27T11:18:48.3267808Z 
2026-09-27T11:18:48.3268107Z Or undo this operation with:
2026-09-27T11:18:48.3268542Z 
2026-09-27T11:18:48.3268770Z   git switch -
2026-09-27T11:18:48.3269030Z 
2026-09-27T11:18:48.3269318Z Turn off this advice by setting config variable advice.detachedHead to false
2026-09-27T11:18:48.3269854Z 
2026-09-27T11:18:48.3270252Z HEAD is now at 4ffb33f Merge 23db22a642ad5e6397736a8f09ff16b20922efb4 into e7e4d5cf2c0a78bdf6c72b3d48146d1fd722c21c
2026-09-27T11:18:48.3272176Z ##[endgroup]
2026-09-27T11:18:48.3312141Z [command]/usr/bin/git log -1 --format=%H
2026-09-27T11:18:48.3334035Z 4ffb33f5f1cb1eb3dad4cc83c2fbca564f3e4c53
2026-09-27T11:18:48.3737429Z ##[group]Run subosito/flutter-action@v2
2026-09-27T11:18:48.3737875Z with:
2026-09-27T11:18:48.3738409Z   channel: stable
2026-09-27T11:18:48.3738776Z   cache: true
2026-09-27T11:18:48.3739111Z   architecture: X64
2026-09-27T11:18:48.3739507Z   pub-cache-path: default
2026-09-27T11:18:48.3739892Z   dry-run: false
2026-09-27T11:18:48.3740305Z   git-source: https://github.com/flutter/flutter.git
2026-09-27T11:18:48.3740804Z ##[endgroup]
2026-09-27T11:18:48.3805726Z ##[start-action display=Make yq tool available on Windows runners;id=__subosito_flutter-action.__run]
2026-09-27T11:18:48.3827901Z ##[end-action id=__subosito_flutter-action.__run;outcome=skipped;conclusion=skipped;duration_ms=0]
2026-09-27T11:18:48.3831180Z ##[start-action display=Make setup script executable;id=__subosito_flutter-action.__run_2]
2026-09-27T11:18:48.3932638Z ##[group]Run chmod +x "$GITHUB_ACTION_PATH/setup.sh"
2026-09-27T11:18:48.3933255Z [36;1mchmod +x "$GITHUB_ACTION_PATH/setup.sh"[0m
2026-09-27T11:18:48.4343450Z shell: /usr/bin/bash --noprofile --norc -e -o pipefail {0}
2026-09-27T11:18:48.4344054Z ##[endgroup]
2026-09-27T11:18:48.4460877Z ##[end-action id=__subosito_flutter-action.__run_2;outcome=success;conclusion=success;duration_ms=62]
2026-09-27T11:18:48.4464421Z ##[start-action display=Set action inputs;id=__subosito_flutter-action.flutter-action]
2026-09-27T11:18:48.4520498Z ##[group]Run $GITHUB_ACTION_PATH/setup.sh -p \
2026-09-27T11:18:48.4521095Z [36;1m$GITHUB_ACTION_PATH/setup.sh -p \[0m
2026-09-27T11:18:48.4521497Z [36;1m  -n '' \[0m
2026-09-27T11:18:48.4522155Z [36;1m  -f '' \[0m
2026-09-27T11:18:48.4522526Z [36;1m  -a 'X64' \[0m
2026-09-27T11:18:48.4522873Z [36;1m  -k '' \[0m
2026-09-27T11:18:48.4523215Z [36;1m  -c '' \[0m
2026-09-27T11:18:48.4523536Z [36;1m  -l '' \[0m
2026-09-27T11:18:48.4523883Z [36;1m  -d 'default' \[0m
2026-09-27T11:18:48.4524364Z [36;1m  -g 'https://github.com/flutter/flutter.git' \[0m
2026-09-27T11:18:48.4524825Z [36;1m  stable[0m
2026-09-27T11:18:48.4566005Z shell: /usr/bin/bash --noprofile --norc -e -o pipefail {0}
2026-09-27T11:18:48.4566636Z ##[endgroup]
2026-09-27T11:18:48.6676582Z ##[end-action id=__subosito_flutter-action.flutter-action;outcome=success;conclusion=success;duration_ms=221]
2026-09-27T11:18:48.6683546Z ##[start-action display=Cache Flutter;id=__subosito_flutter-action.cache-flutter]
2026-09-27T11:18:48.6766906Z ##[group]Run actions/cache@v5
2026-09-27T11:18:48.6767333Z with:
2026-09-27T11:18:48.6767721Z   path: /opt/hostedtoolcache/flutter/stable-3.47.5-x64
2026-09-27T11:18:48.6768540Z   key: flutter-linux-stable-3.47.5-x64-6a19cca56475dbfba1478ee68d7bd0c2ef891da1
2026-09-27T11:18:48.6769132Z   enableCrossOsArchive: false
2026-09-27T11:18:48.6769522Z   fail-on-cache-miss: false
2026-09-27T11:18:48.6769890Z   lookup-only: false
2026-09-27T11:18:48.6770276Z   save-always: false
2026-09-27T11:18:48.6770618Z ##[endgroup]
2026-09-27T11:18:48.9824228Z Cache hit for: flutter-linux-stable-3.47.5-x64-6a19cca56475dbfba1478ee68d7bd0c2ef891da1
2026-09-27T11:18:50.2215972Z Received 41943040 of 1720588870 (2.4%), 40.0 MBs/sec
2026-09-27T11:18:51.2228055Z Received 205520896 of 1720588870 (11.9%), 98.0 MBs/sec
2026-09-27T11:18:52.2247036Z Received 402653184 of 1720588870 (23.4%), 127.8 MBs/sec
2026-09-27T11:18:53.2257883Z Received 612368384 of 1720588870 (35.6%), 145.8 MBs/sec
2026-09-27T11:18:54.2290453Z Received 796917760 of 1720588870 (46.3%), 151.8 MBs/sec
2026-09-27T11:18:55.2292622Z Received 943718400 of 1720588870 (54.8%), 149.8 MBs/sec
2026-09-27T11:18:56.2344137Z Received 1170210816 of 1720588870 (68.0%), 159.2 MBs/sec
2026-09-27T11:18:57.2340085Z Received 1342177280 of 1720588870 (78.0%), 159.8 MBs/sec
2026-09-27T11:18:58.2323072Z Received 1514143744 of 1720588870 (88.0%), 160.2 MBs/sec
2026-09-27T11:18:59.2332662Z Received 1665138688 of 1720588870 (96.8%), 158.6 MBs/sec
2026-09-27T11:18:59.4649242Z Received 1720588870 of 1720588870 (100.0%), 160.2 MBs/sec
2026-09-27T11:18:59.4650531Z Cache Size: ~1641 MB (1720588870 B)
2026-09-27T11:18:59.4813587Z [command]/usr/bin/tar -xf /home/runner/work/_temp/734a171c-0d1c-4257-af1d-544099656fa6/cache.tzst -P -C /home/runner/work/AYG/AYG --use-compress-program unzstd
2026-09-27T11:19:10.4263922Z Cache restored successfully
2026-09-27T11:19:10.4958839Z Cache restored from key: flutter-linux-stable-3.47.5-x64-6a19cca56475dbfba1478ee68d7bd0c2ef891da1
2026-09-27T11:19:10.5031668Z ##[end-action id=__subosito_flutter-action.cache-flutter;outcome=success;conclusion=success;duration_ms=21834]
2026-09-27T11:19:10.5035294Z ##[start-action display=Cache pub dependencies;id=__subosito_flutter-action.cache-pub]
2026-09-27T11:19:10.6360200Z ##[group]Run actions/cache@v5
2026-09-27T11:19:10.6360619Z with:
2026-09-27T11:19:10.6361019Z   path: /home/runner/.pub-cache
2026-09-27T11:19:10.6361788Z   key: flutter-pub-linux-stable-3.47.5-x64-6a19cca56475dbfba1478ee68d7bd0c2ef891da1-536a8d08de7601b163cab0ce88a98e78ffa135bb892dd27fcae942303787f713
2026-09-27T11:19:10.6362548Z   enableCrossOsArchive: false
2026-09-27T11:19:10.6363023Z   fail-on-cache-miss: false
2026-09-27T11:19:10.6363354Z   lookup-only: false
2026-09-27T11:19:10.6363667Z   save-always: false
2026-09-27T11:19:10.6363961Z ##[endgroup]
2026-09-27T11:19:10.9455815Z Cache hit for: flutter-pub-linux-stable-3.47.5-x64-6a19cca56475dbfba1478ee68d7bd0c2ef891da1-536a8d08de7601b163cab0ce88a98e78ffa135bb892dd27fcae942303787f713
2026-09-27T11:19:12.1685028Z Received 67108864 of 115640685 (58.0%), 63.9 MBs/sec
2026-09-27T11:19:12.3525498Z Received 115640685 of 115640685 (100.0%), 93.1 MBs/sec
2026-09-27T11:19:12.3527697Z Cache Size: ~110 MB (115640685 B)
2026-09-27T11:19:12.3671872Z [command]/usr/bin/tar -xf /home/runner/work/_temp/8d95e9b5-68dd-4c77-90b5-d3c99f303aed/cache.tzst -P -C /home/runner/work/AYG/AYG --use-compress-program unzstd
2026-09-27T11:19:13.1516025Z Cache restored successfully
2026-09-27T11:19:13.1643656Z Cache restored from key: flutter-pub-linux-stable-3.47.5-x64-6a19cca56475dbfba1478ee68d7bd0c2ef891da1-536a8d08de7601b163cab0ce88a98e78ffa135bb892dd27fcae942303787f713
2026-09-27T11:19:13.1709654Z ##[end-action id=__subosito_flutter-action.cache-pub;outcome=success;conclusion=success;duration_ms=2667]
2026-09-27T11:19:13.1713995Z ##[start-action display=Run setup script;id=__subosito_flutter-action.__run_3]
2026-09-27T11:19:13.1762510Z ##[group]Run $GITHUB_ACTION_PATH/setup.sh \
2026-09-27T11:19:13.1762978Z [36;1m$GITHUB_ACTION_PATH/setup.sh \[0m
2026-09-27T11:19:13.1763389Z [36;1m  -n '3.47.5' \[0m
2026-09-27T11:19:13.1763719Z [36;1m  -a 'x64' \[0m
2026-09-27T11:19:13.1764161Z [36;1m  -c '/opt/hostedtoolcache/flutter/stable-3.47.5-x64' \[0m
2026-09-27T11:19:13.1764641Z [36;1m  -d '/home/runner/.pub-cache' \[0m
2026-09-27T11:19:13.1765031Z [36;1m  stable[0m
2026-09-27T11:19:13.1805939Z shell: /usr/bin/bash --noprofile --norc -e -o pipefail {0}
2026-09-27T11:19:13.1806394Z ##[endgroup]
2026-09-27T11:19:13.4017760Z ##[end-action id=__subosito_flutter-action.__run_3;outcome=success;conclusion=success;duration_ms=230]
2026-09-27T11:19:13.4088873Z ##[group]Run flutter pub get
2026-09-27T11:19:13.4089320Z [36;1mflutter pub get[0m
2026-09-27T11:19:13.4134291Z shell: /usr/bin/bash -e {0}
2026-09-27T11:19:13.4134719Z env:
2026-09-27T11:19:13.4135151Z   FLUTTER_ROOT: /opt/hostedtoolcache/flutter/stable-3.47.5-x64/flutter
2026-09-27T11:19:13.4135824Z   PUB_CACHE: /home/runner/.pub-cache
2026-09-27T11:19:13.4136253Z ##[endgroup]
2026-09-27T11:19:14.8072284Z Resolving dependencies...
2026-09-27T11:19:14.9612570Z Downloading packages...
2026-09-27T11:19:15.1498670Z   _fe_analyzer_shared 61.0.0 (108.0.0 available)
2026-09-27T11:19:15.1499393Z   analyzer 5.13.0 (14.4.0 available)
2026-09-27T11:19:15.1500081Z   build 2.4.1 (4.0.11 available)
2026-09-27T11:19:15.1500586Z   build_config 1.1.2 (1.3.3 available)
2026-09-27T11:19:15.1501208Z   build_daemon 4.1.2 (4.1.6 available)
2026-09-27T11:19:15.1501762Z   build_resolvers 2.4.2 (3.0.4 available)
2026-09-27T11:19:15.1502365Z   build_runner 2.4.13 (2.16.1 available)
2026-09-27T11:19:15.1503106Z   build_runner_core 7.3.2 (9.3.2 available)
2026-09-27T11:19:15.1503652Z   built_value 8.12.6 (8.13.0 available)
2026-09-27T11:19:15.1504261Z   carp_serializable 2.0.1 (3.0.0 available)
2026-09-27T11:19:15.1504848Z   clock 1.1.2 (1.1.3 available)
2026-09-27T11:19:15.1505379Z   code_assets 1.2.1 (2.1.0 available)
2026-09-27T11:19:15.1505929Z   code_builder 4.11.1 (4.12.0 available)
2026-09-27T11:19:15.1506482Z   dart_style 2.3.2 (3.1.13 available)
2026-09-27T11:19:15.1506986Z   device_info_plus 12.4.0 (13.2.0 available)
2026-09-27T11:19:15.1507621Z   device_info_plus_platform_interface 7.0.3 (8.1.0 available)
2026-09-27T11:19:15.1508464Z   functions_client 2.6.4 (2.7.1 available)
2026-09-27T11:19:15.1508958Z   glob 2.1.3 (2.2.0 available)
2026-09-27T11:19:15.1509468Z   google_sign_in 6.3.0 (7.2.0 available)
2026-09-27T11:19:15.1510000Z   google_sign_in_android 6.2.1 (7.2.17 available)
2026-09-27T11:19:15.1510613Z   google_sign_in_ios 5.9.0 (6.3.5 available)
2026-09-27T11:19:15.1511218Z   google_sign_in_platform_interface 2.5.0 (3.1.0 available)
2026-09-27T11:19:15.1511873Z   google_sign_in_web 0.12.4+4 (1.1.3 available)
2026-09-27T11:19:15.1512469Z   gotrue 2.26.0 (2.27.2 available)
2026-09-27T11:19:15.1512939Z   health 13.3.1 (13.3.2 available)
2026-09-27T11:19:15.1513412Z   hooks 2.0.2 (2.2.0 available)
2026-09-27T11:19:15.1513856Z   io 1.0.5 (1.1.0 available)
2026-09-27T11:19:15.1514473Z   jni 1.0.0 (1.0.3 available)
2026-09-27T11:19:15.1515065Z   jni_flutter 1.0.1 (1.0.3 available)
2026-09-27T11:19:15.1515586Z   js 0.6.7 (0.7.2 available)
2026-09-27T11:19:15.1516228Z   material_color_utilities 0.13.0 (0.13.1 available)
2026-09-27T11:19:15.1516990Z   mime 2.0.0 (2.1.0 available)
2026-09-27T11:19:15.1517484Z   mobile_scanner 7.4.0 (7.4.2 available)
2026-09-27T11:19:15.1518072Z   objective_c 9.4.1 (9.6.0 available)
2026-09-27T11:19:15.1518849Z   package_config 2.2.0 (3.0.0 available)
2026-09-27T11:19:15.1519496Z   passkeys_platform_interface 2.9.0 (2.10.0 available)
2026-09-27T11:19:15.1520177Z   petitparser 7.0.2 (7.1.0 available)
2026-09-27T11:19:15.1520717Z   platform 3.1.6 (3.2.0 available)
2026-09-27T11:19:15.1521248Z   pool 1.5.2 (1.5.3 available)
2026-09-27T11:19:15.1521753Z   postgrest 2.8.0 (2.9.1 available)
2026-09-27T11:19:15.1522275Z   process 5.0.5 (5.0.6 available)
2026-09-27T11:19:15.1522888Z   pub_semver 2.2.0 (2.2.1 available)
2026-09-27T11:19:15.1523483Z   pubspec_parse 1.5.0 (1.6.0 available)
2026-09-27T11:19:15.1524068Z   realtime_client 2.11.0 (2.13.0 available)
2026-09-27T11:19:15.1524737Z   record_use 0.6.0 (1.1.1 available)
2026-09-27T11:19:15.1525338Z   shared_preferences_android 2.4.27 (2.4.28 available)
2026-09-27T11:19:15.1526045Z   shared_preferences_foundation 2.5.6 (2.5.7 available)
2026-09-27T11:19:15.1526652Z   shelf_web_socket 2.0.1 (3.0.0 available)
2026-09-27T11:19:15.1527199Z   source_gen 1.5.0 (4.3.0 available)
2026-09-27T11:19:15.1527736Z   stack_trace 1.12.1 (1.12.2 available)
2026-09-27T11:19:15.1528630Z   storage_client 2.6.0 (2.8.0 available)
2026-09-27T11:19:15.1529576Z   stream_transform 2.1.1 (2.1.2 available)
2026-09-27T11:19:15.1530154Z   supabase 2.14.0 (2.16.1 available)
2026-09-27T11:19:15.1530856Z   supabase_flutter 2.16.0 (2.17.2 available)
2026-09-27T11:19:15.1531459Z   test_api 0.7.12 (0.7.14 available)
2026-09-27T11:19:15.1531955Z   url_launcher_android 6.3.32 (6.3.33 available)
2026-09-27T11:19:15.1532768Z   url_launcher_ios 6.4.1 (6.4.2 available)
2026-09-27T11:19:15.1533276Z   url_launcher_linux 3.2.2 (3.2.3 available)
2026-09-27T11:19:15.1533922Z   url_launcher_macos 3.2.5 (3.2.6 available)
2026-09-27T11:19:15.1534565Z   url_launcher_windows 3.1.5 (3.1.6 available)
2026-09-27T11:19:15.1535110Z   vector_graphics 1.2.2 (1.2.3 available)
2026-09-27T11:19:15.1535778Z   vector_graphics_compiler 1.2.6 (1.3.0 available)
2026-09-27T11:19:15.1536486Z   vm_service 15.2.0 (15.3.0 available)
2026-09-27T11:19:15.1537060Z   webdriver 3.1.0 (3.2.0 available)
2026-09-27T11:19:15.1537607Z   win32 5.15.0 (6.4.0 available)
2026-09-27T11:19:15.1538529Z   win32_registry 2.1.0 (3.0.3 available)
2026-09-27T11:19:15.1539011Z   yaml 3.1.3 (3.1.4 available)
2026-09-27T11:19:15.1539443Z Got dependencies!
2026-09-27T11:19:15.1540224Z 67 packages have newer versions incompatible with dependency constraints.
2026-09-27T11:19:15.1540964Z Try `flutter pub outdated` for more information.
2026-09-27T11:19:15.3397486Z Upgrading analysis_options.yaml to exclude build and platform directories.
2026-09-27T11:19:16.2313054Z ##[group]Run flutter analyze lib test --no-fatal-infos --no-fatal-warnings
2026-09-27T11:19:16.2313702Z [36;1mflutter analyze lib test --no-fatal-infos --no-fatal-warnings[0m
2026-09-27T11:19:16.2353431Z shell: /usr/bin/bash -e {0}
2026-09-27T11:19:16.2353873Z env:
2026-09-27T11:19:16.2354292Z   FLUTTER_ROOT: /opt/hostedtoolcache/flutter/stable-3.47.5-x64/flutter
2026-09-27T11:19:16.2354854Z   PUB_CACHE: /home/runner/.pub-cache
2026-09-27T11:19:16.2355207Z ##[endgroup]
2026-09-27T11:19:16.5912904Z Resolving dependencies...
2026-09-27T11:19:16.7445837Z Downloading packages...
2026-09-27T11:19:16.9198052Z   _fe_analyzer_shared 61.0.0 (108.0.0 available)
2026-09-27T11:19:16.9198942Z   analyzer 5.13.0 (14.4.0 available)
2026-09-27T11:19:16.9199505Z   build 2.4.1 (4.0.11 available)
2026-09-27T11:19:16.9199893Z   build_config 1.1.2 (1.3.3 available)
2026-09-27T11:19:16.9200489Z   build_daemon 4.1.2 (4.1.6 available)
2026-09-27T11:19:16.9201089Z   build_resolvers 2.4.2 (3.0.4 available)
2026-09-27T11:19:16.9201533Z   build_runner 2.4.13 (2.16.1 available)
2026-09-27T11:19:16.9201956Z   build_runner_core 7.3.2 (9.3.2 available)
2026-09-27T11:19:16.9202430Z   built_value 8.12.6 (8.13.0 available)
2026-09-27T11:19:16.9202823Z   carp_serializable 2.0.1 (3.0.0 available)
2026-09-27T11:19:16.9203240Z   clock 1.1.2 (1.1.3 available)
2026-09-27T11:19:16.9203578Z   code_assets 1.2.1 (2.1.0 available)
2026-09-27T11:19:16.9203956Z   code_builder 4.11.1 (4.12.0 available)
2026-09-27T11:19:16.9204333Z   dart_style 2.3.2 (3.1.13 available)
2026-09-27T11:19:16.9204695Z   device_info_plus 12.4.0 (13.2.0 available)
2026-09-27T11:19:16.9205367Z   device_info_plus_platform_interface 7.0.3 (8.1.0 available)
2026-09-27T11:19:16.9205810Z   functions_client 2.6.4 (2.7.1 available)
2026-09-27T11:19:16.9206249Z   glob 2.1.3 (2.2.0 available)
2026-09-27T11:19:16.9206583Z   google_sign_in 6.3.0 (7.2.0 available)
2026-09-27T11:19:16.9206951Z   google_sign_in_android 6.2.1 (7.2.17 available)
2026-09-27T11:19:16.9207404Z   google_sign_in_ios 5.9.0 (6.3.5 available)
2026-09-27T11:19:16.9207817Z   google_sign_in_platform_interface 2.5.0 (3.1.0 available)
2026-09-27T11:19:16.9208549Z   google_sign_in_web 0.12.4+4 (1.1.3 available)
2026-09-27T11:19:16.9209049Z   gotrue 2.26.0 (2.27.2 available)
2026-09-27T11:19:16.9209522Z   health 13.3.1 (13.3.2 available)
2026-09-27T11:19:16.9210037Z   hooks 2.0.2 (2.2.0 available)
2026-09-27T11:19:16.9210463Z   io 1.0.5 (1.1.0 available)
2026-09-27T11:19:16.9210969Z   jni 1.0.0 (1.0.3 available)
2026-09-27T11:19:16.9211407Z   jni_flutter 1.0.1 (1.0.3 available)
2026-09-27T11:19:16.9211864Z   js 0.6.7 (0.7.2 available)
2026-09-27T11:19:16.9212440Z   material_color_utilities 0.13.0 (0.13.1 available)
2026-09-27T11:19:16.9212860Z   mime 2.0.0 (2.1.0 available)
2026-09-27T11:19:16.9213195Z   mobile_scanner 7.4.0 (7.4.2 available)
2026-09-27T11:19:16.9213580Z   objective_c 9.4.1 (9.6.0 available)
2026-09-27T11:19:16.9214164Z   package_config 2.2.0 (3.0.0 available)
2026-09-27T11:19:16.9214590Z   passkeys_platform_interface 2.9.0 (2.10.0 available)
2026-09-27T11:19:16.9215063Z   petitparser 7.0.2 (7.1.0 available)
2026-09-27T11:19:16.9215410Z   platform 3.1.6 (3.2.0 available)
2026-09-27T11:19:16.9215804Z   pool 1.5.2 (1.5.3 available)
2026-09-27T11:19:16.9216130Z   postgrest 2.8.0 (2.9.1 available)
2026-09-27T11:19:16.9216527Z   process 5.0.5 (5.0.6 available)
2026-09-27T11:19:16.9216875Z   pub_semver 2.2.0 (2.2.1 available)
2026-09-27T11:19:16.9217219Z   pubspec_parse 1.5.0 (1.6.0 available)
2026-09-27T11:19:16.9217617Z   realtime_client 2.11.0 (2.13.0 available)
2026-09-27T11:19:16.9217971Z   record_use 0.6.0 (1.1.1 available)
2026-09-27T11:19:16.9218697Z   shared_preferences_android 2.4.27 (2.4.28 available)
2026-09-27T11:19:16.9219125Z   shared_preferences_foundation 2.5.6 (2.5.7 available)
2026-09-27T11:19:16.9219502Z   shelf_web_socket 2.0.1 (3.0.0 available)
2026-09-27T11:19:16.9219922Z   source_gen 1.5.0 (4.3.0 available)
2026-09-27T11:19:16.9220291Z   stack_trace 1.12.1 (1.12.2 available)
2026-09-27T11:19:16.9220840Z   storage_client 2.6.0 (2.8.0 available)
2026-09-27T11:19:16.9221192Z   stream_transform 2.1.1 (2.1.2 available)
2026-09-27T11:19:16.9221588Z   supabase 2.14.0 (2.16.1 available)
2026-09-27T11:19:16.9222012Z   supabase_flutter 2.16.0 (2.17.2 available)
2026-09-27T11:19:16.9222353Z   test_api 0.7.12 (0.7.14 available)
2026-09-27T11:19:16.9222734Z   url_launcher_android 6.3.32 (6.3.33 available)
2026-09-27T11:19:16.9223138Z   url_launcher_ios 6.4.1 (6.4.2 available)
2026-09-27T11:19:16.9223512Z   url_launcher_linux 3.2.2 (3.2.3 available)
2026-09-27T11:19:16.9223936Z   url_launcher_macos 3.2.5 (3.2.6 available)
2026-09-27T11:19:16.9224307Z   url_launcher_windows 3.1.5 (3.1.6 available)
2026-09-27T11:19:16.9224687Z   vector_graphics 1.2.2 (1.2.3 available)
2026-09-27T11:19:16.9225085Z   vector_graphics_compiler 1.2.6 (1.3.0 available)
2026-09-27T11:19:16.9225490Z   vm_service 15.2.0 (15.3.0 available)
2026-09-27T11:19:16.9225895Z   webdriver 3.1.0 (3.2.0 available)
2026-09-27T11:19:16.9226259Z   win32 5.15.0 (6.4.0 available)
2026-09-27T11:19:16.9226595Z   win32_registry 2.1.0 (3.0.3 available)
2026-09-27T11:19:16.9226971Z   yaml 3.1.3 (3.1.4 available)
2026-09-27T11:19:16.9227337Z Got dependencies!
2026-09-27T11:19:16.9227780Z 67 packages have newer versions incompatible with dependency constraints.
2026-09-27T11:19:16.9228453Z Try `flutter pub outdated` for more information.
2026-09-27T11:19:35.1084361Z Analyzing 2 items...                                            
2026-09-27T11:19:35.1090349Z 
2026-09-27T11:19:35.1112486Z    info • 'anonKey' is deprecated and shouldn't be used. Use publishableKey instead. anonKey will be removed in a future major version. Try replacing the use of the deprecated member with the replacement • lib/bootstrap/native_bootstrap.dart:45:7 • deprecated_member_use
2026-09-27T11:19:35.1117730Z    info • 'anonKey' is deprecated and shouldn't be used. Use publishableKey instead. anonKey will be removed in a future major version. Try replacing the use of the deprecated member with the replacement • lib/bootstrap/web_bootstrap.dart:78:11 • deprecated_member_use
2026-09-27T11:19:35.1120206Z warning • Unused import: '../models/food_entry_source.dart'. Try removing the import directive • lib/database/entity_mapper.dart:9:8 • unused_import
2026-09-27T11:19:35.1122311Z warning • Unused import: '../models/food_source_type.dart'. Try removing the import directive • lib/database/entity_mapper.dart:10:8 • unused_import
2026-09-27T11:19:35.1128672Z warning • Unused import: '../models/food_status.dart'. Try removing the import directive • lib/database/entity_mapper.dart:11:8 • unused_import
2026-09-27T11:19:35.1130531Z warning • Unused import: '../models/food_unit_type.dart'. Try removing the import directive • lib/database/entity_mapper.dart:12:8 • unused_import
2026-09-27T11:19:35.1132408Z warning • Unused import: '../models/food_visibility.dart'. Try removing the import directive • lib/database/entity_mapper.dart:13:8 • unused_import
2026-09-27T11:19:35.1134725Z warning • Unused import: '../models/moderation_status.dart'. Try removing the import directive • lib/database/entity_mapper.dart:19:8 • unused_import
2026-09-27T11:19:35.1136645Z warning • 'getByIndex' is experimental and could be removed or changed at any time • lib/database/schemas.g.dart:2237:12 • experimental_member_use
2026-09-27T11:19:35.1138597Z warning • 'getByIndexSync' is experimental and could be removed or changed at any time • lib/database/schemas.g.dart:2241:12 • experimental_member_use
2026-09-27T11:19:35.1140455Z warning • 'deleteByIndex' is experimental and could be removed or changed at any time • lib/database/schemas.g.dart:2245:12 • experimental_member_use
2026-09-27T11:19:35.1142193Z warning • 'deleteByIndexSync' is experimental and could be removed or changed at any time • lib/database/schemas.g.dart:2249:12 • experimental_member_use
2026-09-27T11:19:35.1149697Z warning • 'getAllByIndex' is experimental and could be removed or changed at any time • lib/database/schemas.g.dart:2254:12 • experimental_member_use
2026-09-27T11:19:35.1151579Z warning • 'getAllByIndexSync' is experimental and could be removed or changed at any time • lib/database/schemas.g.dart:2259:12 • experimental_member_use
2026-09-27T11:19:35.1153567Z warning • 'deleteAllByIndex' is experimental and could be removed or changed at any time • lib/database/schemas.g.dart:2264:12 • experimental_member_use
2026-09-27T11:19:35.1155551Z warning • 'deleteAllByIndexSync' is experimental and could be removed or changed at any time • lib/database/schemas.g.dart:2269:12 • experimental_member_use
2026-09-27T11:19:35.1157382Z warning • 'putByIndex' is experimental and could be removed or changed at any time • lib/database/schemas.g.dart:2273:12 • experimental_member_use
2026-09-27T11:19:35.1159216Z warning • 'putByIndexSync' is experimental and could be removed or changed at any time • lib/database/schemas.g.dart:2277:12 • experimental_member_use
2026-09-27T11:19:35.1161000Z warning • 'putAllByIndex' is experimental and could be removed or changed at any time • lib/database/schemas.g.dart:2281:12 • experimental_member_use
2026-09-27T11:19:35.1162689Z warning • 'putAllByIndexSync' is experimental and could be removed or changed at any time • lib/database/schemas.g.dart:2288:12 • experimental_member_use
2026-09-27T11:19:35.1164516Z warning • 'getByIndex' is experimental and could be removed or changed at any time • lib/database/schemas.g.dart:5533:12 • experimental_member_use
2026-09-27T11:19:35.1166322Z warning • 'getByIndexSync' is experimental and could be removed or changed at any time • lib/database/schemas.g.dart:5537:12 • experimental_member_use
2026-09-27T11:19:35.1168005Z warning • 'deleteByIndex' is experimental and could be removed or changed at any time • lib/database/schemas.g.dart:5541:12 • experimental_member_use
2026-09-27T11:19:35.1170330Z warning • 'deleteByIndexSync' is experimental and could be removed or changed at any time • lib/database/schemas.g.dart:5545:12 • experimental_member_use
2026-09-27T11:19:35.1172314Z warning • 'getAllByIndex' is experimental and could be removed or changed at any time • lib/database/schemas.g.dart:5550:12 • experimental_member_use
2026-09-27T11:19:35.1174108Z warning • 'getAllByIndexSync' is experimental and could be removed or changed at any time • lib/database/schemas.g.dart:5555:12 • experimental_member_use
2026-09-27T11:19:35.1175959Z warning • 'deleteAllByIndex' is experimental and could be removed or changed at any time • lib/database/schemas.g.dart:5560:12 • experimental_member_use
2026-09-27T11:19:35.1177933Z warning • 'deleteAllByIndexSync' is experimental and could be removed or changed at any time • lib/database/schemas.g.dart:5565:12 • experimental_member_use
2026-09-27T11:19:35.1179984Z warning • 'putByIndex' is experimental and could be removed or changed at any time • lib/database/schemas.g.dart:5569:12 • experimental_member_use
2026-09-27T11:19:35.1181956Z warning • 'putByIndexSync' is experimental and could be removed or changed at any time • lib/database/schemas.g.dart:5573:12 • experimental_member_use
2026-09-27T11:19:35.1183933Z warning • 'putAllByIndex' is experimental and could be removed or changed at any time • lib/database/schemas.g.dart:5577:12 • experimental_member_use
2026-09-27T11:19:35.1185792Z warning • 'putAllByIndexSync' is experimental and could be removed or changed at any time • lib/database/schemas.g.dart:5584:12 • experimental_member_use
2026-09-27T11:19:35.1187932Z warning • 'getByIndex' is experimental and could be removed or changed at any time • lib/database/schemas.g.dart:9984:12 • experimental_member_use
2026-09-27T11:19:35.1190032Z warning • 'getByIndexSync' is experimental and could be removed or changed at any time • lib/database/schemas.g.dart:9988:12 • experimental_member_use
2026-09-27T11:19:35.1191903Z warning • 'deleteByIndex' is experimental and could be removed or changed at any time • lib/database/schemas.g.dart:9992:12 • experimental_member_use
2026-09-27T11:19:35.1194193Z warning • 'deleteByIndexSync' is experimental and could be removed or changed at any time • lib/database/schemas.g.dart:9996:12 • experimental_member_use
2026-09-27T11:19:35.1196187Z warning • 'getAllByIndex' is experimental and could be removed or changed at any time • lib/database/schemas.g.dart:10003:12 • experimental_member_use
2026-09-27T11:19:35.1198387Z warning • 'getAllByIndexSync' is experimental and could be removed or changed at any time • lib/database/schemas.g.dart:10010:12 • experimental_member_use
2026-09-27T11:19:35.1200509Z warning • 'deleteAllByIndex' is experimental and could be removed or changed at any time • lib/database/schemas.g.dart:10015:12 • experimental_member_use
2026-09-27T11:19:35.1202537Z warning • 'deleteAllByIndexSync' is experimental and could be removed or changed at any time • lib/database/schemas.g.dart:10020:12 • experimental_member_use
2026-09-27T11:19:35.1204428Z warning • 'putByIndex' is experimental and could be removed or changed at any time • lib/database/schemas.g.dart:10024:12 • experimental_member_use
2026-09-27T11:19:35.1206464Z warning • 'putByIndexSync' is experimental and could be removed or changed at any time • lib/database/schemas.g.dart:10028:12 • experimental_member_use
2026-09-27T11:19:35.1208640Z warning • 'putAllByIndex' is experimental and could be removed or changed at any time • lib/database/schemas.g.dart:10032:12 • experimental_member_use
2026-09-27T11:19:35.1210384Z warning • 'putAllByIndexSync' is experimental and could be removed or changed at any time • lib/database/schemas.g.dart:10039:12 • experimental_member_use
2026-09-27T11:19:35.1212170Z warning • 'getByIndex' is experimental and could be removed or changed at any time • lib/database/schemas.g.dart:12788:12 • experimental_member_use
2026-09-27T11:19:35.1214054Z warning • 'getByIndexSync' is experimental and could be removed or changed at any time • lib/database/schemas.g.dart:12792:12 • experimental_member_use
2026-09-27T11:19:35.1215859Z warning • 'deleteByIndex' is experimental and could be removed or changed at any time • lib/database/schemas.g.dart:12796:12 • experimental_member_use
2026-09-27T11:19:35.1217689Z warning • 'deleteByIndexSync' is experimental and could be removed or changed at any time • lib/database/schemas.g.dart:12800:12 • experimental_member_use
2026-09-27T11:19:35.1219696Z warning • 'getAllByIndex' is experimental and could be removed or changed at any time • lib/database/schemas.g.dart:12807:12 • experimental_member_use
2026-09-27T11:19:35.1221488Z warning • 'getAllByIndexSync' is experimental and could be removed or changed at any time • lib/database/schemas.g.dart:12812:12 • experimental_member_use
2026-09-27T11:19:35.1223517Z warning • 'deleteAllByIndex' is experimental and could be removed or changed at any time • lib/database/schemas.g.dart:12817:12 • experimental_member_use
2026-09-27T11:19:35.1225472Z warning • 'deleteAllByIndexSync' is experimental and could be removed or changed at any time • lib/database/schemas.g.dart:12822:12 • experimental_member_use
2026-09-27T11:19:35.1228061Z warning • 'putByIndex' is experimental and could be removed or changed at any time • lib/database/schemas.g.dart:12826:12 • experimental_member_use
2026-09-27T11:19:35.1230091Z warning • 'putByIndexSync' is experimental and could be removed or changed at any time • lib/database/schemas.g.dart:12830:12 • experimental_member_use
2026-09-27T11:19:35.1231531Z warning • 'putAllByIndex' is experimental and could be removed or changed at any time • lib/database/schemas.g.dart:12834:12 • experimental_member_use
2026-09-27T11:19:35.1232700Z warning • 'putAllByIndexSync' is experimental and could be removed or changed at any time • lib/database/schemas.g.dart:12841:12 • experimental_member_use
2026-09-27T11:19:35.1233917Z warning • 'getByIndex' is experimental and could be removed or changed at any time • lib/database/schemas.g.dart:16417:12 • experimental_member_use
2026-09-27T11:19:35.1235203Z warning • 'getByIndexSync' is experimental and could be removed or changed at any time • lib/database/schemas.g.dart:16421:12 • experimental_member_use
2026-09-27T11:19:35.1236722Z warning • 'deleteByIndex' is experimental and could be removed or changed at any time • lib/database/schemas.g.dart:16425:12 • experimental_member_use
2026-09-27T11:19:35.1237894Z warning • 'deleteByIndexSync' is experimental and could be removed or changed at any time • lib/database/schemas.g.dart:16429:12 • experimental_member_use
2026-09-27T11:19:35.1239801Z warning • 'getAllByIndex' is experimental and could be removed or changed at any time • lib/database/schemas.g.dart:16436:12 • experimental_member_use
2026-09-27T11:19:35.1241494Z warning • 'getAllByIndexSync' is experimental and could be removed or changed at any time • lib/database/schemas.g.dart:16441:12 • experimental_member_use
2026-09-27T11:19:35.1243122Z warning • 'deleteAllByIndex' is experimental and could be removed or changed at any time • lib/database/schemas.g.dart:16446:12 • experimental_member_use
2026-09-27T11:19:35.1244807Z warning • 'deleteAllByIndexSync' is experimental and could be removed or changed at any time • lib/database/schemas.g.dart:16451:12 • experimental_member_use
2026-09-27T11:19:35.1246509Z warning • 'putByIndex' is experimental and could be removed or changed at any time • lib/database/schemas.g.dart:16455:12 • experimental_member_use
2026-09-27T11:19:35.1248224Z warning • 'putByIndexSync' is experimental and could be removed or changed at any time • lib/database/schemas.g.dart:16459:12 • experimental_member_use
2026-09-27T11:19:35.1249949Z warning • 'putAllByIndex' is experimental and could be removed or changed at any time • lib/database/schemas.g.dart:16463:12 • experimental_member_use
2026-09-27T11:19:35.1251549Z warning • 'putAllByIndexSync' is experimental and could be removed or changed at any time • lib/database/schemas.g.dart:16470:12 • experimental_member_use
2026-09-27T11:19:35.1253142Z warning • 'getByIndex' is experimental and could be removed or changed at any time • lib/database/schemas.g.dart:19856:12 • experimental_member_use
2026-09-27T11:19:35.1254809Z warning • 'getByIndexSync' is experimental and could be removed or changed at any time • lib/database/schemas.g.dart:19860:12 • experimental_member_use
2026-09-27T11:19:35.1256504Z warning • 'deleteByIndex' is experimental and could be removed or changed at any time • lib/database/schemas.g.dart:19864:12 • experimental_member_use
2026-09-27T11:19:35.1258091Z warning • 'deleteByIndexSync' is experimental and could be removed or changed at any time • lib/database/schemas.g.dart:19868:12 • experimental_member_use
2026-09-27T11:19:35.1259854Z warning • 'getAllByIndex' is experimental and could be removed or changed at any time • lib/database/schemas.g.dart:19875:12 • experimental_member_use
2026-09-27T11:19:35.1261485Z warning • 'getAllByIndexSync' is experimental and could be removed or changed at any time • lib/database/schemas.g.dart:19880:12 • experimental_member_use
2026-09-27T11:19:35.1263239Z warning • 'deleteAllByIndex' is experimental and could be removed or changed at any time • lib/database/schemas.g.dart:19885:12 • experimental_member_use
2026-09-27T11:19:35.1265068Z warning • 'deleteAllByIndexSync' is experimental and could be removed or changed at any time • lib/database/schemas.g.dart:19890:12 • experimental_member_use
2026-09-27T11:19:35.1266661Z warning • 'putByIndex' is experimental and could be removed or changed at any time • lib/database/schemas.g.dart:19894:12 • experimental_member_use
2026-09-27T11:19:35.1271239Z warning • 'putByIndexSync' is experimental and could be removed or changed at any time • lib/database/schemas.g.dart:19898:12 • experimental_member_use
2026-09-27T11:19:35.1274857Z warning • 'putAllByIndex' is experimental and could be removed or changed at any time • lib/database/schemas.g.dart:19902:12 • experimental_member_use
2026-09-27T11:19:35.1276059Z warning • 'putAllByIndexSync' is experimental and could be removed or changed at any time • lib/database/schemas.g.dart:19909:12 • experimental_member_use
2026-09-27T11:19:35.1277308Z warning • 'getByIndex' is experimental and could be removed or changed at any time • lib/database/schemas.g.dart:21562:12 • experimental_member_use
2026-09-27T11:19:35.1279072Z warning • 'getByIndexSync' is experimental and could be removed or changed at any time • lib/database/schemas.g.dart:21566:12 • experimental_member_use
2026-09-27T11:19:35.1280856Z warning • 'deleteByIndex' is experimental and could be removed or changed at any time • lib/database/schemas.g.dart:21570:12 • experimental_member_use
2026-09-27T11:19:35.1282748Z warning • 'deleteByIndexSync' is experimental and could be removed or changed at any time • lib/database/schemas.g.dart:21574:12 • experimental_member_use
2026-09-27T11:19:35.1284548Z warning • 'getAllByIndex' is experimental and could be removed or changed at any time • lib/database/schemas.g.dart:21581:12 • experimental_member_use
2026-09-27T11:19:35.1286429Z warning • 'getAllByIndexSync' is experimental and could be removed or changed at any time • lib/database/schemas.g.dart:21588:12 • experimental_member_use
2026-09-27T11:19:35.1288594Z warning • 'deleteAllByIndex' is experimental and could be removed or changed at any time • lib/database/schemas.g.dart:21593:12 • experimental_member_use
2026-09-27T11:19:35.1290488Z warning • 'deleteAllByIndexSync' is experimental and could be removed or changed at any time • lib/database/schemas.g.dart:21598:12 • experimental_member_use
2026-09-27T11:19:35.1292251Z warning • 'putByIndex' is experimental and could be removed or changed at any time • lib/database/schemas.g.dart:21602:12 • experimental_member_use
2026-09-27T11:19:35.1293812Z warning • 'putByIndexSync' is experimental and could be removed or changed at any time • lib/database/schemas.g.dart:21609:12 • experimental_member_use
2026-09-27T11:19:35.1295185Z warning • 'putAllByIndex' is experimental and could be removed or changed at any time • lib/database/schemas.g.dart:21613:12 • experimental_member_use
2026-09-27T11:19:35.1296480Z warning • 'putAllByIndexSync' is experimental and could be removed or changed at any time • lib/database/schemas.g.dart:21620:12 • experimental_member_use
2026-09-27T11:19:35.1297968Z warning • 'getByIndex' is experimental and could be removed or changed at any time • lib/database/schemas.g.dart:23917:12 • experimental_member_use
2026-09-27T11:19:35.1300043Z warning • 'getByIndexSync' is experimental and could be removed or changed at any time • lib/database/schemas.g.dart:23921:12 • experimental_member_use
2026-09-27T11:19:35.1301492Z warning • 'deleteByIndex' is experimental and could be removed or changed at any time • lib/database/schemas.g.dart:23925:12 • experimental_member_use
2026-09-27T11:19:35.1302753Z warning • 'deleteByIndexSync' is experimental and could be removed or changed at any time • lib/database/schemas.g.dart:23929:12 • experimental_member_use
2026-09-27T11:19:35.1303861Z warning • 'getAllByIndex' is experimental and could be removed or changed at any time • lib/database/schemas.g.dart:23936:12 • experimental_member_use
2026-09-27T11:19:35.1305134Z warning • 'getAllByIndexSync' is experimental and could be removed or changed at any time • lib/database/schemas.g.dart:23943:12 • experimental_member_use
2026-09-27T11:19:35.1306473Z warning • 'deleteAllByIndex' is experimental and could be removed or changed at any time • lib/database/schemas.g.dart:23948:12 • experimental_member_use
2026-09-27T11:19:35.1307666Z warning • 'deleteAllByIndexSync' is experimental and could be removed or changed at any time • lib/database/schemas.g.dart:23953:12 • experimental_member_use
2026-09-27T11:19:35.1309404Z warning • 'putByIndex' is experimental and could be removed or changed at any time • lib/database/schemas.g.dart:23957:12 • experimental_member_use
2026-09-27T11:19:35.1311089Z warning • 'putByIndexSync' is experimental and could be removed or changed at any time • lib/database/schemas.g.dart:23964:12 • experimental_member_use
2026-09-27T11:19:35.1312831Z warning • 'putAllByIndex' is experimental and could be removed or changed at any time • lib/database/schemas.g.dart:23968:12 • experimental_member_use
2026-09-27T11:19:35.1314730Z warning • 'putAllByIndexSync' is experimental and could be removed or changed at any time • lib/database/schemas.g.dart:23975:12 • experimental_member_use
2026-09-27T11:19:35.1316512Z warning • 'getByIndex' is experimental and could be removed or changed at any time • lib/database/schemas.g.dart:27888:12 • experimental_member_use
2026-09-27T11:19:35.1330392Z warning • 'getByIndexSync' is experimental and could be removed or changed at any time • lib/database/schemas.g.dart:27892:12 • experimental_member_use
2026-09-27T11:19:35.1332656Z warning • 'deleteByIndex' is experimental and could be removed or changed at any time • lib/database/schemas.g.dart:27896:12 • experimental_member_use
2026-09-27T11:19:35.1334406Z warning • 'deleteByIndexSync' is experimental and could be removed or changed at any time • lib/database/schemas.g.dart:27900:12 • experimental_member_use
2026-09-27T11:19:35.1336274Z warning • 'getAllByIndex' is experimental and could be removed or changed at any time • lib/database/schemas.g.dart:27905:12 • experimental_member_use
2026-09-27T11:19:35.1337991Z warning • 'getAllByIndexSync' is experimental and could be removed or changed at any time • lib/database/schemas.g.dart:27910:12 • experimental_member_use
2026-09-27T11:19:35.1339867Z warning • 'deleteAllByIndex' is experimental and could be removed or changed at any time • lib/database/schemas.g.dart:27915:12 • experimental_member_use
2026-09-27T11:19:35.1341340Z warning • 'deleteAllByIndexSync' is experimental and could be removed or changed at any time • lib/database/schemas.g.dart:27920:12 • experimental_member_use
2026-09-27T11:19:35.1342486Z warning • 'putByIndex' is experimental and could be removed or changed at any time • lib/database/schemas.g.dart:27924:12 • experimental_member_use
2026-09-27T11:19:35.1343548Z warning • 'putByIndexSync' is experimental and could be removed or changed at any time • lib/database/schemas.g.dart:27928:12 • experimental_member_use
2026-09-27T11:19:35.1344750Z warning • 'putAllByIndex' is experimental and could be removed or changed at any time • lib/database/schemas.g.dart:27932:12 • experimental_member_use
2026-09-27T11:19:35.1345843Z warning • 'putAllByIndexSync' is experimental and could be removed or changed at any time • lib/database/schemas.g.dart:27939:12 • experimental_member_use
2026-09-27T11:19:35.1347022Z warning • 'getByIndex' is experimental and could be removed or changed at any time • lib/database/schemas.g.dart:29872:12 • experimental_member_use
2026-09-27T11:19:35.1348380Z warning • 'getByIndexSync' is experimental and could be removed or changed at any time • lib/database/schemas.g.dart:29876:12 • experimental_member_use
2026-09-27T11:19:35.1350554Z warning • 'deleteByIndex' is experimental and could be removed or changed at any time • lib/database/schemas.g.dart:29880:12 • experimental_member_use
2026-09-27T11:19:35.1352447Z warning • 'deleteByIndexSync' is experimental and could be removed or changed at any time • lib/database/schemas.g.dart:29884:12 • experimental_member_use
2026-09-27T11:19:35.1354584Z warning • 'getAllByIndex' is experimental and could be removed or changed at any time • lib/database/schemas.g.dart:29891:12 • experimental_member_use
2026-09-27T11:19:35.1356457Z warning • 'getAllByIndexSync' is experimental and could be removed or changed at any time • lib/database/schemas.g.dart:29898:12 • experimental_member_use
2026-09-27T11:19:35.1358380Z warning • 'deleteAllByIndex' is experimental and could be removed or changed at any time • lib/database/schemas.g.dart:29903:12 • experimental_member_use
2026-09-27T11:19:35.1360265Z warning • 'deleteAllByIndexSync' is experimental and could be removed or changed at any time • lib/database/schemas.g.dart:29908:12 • experimental_member_use
2026-09-27T11:19:35.1362123Z warning • 'putByIndex' is experimental and could be removed or changed at any time • lib/database/schemas.g.dart:29912:12 • experimental_member_use
2026-09-27T11:19:35.1364457Z warning • 'putByIndexSync' is experimental and could be removed or changed at any time • lib/database/schemas.g.dart:29916:12 • experimental_member_use
2026-09-27T11:19:35.1366856Z warning • 'putAllByIndex' is experimental and could be removed or changed at any time • lib/database/schemas.g.dart:29920:12 • experimental_member_use
2026-09-27T11:19:35.1369165Z warning • 'putAllByIndexSync' is experimental and could be removed or changed at any time • lib/database/schemas.g.dart:29927:12 • experimental_member_use
2026-09-27T11:19:35.1371456Z warning • Unused import: 'calculation_versions.dart'. Try removing the import directive • lib/models/calculation/macro_target_breakdown.dart:1:8 • unused_import
2026-09-27T11:19:35.1373748Z    info • The imported package 'web' isn't a dependency of the importing package. Try adding a dependency for 'web' in the 'pubspec.yaml' file • lib/platform/web/in_app_browser_detector_web.dart:1:8 • depend_on_referenced_packages
2026-09-27T11:19:35.1376391Z warning • Unused import: '../../../repositories/health_repository_support.dart'. Try removing the import directive • lib/platform/web/repositories/web_weight_repository.dart:4:8 • unused_import
2026-09-27T11:19:35.1378907Z    info • The imported package 'web' isn't a dependency of the importing package. Try adding a dependency for 'web' in the 'pubspec.yaml' file • lib/platform/web/web_browser_utils_web.dart:1:8 • depend_on_referenced_packages
2026-09-27T11:19:35.1380858Z    info • Use an initializing formal to assign a parameter to a field. Try using an initialing formal ('this._userRepository') to initialize the field • lib/platform/web/web_local_user_data_clearer.dart:26:8 • prefer_initializing_formals
2026-09-27T11:19:35.1382561Z    info • Use an initializing formal to assign a parameter to a field. Try using an initialing formal ('this._settingsRepository') to initialize the field • lib/platform/web/web_local_user_data_clearer.dart:27:8 • prefer_initializing_formals
2026-09-27T11:19:35.1384256Z    info • Use an initializing formal to assign a parameter to a field. Try using an initialing formal ('this._foodRepository') to initialize the field • lib/platform/web/web_local_user_data_clearer.dart:28:8 • prefer_initializing_formals
2026-09-27T11:19:35.1386005Z    info • Use an initializing formal to assign a parameter to a field. Try using an initialing formal ('this._exerciseRepository') to initialize the field • lib/platform/web/web_local_user_data_clearer.dart:29:8 • prefer_initializing_formals
2026-09-27T11:19:35.1387668Z    info • Use an initializing formal to assign a parameter to a field. Try using an initialing formal ('this._alcoholRepository') to initialize the field • lib/platform/web/web_local_user_data_clearer.dart:30:8 • prefer_initializing_formals
2026-09-27T11:19:35.1389642Z    info • Use an initializing formal to assign a parameter to a field. Try using an initialing formal ('this._weightRepository') to initialize the field • lib/platform/web/web_local_user_data_clearer.dart:31:8 • prefer_initializing_formals
2026-09-27T11:19:35.1391261Z    info • Use an initializing formal to assign a parameter to a field. Try using an initialing formal ('this._savedFoodRepository') to initialize the field • lib/platform/web/web_local_user_data_clearer.dart:32:8 • prefer_initializing_formals
2026-09-27T11:19:35.1393125Z    info • Use an initializing formal to assign a parameter to a field. Try using an initialing formal ('this._mealTemplateRepository') to initialize the field • lib/platform/web/web_local_user_data_clearer.dart:33:8 • prefer_initializing_formals
2026-09-27T11:19:35.1394761Z    info • Use an initializing formal to assign a parameter to a field. Try using an initialing formal ('this._workoutTemplateRepository') to initialize the field • lib/platform/web/web_local_user_data_clearer.dart:34:8 • prefer_initializing_formals
2026-09-27T11:19:35.1396446Z    info • The imported package 'web' isn't a dependency of the importing package. Try adding a dependency for 'web' in the 'pubspec.yaml' file • lib/platform/web/web_storage_probe_web.dart:1:8 • depend_on_referenced_packages
2026-09-27T11:19:35.1398559Z    info • Use an initializing formal to assign a parameter to a field. Try using an initialing formal ('this._weightRepository') to initialize the field • lib/platform/web/web_unsupported_health_repository.dart:11:8 • prefer_initializing_formals
2026-09-27T11:19:35.1400057Z warning • Unused import: '../models/alcohol_entry.dart'. Try removing the import directive • lib/repositories/data_sync_repository.dart:4:8 • unused_import
2026-09-27T11:19:35.1401224Z warning • Unused import: '../models/exercise_entry.dart'. Try removing the import directive • lib/repositories/data_sync_repository.dart:6:8 • unused_import
2026-09-27T11:19:35.1402360Z warning • Unused import: '../models/food_entry.dart'. Try removing the import directive • lib/repositories/data_sync_repository.dart:7:8 • unused_import
2026-09-27T11:19:35.1403553Z warning • Unused import: 'contracts/workout_template_repository_base.dart'. Try removing the import directive • lib/repositories/data_sync_repository.dart:20:8 • unused_import
2026-09-27T11:19:35.1404857Z warning • Unused import: 'supabase/supabase_workout_template_repository.dart'. Try removing the import directive • lib/repositories/data_sync_repository.dart:28:8 • unused_import
2026-09-27T11:19:35.1406347Z    info • Use an initializing formal to assign a parameter to a field. Try using an initialing formal ('this._userRepository') to initialize the field • lib/repositories/data_sync_repository.dart:108:8 • prefer_initializing_formals
2026-09-27T11:19:35.1407971Z    info • Use an initializing formal to assign a parameter to a field. Try using an initialing formal ('this._settingsRepository') to initialize the field • lib/repositories/data_sync_repository.dart:109:8 • prefer_initializing_formals
2026-09-27T11:19:35.1409854Z    info • Use an initializing formal to assign a parameter to a field. Try using an initialing formal ('this._foodRepository') to initialize the field • lib/repositories/data_sync_repository.dart:110:8 • prefer_initializing_formals
2026-09-27T11:19:35.1411492Z    info • Use an initializing formal to assign a parameter to a field. Try using an initialing formal ('this._exerciseRepository') to initialize the field • lib/repositories/data_sync_repository.dart:111:8 • prefer_initializing_formals
2026-09-27T11:19:35.1413056Z    info • Use an initializing formal to assign a parameter to a field. Try using an initialing formal ('this._alcoholRepository') to initialize the field • lib/repositories/data_sync_repository.dart:112:8 • prefer_initializing_formals
2026-09-27T11:19:35.1414667Z    info • Use an initializing formal to assign a parameter to a field. Try using an initialing formal ('this._weightRepository') to initialize the field • lib/repositories/data_sync_repository.dart:113:8 • prefer_initializing_formals
2026-09-27T11:19:35.1416192Z    info • Use an initializing formal to assign a parameter to a field. Try using an initialing formal ('this._foodMaster') to initialize the field • lib/repositories/data_sync_repository.dart:114:8 • prefer_initializing_formals
2026-09-27T11:19:35.1418487Z warning • Unused import: 'meal_template_repository.dart'. Try removing the import directive • lib/repositories/food_master_repositories.dart:9:8 • unused_import
2026-09-27T11:19:35.1419911Z warning • Unused import: 'workout_template_repository.dart'. Try removing the import directive • lib/repositories/food_master_repositories.dart:10:8 • unused_import
2026-09-27T11:19:35.1421280Z    info • The member 'save' overrides an inherited member but isn't annotated with '@override'. Try adding the '@override' annotation • lib/repositories/isar/exercise_repository.dart:13:16 • annotate_overrides
2026-09-27T11:19:35.1422765Z    info • The member 'saveAll' overrides an inherited member but isn't annotated with '@override'. Try adding the '@override' annotation • lib/repositories/isar/exercise_repository.dart:21:16 • annotate_overrides
2026-09-27T11:19:35.1424281Z    info • The member 'loadAll' overrides an inherited member but isn't annotated with '@override'. Try adding the '@override' annotation • lib/repositories/isar/exercise_repository.dart:29:31 • annotate_overrides
2026-09-27T11:19:35.1426512Z    info • The member 'delete' overrides an inherited member but isn't annotated with '@override'. Try adding the '@override' annotation • lib/repositories/isar/exercise_repository.dart:35:16 • annotate_overrides
2026-09-27T11:19:35.1428013Z    info • The member 'clearAll' overrides an inherited member but isn't annotated with '@override'. Try adding the '@override' annotation • lib/repositories/isar/exercise_repository.dart:47:16 • annotate_overrides
2026-09-27T11:19:35.1429941Z    info • The member 'save' overrides an inherited member but isn't annotated with '@override'. Try adding the '@override' annotation • lib/repositories/isar/food_repository.dart:13:16 • annotate_overrides
2026-09-27T11:19:35.1431441Z    info • The member 'saveAll' overrides an inherited member but isn't annotated with '@override'. Try adding the '@override' annotation • lib/repositories/isar/food_repository.dart:19:16 • annotate_overrides
2026-09-27T11:19:35.1432925Z    info • The member 'loadAll' overrides an inherited member but isn't annotated with '@override'. Try adding the '@override' annotation • lib/repositories/isar/food_repository.dart:27:27 • annotate_overrides
2026-09-27T11:19:35.1434342Z    info • The member 'delete' overrides an inherited member but isn't annotated with '@override'. Try adding the '@override' annotation • lib/repositories/isar/food_repository.dart:33:16 • annotate_overrides
2026-09-27T11:19:35.1435818Z    info • The member 'clearAll' overrides an inherited member but isn't annotated with '@override'. Try adding the '@override' annotation • lib/repositories/isar/food_repository.dart:45:16 • annotate_overrides
2026-09-27T11:19:35.1437340Z    info • The member 'saveAllPrivate' overrides an inherited member but isn't annotated with '@override'. Try adding the '@override' annotation • lib/repositories/isar/isar_saved_food_repository.dart:27:16 • annotate_overrides
2026-09-27T11:19:35.1439131Z    info • The member 'loadAllOwnIncludingDeleted' overrides an inherited member but isn't annotated with '@override'. Try adding the '@override' annotation • lib/repositories/isar/isar_saved_food_repository.dart:194:27 • annotate_overrides
2026-09-27T11:19:35.1440769Z    info • The member 'saveNutritionSettings' overrides an inherited member but isn't annotated with '@override'. Try adding the '@override' annotation • lib/repositories/isar/settings_repository.dart:15:16 • annotate_overrides
2026-09-27T11:19:35.1442374Z    info • The member 'loadNutritionSettings' overrides an inherited member but isn't annotated with '@override'. Try adding the '@override' annotation • lib/repositories/isar/settings_repository.dart:23:30 • annotate_overrides
2026-09-27T11:19:35.1443917Z    info • The member 'saveHealthSnapshot' overrides an inherited member but isn't annotated with '@override'. Try adding the '@override' annotation • lib/repositories/isar/settings_repository.dart:31:16 • annotate_overrides
2026-09-27T11:19:35.1445651Z    info • The member 'loadHealthSnapshot' overrides an inherited member but isn't annotated with '@override'. Try adding the '@override' annotation • lib/repositories/isar/settings_repository.dart:39:27 • annotate_overrides
2026-09-27T11:19:35.1447257Z    info • The member 'saveAppSettings' overrides an inherited member but isn't annotated with '@override'. Try adding the '@override' annotation • lib/repositories/isar/settings_repository.dart:47:16 • annotate_overrides
2026-09-27T11:19:35.1449103Z    info • The member 'loadAppSettings' overrides an inherited member but isn't annotated with '@override'. Try adding the '@override' annotation • lib/repositories/isar/settings_repository.dart:55:23 • annotate_overrides
2026-09-27T11:19:35.1450567Z    info • The member 'clearAll' overrides an inherited member but isn't annotated with '@override'. Try adding the '@override' annotation • lib/repositories/isar/settings_repository.dart:63:16 • annotate_overrides
2026-09-27T11:19:35.1452233Z    info • Use an initializing formal to assign a parameter to a field. Try using an initialing formal ('this._weightRepository') to initialize the field • lib/repositories/isar/unsupported_health_repository.dart:13:8 • prefer_initializing_formals
2026-09-27T11:19:35.1453813Z    info • The member 'saveProfile' overrides an inherited member but isn't annotated with '@override'. Try adding the '@override' annotation • lib/repositories/isar/user_repository.dart:14:16 • annotate_overrides
2026-09-27T11:19:35.1455292Z    info • The member 'loadProfile' overrides an inherited member but isn't annotated with '@override'. Try adding the '@override' annotation • lib/repositories/isar/user_repository.dart:22:24 • annotate_overrides
2026-09-27T11:19:35.1456820Z    info • The member 'saveGoal' overrides an inherited member but isn't annotated with '@override'. Try adding the '@override' annotation • lib/repositories/isar/user_repository.dart:30:16 • annotate_overrides
2026-09-27T11:19:35.1458601Z    info • The member 'loadGoal' overrides an inherited member but isn't annotated with '@override'. Try adding the '@override' annotation • lib/repositories/isar/user_repository.dart:36:17 • annotate_overrides
2026-09-27T11:19:35.1460041Z    info • The member 'clearAll' overrides an inherited member but isn't annotated with '@override'. Try adding the '@override' annotation • lib/repositories/isar/user_repository.dart:44:16 • annotate_overrides
2026-09-27T11:19:35.1461476Z    info • The member 'save' overrides an inherited member but isn't annotated with '@override'. Try adding the '@override' annotation • lib/repositories/isar/weight_repository.dart:14:16 • annotate_overrides
2026-09-27T11:19:35.1462913Z    info • The member 'delete' overrides an inherited member but isn't annotated with '@override'. Try adding the '@override' annotation • lib/repositories/isar/weight_repository.dart:22:16 • annotate_overrides
2026-09-27T11:19:35.1463945Z 285 issues found. (ran in 17.4s)
2026-09-27T11:19:35.1464989Z    info • The member 'loadAll' overrides an inherited member but isn't annotated with '@override'. Try adding the '@override' annotation • lib/repositories/isar/weight_repository.dart:31:29 • annotate_overrides
2026-09-27T11:19:35.1466590Z    info • The member 'latestWeight' overrides an inherited member but isn't annotated with '@override'. Try adding the '@override' annotation • lib/repositories/isar/weight_repository.dart:37:19 • annotate_overrides
2026-09-27T11:19:35.1468297Z    info • The member 'loadWeightRecords' overrides an inherited member but isn't annotated with '@override'. Try adding the '@override' annotation • lib/repositories/isar/weight_repository.dart:54:30 • annotate_overrides
2026-09-27T11:19:35.1469822Z    info • The member 'saveWeightRecord' overrides an inherited member but isn't annotated with '@override'. Try adding the '@override' annotation • lib/repositories/isar/weight_repository.dart:59:16 • annotate_overrides
2026-09-27T11:19:35.1471400Z    info • The member 'clearAll' overrides an inherited member but isn't annotated with '@override'. Try adding the '@override' annotation • lib/repositories/isar/weight_repository.dart:63:16 • annotate_overrides
2026-09-27T11:19:35.1472913Z    info • Use an initializing formal to assign a parameter to a field. Try using an initialing formal ('this._preferences') to initialize the field • lib/repositories/local_session_store.dart:33:8 • prefer_initializing_formals
2026-09-27T11:19:35.1474609Z    info • Use an initializing formal to assign a parameter to a field. Try using an initialing formal ('this._weightRepository') to initialize the field • lib/repositories/platform_health_repository.dart:20:8 • prefer_initializing_formals
2026-09-27T11:19:35.1476239Z    info • Use an initializing formal to assign a parameter to a field. Try using an initialing formal ('this._store') to initialize the field • lib/repositories/storekit_subscription_repository.dart:32:8 • prefer_initializing_formals
2026-09-27T11:19:35.1477882Z    info • Use an initializing formal to assign a parameter to a field. Try using an initialing formal ('this._preferences') to initialize the field • lib/repositories/storekit_subscription_repository.dart:33:8 • prefer_initializing_formals
2026-09-27T11:19:35.1479725Z    info • Use an initializing formal to assign a parameter to a field. Try using an initialing formal ('this._purchaseUpdates') to initialize the field • lib/repositories/storekit_subscription_repository.dart:34:8 • prefer_initializing_formals
2026-09-27T11:19:35.1481478Z    info • Use an initializing formal to assign a parameter to a field. Try using an initialing formal ('this._loadEntitlements') to initialize the field • lib/repositories/storekit_subscription_repository.dart:35:8 • prefer_initializing_formals
2026-09-27T11:19:35.1483358Z    info • The member 'upsertOwnPrivate' overrides an inherited member but isn't annotated with '@override'. Try adding the '@override' annotation • lib/repositories/supabase/supabase_saved_food_repository.dart:23:21 • annotate_overrides
2026-09-27T11:19:35.1485618Z    info • The member 'updateOwnRow' overrides an inherited member but isn't annotated with '@override'. Try adding the '@override' annotation • lib/repositories/supabase/supabase_saved_food_repository.dart:65:21 • annotate_overrides
2026-09-27T11:19:35.1487972Z    info • The member 'publish' overrides an inherited member but isn't annotated with '@override'. Try adding the '@override' annotation • lib/repositories/supabase/supabase_saved_food_repository.dart:84:21 • annotate_overrides
2026-09-27T11:19:35.1490032Z    info • The member 'unpublish' overrides an inherited member but isn't annotated with '@override'. Try adding the '@override' annotation • lib/repositories/supabase/supabase_saved_food_repository.dart:105:21 • annotate_overrides
2026-09-27T11:19:35.1491747Z    info • The member 'pullAllOwn' overrides an inherited member but isn't annotated with '@override'. Try adding the '@override' annotation • lib/repositories/supabase/supabase_saved_food_repository.dart:123:27 • annotate_overrides
2026-09-27T11:19:35.1493323Z    info • The member 'pushAllOwn' overrides an inherited member but isn't annotated with '@override'. Try adding the '@override' annotation • lib/repositories/supabase/supabase_saved_food_repository.dart:137:16 • annotate_overrides
2026-09-27T11:19:35.1495055Z    info • The member 'searchPublic' overrides an inherited member but isn't annotated with '@override'. Try adding the '@override' annotation • lib/repositories/supabase/supabase_saved_food_repository.dart:158:27 • annotate_overrides
2026-09-27T11:19:35.1496637Z    info • The member 'getPublicById' overrides an inherited member but isn't annotated with '@override'. Try adding the '@override' annotation • lib/repositories/supabase/supabase_saved_food_repository.dart:234:22 • annotate_overrides
2026-09-27T11:19:35.1498478Z    info • The member 'findExactPublicDuplicate' overrides an inherited member but isn't annotated with '@override'. Try adding the '@override' annotation • lib/repositories/supabase/supabase_saved_food_repository.dart:255:22 • annotate_overrides
2026-09-27T11:19:35.1500236Z    info • The member 'findSimilarPublicFoods' overrides an inherited member but isn't annotated with '@override'. Try adding the '@override' annotation • lib/repositories/supabase/supabase_saved_food_repository.dart:291:27 • annotate_overrides
2026-09-27T11:19:35.1501915Z    info • The member 'buildPrivateCopy' overrides an inherited member but isn't annotated with '@override'. Try adding the '@override' annotation • lib/repositories/supabase/supabase_saved_food_repository.dart:350:13 • annotate_overrides
2026-09-27T11:19:35.1503577Z    info • The imported package 'postgrest' isn't a dependency of the importing package. Try adding a dependency for 'postgrest' in the 'pubspec.yaml' file • lib/repositories/sync_step_runner.dart:2:8 • depend_on_referenced_packages
2026-09-27T11:19:35.1505214Z    info • Use an initializing formal to assign a parameter to a field. Try using an initialing formal ('this._local') to initialize the field • lib/repositories/synced_saved_food_repository.dart:16:8 • prefer_initializing_formals
2026-09-27T11:19:35.1506756Z    info • Use an initializing formal to assign a parameter to a field. Try using an initialing formal ('this._remote') to initialize the field • lib/repositories/synced_saved_food_repository.dart:17:8 • prefer_initializing_formals
2026-09-27T11:19:35.1508446Z    info • Don't use 'BuildContext's across async gaps. Try rewriting the code to not use the 'BuildContext', or guard the use with a 'mounted' check • lib/screens/food/food_form_screen.dart:511:16 • use_build_context_synchronously
2026-09-27T11:19:35.1510154Z    info • Don't use 'BuildContext's across async gaps. Try rewriting the code to not use the 'BuildContext', or guard the use with a 'mounted' check • lib/screens/food/food_meal_registration_screen.dart:345:16 • use_build_context_synchronously
2026-09-27T11:19:35.1511916Z    info • Don't use 'BuildContext's across async gaps. Try rewriting the code to not use the 'BuildContext', or guard the use with a 'mounted' check • lib/screens/meal_template/meal_template_form_screen.dart:99:9 • use_build_context_synchronously
2026-09-27T11:19:35.1513744Z    info • Don't use 'BuildContext's across async gaps. Try rewriting the code to not use the 'BuildContext', or guard the use with a 'mounted' check • lib/screens/meal_template/meal_template_list_screen.dart:163:16 • use_build_context_synchronously
2026-09-27T11:19:35.1515500Z    info • Don't use 'BuildContext's across async gaps. Try rewriting the code to not use the 'BuildContext', or guard the use with a 'mounted' check • lib/screens/workout_template/workout_template_screens.dart:259:16 • use_build_context_synchronously
2026-09-27T11:19:35.1517745Z    info • 'value' is deprecated and shouldn't be used. Use initialValue instead. This will set the initial value for the form field. This feature was deprecated after v3.33.0-1.0.pre. Try replacing the use of the deprecated member with the replacement • lib/screens/workout_template/workout_template_screens.dart:399:15 • deprecated_member_use
2026-09-27T11:19:35.1520088Z    info • Use an initializing formal to assign a parameter to a field. Try using an initialing formal ('this._isar') to initialize the field • lib/services/isar/local_user_data_clearer.dart:29:8 • prefer_initializing_formals
2026-09-27T11:19:35.1521774Z    info • Use an initializing formal to assign a parameter to a field. Try using an initialing formal ('this._userRepository') to initialize the field • lib/services/isar/local_user_data_clearer.dart:30:8 • prefer_initializing_formals
2026-09-27T11:19:35.1523486Z    info • Use an initializing formal to assign a parameter to a field. Try using an initialing formal ('this._settingsRepository') to initialize the field • lib/services/isar/local_user_data_clearer.dart:31:8 • prefer_initializing_formals
2026-09-27T11:19:35.1525119Z    info • Use an initializing formal to assign a parameter to a field. Try using an initialing formal ('this._foodRepository') to initialize the field • lib/services/isar/local_user_data_clearer.dart:32:8 • prefer_initializing_formals
2026-09-27T11:19:35.1526925Z    info • Use an initializing formal to assign a parameter to a field. Try using an initialing formal ('this._exerciseRepository') to initialize the field • lib/services/isar/local_user_data_clearer.dart:33:8 • prefer_initializing_formals
2026-09-27T11:19:35.1528902Z    info • Use an initializing formal to assign a parameter to a field. Try using an initialing formal ('this._alcoholRepository') to initialize the field • lib/services/isar/local_user_data_clearer.dart:34:8 • prefer_initializing_formals
2026-09-27T11:19:35.1530605Z    info • Use an initializing formal to assign a parameter to a field. Try using an initialing formal ('this._weightRepository') to initialize the field • lib/services/isar/local_user_data_clearer.dart:35:8 • prefer_initializing_formals
2026-09-27T11:19:35.1532334Z    info • Use an initializing formal to assign a parameter to a field. Try using an initialing formal ('this._savedFoodRepository') to initialize the field • lib/services/isar/local_user_data_clearer.dart:36:8 • prefer_initializing_formals
2026-09-27T11:19:35.1534055Z    info • Use an initializing formal to assign a parameter to a field. Try using an initialing formal ('this._mealTemplateRepository') to initialize the field • lib/services/isar/local_user_data_clearer.dart:37:8 • prefer_initializing_formals
2026-09-27T11:19:35.1535764Z    info • Use an initializing formal to assign a parameter to a field. Try using an initialing formal ('this._workoutTemplateRepository') to initialize the field • lib/services/isar/local_user_data_clearer.dart:38:8 • prefer_initializing_formals
2026-09-27T11:19:35.1537655Z    info • The import of 'package:flutter/foundation.dart' is unnecessary because all of the used elements are also provided by the import of 'package:flutter/material.dart'. Try removing the import directive • lib/services/public_food_meal_add_flow.dart:1:8 • unnecessary_import
2026-09-27T11:19:35.1539362Z warning • Unused import: '../utils/food_name_normalizer.dart'. Try removing the import directive • lib/services/public_food_similar_service.dart:3:8 • unused_import
2026-09-27T11:19:35.1540728Z    info • Unnecessary braces in a string interpolation. Try removing the braces • lib/services/weight_trend_suggestion_service.dart:70:14 • unnecessary_brace_in_string_interps
2026-09-27T11:19:35.1542235Z    info • Use an initializing formal to assign a parameter to a field. Try using an initialing formal ('this._healthRepository') to initialize the field • lib/state/app_controller.dart:111:8 • prefer_initializing_formals
2026-09-27T11:19:35.1543889Z    info • Use an initializing formal to assign a parameter to a field. Try using an initialing formal ('this._authenticationRepository') to initialize the field • lib/state/app_controller.dart:112:8 • prefer_initializing_formals
2026-09-27T11:19:35.1545593Z    info • Use an initializing formal to assign a parameter to a field. Try using an initialing formal ('this._dataSyncRepository') to initialize the field • lib/state/app_controller.dart:113:8 • prefer_initializing_formals
2026-09-27T11:19:35.1547260Z    info • Use an initializing formal to assign a parameter to a field. Try using an initialing formal ('this._localSessionStore') to initialize the field • lib/state/app_controller.dart:114:8 • prefer_initializing_formals
2026-09-27T11:19:35.1549013Z    info • Use an initializing formal to assign a parameter to a field. Try using an initialing formal ('this._localUserDataClearer') to initialize the field • lib/state/app_controller.dart:115:8 • prefer_initializing_formals
2026-09-27T11:19:35.1550766Z    info • Use an initializing formal to assign a parameter to a field. Try using an initialing formal ('this._userRepository') to initialize the field • lib/state/app_controller.dart:116:8 • prefer_initializing_formals
2026-09-27T11:19:35.1552198Z    info • Use an initializing formal to assign a parameter to a field. Try using an initialing formal ('this._settingsRepository') to initialize the field • lib/state/app_controller.dart:117:8 • prefer_initializing_formals
2026-09-27T11:19:35.1553865Z    info • Use an initializing formal to assign a parameter to a field. Try using an initialing formal ('this._foodRepository') to initialize the field • lib/state/app_controller.dart:118:8 • prefer_initializing_formals
2026-09-27T11:19:35.1555375Z    info • Use an initializing formal to assign a parameter to a field. Try using an initialing formal ('this._exerciseRepository') to initialize the field • lib/state/app_controller.dart:119:8 • prefer_initializing_formals
2026-09-27T11:19:35.1556981Z    info • Use an initializing formal to assign a parameter to a field. Try using an initialing formal ('this._alcoholRepository') to initialize the field • lib/state/app_controller.dart:120:8 • prefer_initializing_formals
2026-09-27T11:19:35.1558624Z    info • Use an initializing formal to assign a parameter to a field. Try using an initialing formal ('this._weightRepository') to initialize the field • lib/state/app_controller.dart:121:8 • prefer_initializing_formals
2026-09-27T11:19:35.1560201Z    info • Use an initializing formal to assign a parameter to a field. Try using an initialing formal ('this._savedFoodRepository') to initialize the field • lib/state/app_controller.dart:122:8 • prefer_initializing_formals
2026-09-27T11:19:35.1561726Z    info • Use an initializing formal to assign a parameter to a field. Try using an initialing formal ('this._foodRatingRepository') to initialize the field • lib/state/app_controller.dart:123:8 • prefer_initializing_formals
2026-09-27T11:19:35.1563239Z    info • Use an initializing formal to assign a parameter to a field. Try using an initialing formal ('this._foodReportRepository') to initialize the field • lib/state/app_controller.dart:124:8 • prefer_initializing_formals
2026-09-27T11:19:35.1564790Z    info • Use an initializing formal to assign a parameter to a field. Try using an initialing formal ('this._blockedCreatorRepository') to initialize the field • lib/state/app_controller.dart:125:8 • prefer_initializing_formals
2026-09-27T11:19:35.1566414Z    info • Use an initializing formal to assign a parameter to a field. Try using an initialing formal ('this._mealTemplateRepository') to initialize the field • lib/state/app_controller.dart:126:8 • prefer_initializing_formals
2026-09-27T11:19:35.1568555Z    info • Use an initializing formal to assign a parameter to a field. Try using an initialing formal ('this._workoutTemplateRepository') to initialize the field • lib/state/app_controller.dart:127:8 • prefer_initializing_formals
2026-09-27T11:19:35.1570063Z    info • The member 'dispose' overrides an inherited member but isn't annotated with '@override'. Try adding the '@override' annotation • lib/state/app_controller.dart:2709:8 • annotate_overrides
2026-09-27T11:19:35.1571357Z    info • Use the null-aware marker '?' rather than a null check via an 'if'. Try using '?' • lib/utils/macro_display.dart:74:5 • use_null_aware_elements
2026-09-27T11:19:35.1572489Z warning • Unused import: '../../constants/app_strings.dart'. Try removing the import directive • lib/widgets/food/macro_nutrition_input_controller.dart:3:8 • unused_import
2026-09-27T11:19:35.1574350Z    info • 'groupValue' is deprecated and shouldn't be used. Use a RadioGroup ancestor to manage group value instead. This feature was deprecated after v3.32.0-0.0.pre. Try replacing the use of the deprecated member with the replacement • lib/widgets/saved_food/duplicate_saved_food_dialog.dart:88:15 • deprecated_member_use
2026-09-27T11:19:35.1576749Z    info • 'onChanged' is deprecated and shouldn't be used. Use RadioGroup to handle value change instead. This feature was deprecated after v3.32.0-0.0.pre. Try replacing the use of the deprecated member with the replacement • lib/widgets/saved_food/duplicate_saved_food_dialog.dart:89:15 • deprecated_member_use
2026-09-27T11:19:35.1579780Z    info • 'groupValue' is deprecated and shouldn't be used. Use a RadioGroup ancestor to manage group value instead. This feature was deprecated after v3.32.0-0.0.pre. Try replacing the use of the deprecated member with the replacement • lib/widgets/saved_food/duplicate_saved_food_dialog.dart:95:15 • deprecated_member_use
2026-09-27T11:19:35.1582546Z    info • 'onChanged' is deprecated and shouldn't be used. Use RadioGroup to handle value change instead. This feature was deprecated after v3.32.0-0.0.pre. Try replacing the use of the deprecated member with the replacement • lib/widgets/saved_food/duplicate_saved_food_dialog.dart:96:15 • deprecated_member_use
2026-09-27T11:19:35.1584728Z    info • 'groupValue' is deprecated and shouldn't be used. Use a RadioGroup ancestor to manage group value instead. This feature was deprecated after v3.32.0-0.0.pre. Try replacing the use of the deprecated member with the replacement • lib/widgets/saved_food/duplicate_saved_food_dialog.dart:101:15 • deprecated_member_use
2026-09-27T11:19:35.1587028Z    info • 'onChanged' is deprecated and shouldn't be used. Use RadioGroup to handle value change instead. This feature was deprecated after v3.32.0-0.0.pre. Try replacing the use of the deprecated member with the replacement • lib/widgets/saved_food/duplicate_saved_food_dialog.dart:102:15 • deprecated_member_use
2026-09-27T11:19:35.1589747Z    info • 'groupValue' is deprecated and shouldn't be used. Use a RadioGroup ancestor to manage group value instead. This feature was deprecated after v3.32.0-0.0.pre. Try replacing the use of the deprecated member with the replacement • lib/widgets/saved_food/duplicate_saved_food_dialog.dart:121:15 • deprecated_member_use
2026-09-27T11:19:35.1592003Z    info • 'onChanged' is deprecated and shouldn't be used. Use RadioGroup to handle value change instead. This feature was deprecated after v3.32.0-0.0.pre. Try replacing the use of the deprecated member with the replacement • lib/widgets/saved_food/duplicate_saved_food_dialog.dart:122:15 • deprecated_member_use
2026-09-27T11:19:35.1593637Z warning • Unused import: '../../constants/app_strings.dart'. Try removing the import directive • lib/widgets/saved_food/public_food_detail_sheet.dart:7:8 • unused_import
2026-09-27T11:19:35.1594943Z warning • Unused import: '../../utils/nutrition_format.dart'. Try removing the import directive • lib/widgets/saved_food/public_food_detail_sheet.dart:8:8 • unused_import
2026-09-27T11:19:35.1596284Z warning • Unused import: '../../constants/app_strings.dart'. Try removing the import directive • lib/widgets/saved_food/public_food_match_card.dart:6:8 • unused_import
2026-09-27T11:19:35.1597521Z warning • Unused import: '../../utils/nutrition_format.dart'. Try removing the import directive • lib/widgets/saved_food/public_food_match_card.dart:7:8 • unused_import
2026-09-27T11:19:35.1599187Z warning • Unused import: '../../utils/nutrition_format.dart'. Try removing the import directive • lib/widgets/saved_food/saved_food_meal_quantity_sheet.dart:8:8 • unused_import
2026-09-27T11:19:35.1600547Z warning • Unused import: '../../utils/macro_display.dart'. Try removing the import directive • lib/widgets/saved_food/saved_food_meal_quantity_sheet.dart:9:8 • unused_import
2026-09-27T11:19:35.1601864Z warning • Unused import: '../../constants/app_strings.dart'. Try removing the import directive • lib/widgets/saved_food/saved_food_suggestion_list.dart:6:8 • unused_import
2026-09-27T11:19:35.1603227Z warning • Unused import: '../../utils/macro_display.dart'. Try removing the import directive • lib/widgets/saved_food/saved_food_suggestion_list.dart:7:8 • unused_import
2026-09-27T11:19:35.1604459Z warning • Unused import: '../../utils/nutrition_format.dart'. Try removing the import directive • lib/widgets/saved_food/saved_food_suggestion_list.dart:8:8 • unused_import
2026-09-27T11:19:35.1605926Z    info • The imported package 'web' isn't a dependency of the importing package. Try adding a dependency for 'web' in the 'pubspec.yaml' file • lib/widgets/startup/startup_error_app.dart:3:8 • depend_on_referenced_packages
2026-09-27T11:19:35.1607382Z warning • A value for optional parameter 'publicById' isn't ever given. Try removing the unused parameter • test/app_controller_public_search_test.dart:62:10 • unused_element_parameter
2026-09-27T11:19:35.1609262Z    info • Use an initializing formal to assign a parameter to a field. Try using an initialing formal ('this.copyResult') to initialize the field • test/app_controller_public_search_test.dart:64:8 • prefer_initializing_formals
2026-09-27T11:19:35.1610796Z warning • A value for optional parameter 'similar' isn't ever given. Try removing the unused parameter • test/app_controller_publish_test.dart:183:10 • unused_element_parameter
2026-09-27T11:19:35.1612121Z warning • Unused import: 'package:ayg/models/health_profile_data.dart'. Try removing the import directive • test/daily_calculation_consistency_test.dart:10:8 • unused_import
2026-09-27T11:19:35.1613359Z warning • Unused import: 'package:ayg/models/exercise_category.dart'. Try removing the import directive • test/food_form_suggestion_test.dart:1:8 • unused_import
2026-09-27T11:19:35.1614617Z warning • Unused import: 'package:ayg/models/food_visibility.dart'. Try removing the import directive • test/food_form_suggestion_test.dart:7:8 • unused_import
2026-09-27T11:19:35.1615872Z warning • Unused import: 'package:ayg/models/food_source_type.dart'. Try removing the import directive • test/food_form_suggestion_test.dart:8:8 • unused_import
2026-09-27T11:19:35.1617364Z    info • The imported package 'supabase' isn't a dependency of the importing package. Try adding a dependency for 'supabase' in the 'pubspec.yaml' file • test/goal_pace_sync_regression_test.dart:20:8 • depend_on_referenced_packages
2026-09-27T11:19:35.1619215Z    info • Use an initializing formal to assign a parameter to a field. Try using an initialing formal ('this._currentUser') to initialize the field • test/mocks/mock_authentication_repository.dart:8:7 • prefer_initializing_formals
2026-09-27T11:19:35.1620736Z warning • Unused import: 'package:ayg/models/food_entry.dart'. Try removing the import directive • test/saved_food_entry_builder_test.dart:1:8 • unused_import
2026-09-27T11:19:35.1622251Z    info • The imported package 'postgrest' isn't a dependency of the importing package. Try adding a dependency for 'postgrest' in the 'pubspec.yaml' file • test/saved_food_persistence_error_test.dart:3:8 • depend_on_referenced_packages
2026-09-27T11:19:35.1623816Z warning • The '!' will have no effect because the receiver can't be null. Try removing the '!' operator • test/saved_food_visibility_selector_test.dart:16:28 • unnecessary_non_null_assertion
2026-09-27T11:19:35.1625468Z    info • The imported package 'supabase' isn't a dependency of the importing package. Try adding a dependency for 'supabase' in the 'pubspec.yaml' file • test/supabase_alcohol_entry_integration_test.dart:21:8 • depend_on_referenced_packages
2026-09-27T11:19:35.1627306Z    info • The imported package 'supabase' isn't a dependency of the importing package. Try adding a dependency for 'supabase' in the 'pubspec.yaml' file • test/supabase_food_entry_delete_integration_test.dart:22:8 • depend_on_referenced_packages
2026-09-27T11:19:35.1629397Z    info • The import of 'dart:async' is unnecessary because all of the used elements are also provided by the import of 'package:flutter_test/flutter_test.dart'. Try removing the import directive • test/supabase_saved_food_repository_integration_test.dart:4:8 • unnecessary_import
2026-09-27T11:19:35.1631389Z    info • The imported package 'supabase' isn't a dependency of the importing package. Try adding a dependency for 'supabase' in the 'pubspec.yaml' file • test/supabase_saved_food_repository_integration_test.dart:16:8 • depend_on_referenced_packages
2026-09-27T11:19:35.1633147Z    info • The imported package 'postgrest' isn't a dependency of the importing package. Try adding a dependency for 'postgrest' in the 'pubspec.yaml' file • test/sync_failure_test.dart:3:8 • depend_on_referenced_packages
2026-09-27T11:19:35.1634758Z    info • The imported package 'postgrest' isn't a dependency of the importing package. Try adding a dependency for 'postgrest' in the 'pubspec.yaml' file • test/sync_step_runner_test.dart:6:8 • depend_on_referenced_packages
2026-09-27T11:19:35.1636242Z warning • Unused import: 'package:isar/isar.dart'. Try removing the import directive • test/workout_template_repository_test.dart:8:8 • unused_import
2026-09-27T11:19:35.1636805Z 
2026-09-27T11:19:35.1678099Z ##[group]Run flutter test
2026-09-27T11:19:35.1678810Z [36;1mflutter test[0m
2026-09-27T11:19:35.1720136Z shell: /usr/bin/bash -e {0}
2026-09-27T11:19:35.1720592Z env:
2026-09-27T11:19:35.1721052Z   FLUTTER_ROOT: /opt/hostedtoolcache/flutter/stable-3.47.5-x64/flutter
2026-09-27T11:19:35.1721566Z   PUB_CACHE: /home/runner/.pub-cache
2026-09-27T11:19:35.1721963Z ##[endgroup]
2026-09-27T11:19:35.3262801Z Resolving dependencies...
2026-09-27T11:19:35.4989280Z Downloading packages...
2026-09-27T11:19:35.5891813Z   _fe_analyzer_shared 61.0.0 (108.0.0 available)
2026-09-27T11:19:35.5892765Z   analyzer 5.13.0 (14.4.0 available)
2026-09-27T11:19:35.5893372Z   build 2.4.1 (4.0.11 available)
2026-09-27T11:19:35.5893955Z   build_config 1.1.2 (1.3.3 available)
2026-09-27T11:19:35.5894481Z   build_daemon 4.1.2 (4.1.6 available)
2026-09-27T11:19:35.5895143Z   build_resolvers 2.4.2 (3.0.4 available)
2026-09-27T11:19:35.5895784Z   build_runner 2.4.13 (2.16.1 available)
2026-09-27T11:19:35.5896498Z   build_runner_core 7.3.2 (9.3.2 available)
2026-09-27T11:19:35.5897086Z   built_value 8.12.6 (8.13.0 available)
2026-09-27T11:19:35.5897722Z   carp_serializable 2.0.1 (3.0.0 available)
2026-09-27T11:19:35.5898484Z   clock 1.1.2 (1.1.3 available)
2026-09-27T11:19:35.5899036Z   code_assets 1.2.1 (2.1.0 available)
2026-09-27T11:19:35.5899630Z   code_builder 4.11.1 (4.12.0 available)
2026-09-27T11:19:35.5900133Z   dart_style 2.3.2 (3.1.13 available)
2026-09-27T11:19:35.5900679Z   device_info_plus 12.4.0 (13.2.0 available)
2026-09-27T11:19:35.5901302Z   device_info_plus_platform_interface 7.0.3 (8.1.0 available)
2026-09-27T11:19:35.5901918Z   functions_client 2.6.4 (2.7.1 available)
2026-09-27T11:19:35.5902489Z   glob 2.1.3 (2.2.0 available)
2026-09-27T11:19:35.5902952Z   google_sign_in 6.3.0 (7.2.0 available)
2026-09-27T11:19:35.5903609Z   google_sign_in_android 6.2.1 (7.2.17 available)
2026-09-27T11:19:35.5904159Z   google_sign_in_ios 5.9.0 (6.3.5 available)
2026-09-27T11:19:35.5904740Z   google_sign_in_platform_interface 2.5.0 (3.1.0 available)
2026-09-27T11:19:35.5905470Z   google_sign_in_web 0.12.4+4 (1.1.3 available)
2026-09-27T11:19:35.5905999Z   gotrue 2.26.0 (2.27.2 available)
2026-09-27T11:19:35.5906535Z   health 13.3.1 (13.3.2 available)
2026-09-27T11:19:35.5906962Z   hooks 2.0.2 (2.2.0 available)
2026-09-27T11:19:35.5907396Z   io 1.0.5 (1.1.0 available)
2026-09-27T11:19:35.5907947Z   jni 1.0.0 (1.0.3 available)
2026-09-27T11:19:35.5909089Z   jni_flutter 1.0.1 (1.0.3 available)
2026-09-27T11:19:35.5909704Z   js 0.6.7 (0.7.2 available)
2026-09-27T11:19:35.5910222Z   material_color_utilities 0.13.0 (0.13.1 available)
2026-09-27T11:19:35.5910845Z   mime 2.0.0 (2.1.0 available)
2026-09-27T11:19:35.5911380Z   mobile_scanner 7.4.0 (7.4.2 available)
2026-09-27T11:19:35.5911908Z   objective_c 9.4.1 (9.6.0 available)
2026-09-27T11:19:35.5912748Z   package_config 2.2.0 (3.0.0 available)
2026-09-27T11:19:35.5913313Z   passkeys_platform_interface 2.9.0 (2.10.0 available)
2026-09-27T11:19:35.5913997Z   petitparser 7.0.2 (7.1.0 available)
2026-09-27T11:19:35.5914561Z   platform 3.1.6 (3.2.0 available)
2026-09-27T11:19:35.5915079Z   pool 1.5.2 (1.5.3 available)
2026-09-27T11:19:35.5915556Z   postgrest 2.8.0 (2.9.1 available)
2026-09-27T11:19:35.5916136Z   process 5.0.5 (5.0.6 available)
2026-09-27T11:19:35.5916639Z   pub_semver 2.2.0 (2.2.1 available)
2026-09-27T11:19:35.5917177Z   pubspec_parse 1.5.0 (1.6.0 available)
2026-09-27T11:19:35.5917749Z   realtime_client 2.11.0 (2.13.0 available)
2026-09-27T11:19:35.5918417Z   record_use 0.6.0 (1.1.1 available)
2026-09-27T11:19:35.5919093Z   shared_preferences_android 2.4.27 (2.4.28 available)
2026-09-27T11:19:35.5919722Z   shared_preferences_foundation 2.5.6 (2.5.7 available)
2026-09-27T11:19:35.5920372Z   shelf_web_socket 2.0.1 (3.0.0 available)
2026-09-27T11:19:35.5920914Z   source_gen 1.5.0 (4.3.0 available)
2026-09-27T11:19:35.5921460Z   stack_trace 1.12.1 (1.12.2 available)
2026-09-27T11:19:35.5922036Z   storage_client 2.6.0 (2.8.0 available)
2026-09-27T11:19:35.5922735Z   stream_transform 2.1.1 (2.1.2 available)
2026-09-27T11:19:35.5923336Z   supabase 2.14.0 (2.16.1 available)
2026-09-27T11:19:35.5923912Z   supabase_flutter 2.16.0 (2.17.2 available)
2026-09-27T11:19:35.5924347Z   test_api 0.7.12 (0.7.14 available)
2026-09-27T11:19:35.5924945Z   url_launcher_android 6.3.32 (6.3.33 available)
2026-09-27T11:19:35.5925509Z   url_launcher_ios 6.4.1 (6.4.2 available)
2026-09-27T11:19:35.5926124Z   url_launcher_linux 3.2.2 (3.2.3 available)
2026-09-27T11:19:35.5926704Z   url_launcher_macos 3.2.5 (3.2.6 available)
2026-09-27T11:19:35.5927284Z   url_launcher_windows 3.1.5 (3.1.6 available)
2026-09-27T11:19:35.5927904Z   vector_graphics 1.2.2 (1.2.3 available)
2026-09-27T11:19:35.5928613Z   vector_graphics_compiler 1.2.6 (1.3.0 available)
2026-09-27T11:19:35.5929307Z   vm_service 15.2.0 (15.3.0 available)
2026-09-27T11:19:35.5929839Z   webdriver 3.1.0 (3.2.0 available)
2026-09-27T11:19:35.5930333Z   win32 5.15.0 (6.4.0 available)
2026-09-27T11:19:35.5930878Z   win32_registry 2.1.0 (3.0.3 available)
2026-09-27T11:19:35.5931369Z   yaml 3.1.3 (3.1.4 available)
2026-09-27T11:19:35.5931900Z Got dependencies!
2026-09-27T11:19:35.5932541Z 67 packages have newer versions incompatible with dependency constraints.
2026-09-27T11:19:35.5933351Z Try `flutter pub outdated` for more information.
2026-09-27T11:19:37.5472386Z 
2026-09-27T11:19:45.5136141Z ##[group]✅ Passing tests
2026-09-27T11:19:45.5137350Z ✅ /home/runner/work/AYG/AYG/test/weight_trend_suggestion_service_test.dart: WeightTrendSuggestionService returns null for maintain goal
2026-09-27T11:19:45.5191283Z ✅ /home/runner/work/AYG/AYG/test/weight_trend_suggestion_service_test.dart: WeightTrendSuggestionService suggests review when lose goal but weight increased
2026-09-27T11:19:47.0079253Z ✅ /home/runner/work/AYG/AYG/test/user_facing_error_test.dart: user-facing errors do not include exception text
2026-09-27T11:19:48.2054434Z ✅ /home/runner/work/AYG/AYG/test/health_repository_test.dart: MockHealthRepository available requests permissions and fetches profile data
2026-09-27T11:19:48.2087378Z ✅ /home/runner/work/AYG/AYG/test/health_repository_test.dart: MockHealthRepository available persists fetched weight and workouts locally
2026-09-27T11:19:48.2125053Z ✅ /home/runner/work/AYG/AYG/test/health_repository_test.dart: MockHealthRepository available prefers health weight over manual weight when sync is on
2026-09-27T11:19:48.2226905Z ✅ /home/runner/work/AYG/AYG/test/health_repository_test.dart: MockHealthRepository available AppController applies health data and stores workouts
2026-09-27T11:19:48.2252513Z ✅ /home/runner/work/AYG/AYG/test/health_repository_test.dart: MockHealthRepository unavailable returns empty profile when permissions denied
2026-09-27T11:19:48.5931386Z ✅ /home/runner/work/AYG/AYG/test/health_repository_test.dart: MockHealthRepository unavailable UnsupportedHealthRepository is not available on web-like env
2026-09-27T11:19:48.5968773Z ✅ /home/runner/work/AYG/AYG/test/health_repository_test.dart: MockHealthRepository unavailable manual weight is used when health sync is off
2026-09-27T11:19:48.8174899Z ##[endgroup]
2026-09-27T11:19:48.8176154Z ##[group]⏭️ Skipped tests
2026-09-27T11:19:48.8177651Z ⏭️ /home/runner/work/AYG/AYG/test/supabase_hardening_migration_live_test.dart: Supabase hardening migration live validation grants and policies after full db reset (skipped)
2026-09-27T11:19:48.8179171Z Local Supabase not available
2026-09-27T11:19:48.8211929Z ⏭️ /home/runner/work/AYG/AYG/test/supabase_hardening_migration_live_test.dart: Supabase hardening migration live validation anon can read public saved_foods; authenticated CRUD own row (skipped)
2026-09-27T11:19:48.8213181Z Local Supabase not available
2026-09-27T11:19:48.8250574Z ⏭️ /home/runner/work/AYG/AYG/test/supabase_hardening_migration_live_test.dart: Supabase hardening migration live validation blocked_food_creators: anon has no table grant; block hides public food (skipped)
2026-09-27T11:19:48.8252569Z Local Supabase not available
2026-09-27T11:19:52.1717726Z ##[endgroup]
2026-09-27T11:19:52.1726204Z ##[group]✅ Passing tests
2026-09-27T11:19:52.1727683Z ✅ /home/runner/work/AYG/AYG/test/daily_calculation_consistency_test.dart: home and explanation screen show identical remaining and PFC
2026-09-27T11:19:52.1757941Z ✅ /home/runner/work/AYG/AYG/test/daily_calculation_consistency_test.dart: summary breakdown objects stay consistent for PFC display
2026-09-27T11:19:52.6910403Z ✅ /home/runner/work/AYG/AYG/test/splash_screen_test.dart: 開始時は点が画面外にあり、文字も出ていない
2026-09-27T11:19:52.7500130Z ✅ /home/runner/work/AYG/AYG/test/splash_screen_test.dart: 文字は1文字ずつ順に現れる
2026-09-27T11:19:52.7913819Z ✅ /home/runner/work/AYG/AYG/test/splash_screen_test.dart: 点は落下し、つぶれ、跳ねる（Figma の実測値どおり）
2026-09-27T11:19:52.8285988Z ✅ /home/runner/work/AYG/AYG/test/splash_screen_test.dart: 390x844 で画面を埋めきる
2026-09-27T11:19:52.8625452Z ✅ /home/runner/work/AYG/AYG/test/splash_screen_test.dart: 440x956 で画面を埋めきる
2026-09-27T11:19:52.8957387Z ✅ /home/runner/work/AYG/AYG/test/splash_screen_test.dart: 320x568 で画面を埋めきる
2026-09-27T11:19:52.9255367Z ✅ /home/runner/work/AYG/AYG/test/splash_screen_test.dart: 1032x1376 で画面を埋めきる
2026-09-27T11:19:52.9534498Z ✅ /home/runner/work/AYG/AYG/test/splash_screen_test.dart: 1280x800 で画面を埋めきる
2026-09-27T11:19:52.9823226Z ✅ /home/runner/work/AYG/AYG/test/splash_screen_test.dart: 2.92秒で終了を通知する
2026-09-27T11:19:53.7362239Z ✅ /home/runner/work/AYG/AYG/test/saved_food_visibility_selector_test.dart: SavedFoodVisibilitySelector defaults to private
2026-09-27T11:19:53.7825383Z ✅ /home/runner/work/AYG/AYG/test/goal_validation_warnings_test.dart: collectGoalWarnings warns when lose goal is above current weight
2026-09-27T11:19:53.7851714Z ✅ /home/runner/work/AYG/AYG/test/goal_validation_warnings_test.dart: collectGoalWarnings warns when gain goal is below current weight
2026-09-27T11:19:53.7878949Z ✅ /home/runner/work/AYG/AYG/test/goal_validation_warnings_test.dart: collectGoalWarnings warns for short target period
2026-09-27T11:19:54.3355784Z ✅ /home/runner/work/AYG/AYG/test/saved_food_base_serving_format_test.dart: SavedFoodBaseServingFormat formats integer quantity without decimal point
2026-09-27T11:19:54.3404857Z ✅ /home/runner/work/AYG/AYG/test/saved_food_base_serving_format_test.dart: SavedFoodBaseServingFormat shows unset label for legacy foods
2026-09-27T11:19:54.3428778Z ✅ /home/runner/work/AYG/AYG/test/saved_food_base_serving_format_test.dart: SavedFoodBaseServingFormat formats per serving label
2026-09-27T11:19:54.3459885Z ✅ /home/runner/work/AYG/AYG/test/saved_food_base_serving_format_test.dart: SavedFoodEntryBuilder scaled nutrients scales nutrients by consumed / base ratio
2026-09-27T11:19:54.9110483Z ✅ /home/runner/work/AYG/AYG/test/app_controller_saved_food_test.dart: AppController saved food createSavedFood saves private food locally
2026-09-27T11:19:54.9339725Z ✅ /home/runner/work/AYG/AYG/test/app_controller_saved_food_test.dart: AppController saved food searchOwnSavedFoods excludes deleted foods
2026-09-27T11:19:54.9702202Z ✅ /home/runner/work/AYG/AYG/test/app_controller_saved_food_test.dart: AppController saved food saveFoodEntryWithOptionalSavedFood links existing duplicate
2026-09-27T11:19:54.9959797Z ##[endgroup]
2026-09-27T11:19:54.9962066Z ##[group]✅ /home/runner/work/AYG/AYG/test/app_controller_saved_food_test.dart: AppController saved food saveFoodEntryWithOptionalSavedFood keeps entry when saved food fails
2026-09-27T11:19:54.9964260Z [AYG SavedFood] saveFoodEntryWithOptionalSavedFood: Bad state: SavedFoodRepository is not configured
2026-09-27T11:19:54.9965739Z ##[endgroup]
2026-09-27T11:19:55.0222952Z ##[group]✅ Passing tests
2026-09-27T11:19:55.0229451Z ✅ /home/runner/work/AYG/AYG/test/app_controller_saved_food_test.dart: AppController saved food updating saved food does not mutate past food entries
2026-09-27T11:19:55.0485282Z ✅ /home/runner/work/AYG/AYG/test/app_controller_saved_food_test.dart: AppController saved food deleteFood recalculates daily totals for saved-food entry
2026-09-27T11:19:55.5853624Z ✅ /home/runner/work/AYG/AYG/test/account_deletion_migration_test.dart: already-applied delete_own_account migration is unchanged
2026-09-27T11:19:55.5876311Z ✅ /home/runner/work/AYG/AYG/test/account_deletion_migration_test.dart: follow-up migration adds owner_deleted idempotently
2026-09-27T11:19:55.5903526Z ✅ /home/runner/work/AYG/AYG/test/account_deletion_migration_test.dart: session revoke sits outside the auth.users exception handler
2026-09-27T11:19:55.5925251Z ✅ /home/runner/work/AYG/AYG/test/account_deletion_migration_test.dart: authenticated cannot update owner_deleted
2026-09-27T11:19:55.5946538Z ✅ /home/runner/work/AYG/AYG/test/account_deletion_migration_test.dart: owner_deleted trigger is not security definer
2026-09-27T11:19:55.5967381Z ✅ /home/runner/work/AYG/AYG/test/account_deletion_migration_test.dart: delete_own_account uses an empty search_path
2026-09-27T11:19:55.5996132Z ✅ /home/runner/work/AYG/AYG/test/account_deletion_migration_test.dart: down sql is outside supabase/migrations
2026-09-27T11:19:55.6016476Z ✅ /home/runner/work/AYG/AYG/test/account_deletion_migration_test.dart: account deletion deletes subscription_events in a later migration
2026-09-27T11:19:56.2029832Z ✅ /home/runner/work/AYG/AYG/test/id_generator_test.dart: generateUniqueId returns distinct UUID v4 values in rapid succession
2026-09-27T11:19:56.7841361Z ✅ /home/runner/work/AYG/AYG/test/macro_nutrition_auto_fill_widget_test.dart: FoodFormScreen macro auto-fill case1: P F C -> kcal 165 without save
2026-09-27T11:19:57.1260203Z ✅ /home/runner/work/AYG/AYG/test/macro_nutrition_auto_fill_widget_test.dart: FoodFormScreen macro auto-fill case2: kcal F C -> P 12.0
2026-09-27T11:19:57.1412228Z ✅ /home/runner/work/AYG/AYG/test/workout_template_repository_test.dart: WorkoutTemplateRepository saves template with ordered items
2026-09-27T11:19:57.1797033Z ✅ /home/runner/work/AYG/AYG/test/workout_template_repository_test.dart: WorkoutTemplateRepository persists after Isar close and reopen
2026-09-27T11:19:57.2053375Z ✅ /home/runner/work/AYG/AYG/test/workout_template_repository_test.dart: WorkoutTemplateRepository reassignOwnerUserId migrates templates and items
2026-09-27T11:19:57.2389227Z ✅ /home/runner/work/AYG/AYG/test/workout_template_repository_test.dart: WorkoutTemplateRepository clearForOwner removes only matching owner
2026-09-27T11:19:57.4376016Z ✅ /home/runner/work/AYG/AYG/test/macro_nutrition_auto_fill_widget_test.dart: FoodFormScreen macro auto-fill case3: kcal P C -> F 4.4
2026-09-27T11:19:57.7833269Z ✅ /home/runner/work/AYG/AYG/test/macro_nutrition_auto_fill_widget_test.dart: FoodFormScreen macro auto-fill case4: kcal P F -> C 12.0
2026-09-27T11:19:58.0160673Z ✅ /home/runner/work/AYG/AYG/test/macro_nutrition_auto_fill_widget_test.dart: FoodFormScreen macro auto-fill two values do not auto-fill third
2026-09-27T11:19:58.2700760Z ✅ /home/runner/work/AYG/AYG/test/macro_nutrition_auto_fill_widget_test.dart: FoodFormScreen macro auto-fill order C P F auto-fills kcal
2026-09-27T11:19:58.4971389Z ✅ /home/runner/work/AYG/AYG/test/macro_nutrition_auto_fill_widget_test.dart: FoodFormScreen macro auto-fill order kcal C F auto-fills P
2026-09-27T11:19:58.6670475Z ✅ /home/runner/work/AYG/AYG/test/workout_history_list_test.dart: workout history list shows effective net kcal not gross
2026-09-27T11:19:58.7206601Z ✅ /home/runner/work/AYG/AYG/test/workout_history_list_test.dart: workout history list shows multi-exercise strength summary
2026-09-27T11:19:58.7344018Z ✅ /home/runner/work/AYG/AYG/test/macro_nutrition_auto_fill_widget_test.dart: FoodFormScreen macro auto-fill order F kcal P auto-fills C
2026-09-27T11:19:59.0933428Z ##[endgroup]
2026-09-27T11:19:59.0934994Z ##[group]✅ /home/runner/work/AYG/AYG/test/macro_nutrition_auto_fill_widget_test.dart: FoodFormScreen macro auto-fill empty kcal focus does not block auto-fill
2026-09-27T11:19:59.0935858Z 
2026-09-27T11:19:59.0936396Z Warning: A call to tap() with finder "Found 1 widget with key [<'macro_field_kcal'>]: [
2026-09-27T11:19:59.0940965Z   TextField-[<'macro_field_kcal'>](controller: TextEditingController#d7b08(TextEditingValue(text: ┤├, selection: TextSelection.invalid, composing: TextRange(start: -1, end: -1))), decoration: InputDecoration(hintText: "0", isDense: true, contentPadding: EdgeInsets.zero, focusedBorder: _NoInputBorder(), disabledBorder: _NoInputBorder(), enabledBorder: _NoInputBorder(), border: _NoInputBorder()), keyboardType: TextInputType(name: TextInputType.number, signed: false, decimal: true), style: TextStyle(inherit: true, color: Color(alpha: 1.0000, red: 0.0784, green: 0.3216, blue: 0.1843, colorSpace: ColorSpace.sRGB), size: 15.0, weight: 400, height: 1.7x), dependencies: [DefaultSelectionStyle, InheritedCupertinoTheme, MediaQuery, UnmanagedRestorationScope, _InheritedTheme, _LocalizationsScope-[GlobalKey#66ef1]], state: _TextFieldState#1b7b8),
2026-09-27T11:19:59.0944753Z ]" derived an Offset (Offset(173.1, 513.0)) that would not hit test on the specified widget.
2026-09-27T11:19:59.0945741Z Maybe the widget is actually off-screen, or another widget is obscuring it, or the widget cannot receive pointer events.
2026-09-27T11:19:59.0946521Z The finder corresponds to this RenderBox: RenderMouseRegion#8f86c relayoutBoundary=up29
2026-09-27T11:19:59.0953969Z The hit test result at that offset is: HitTestResult(RenderDecoratedBox#6bed7@Offset(27.8, 12.0), RenderConstrainedBox#63261@Offset(27.8, 12.0), RenderPointerListener#b2fe1@Offset(27.8, 12.0), RenderSemanticsAnnotations#65e05@Offset(27.8, 12.0), RenderMouseRegion#126c6@Offset(27.8, 12.0), RenderSemanticsAnnotations#36396@Offset(27.8, 12.0), _RenderInkFeatures#7c885@Offset(27.8, 12.0), RenderCustomPaint#ef20c@Offset(27.8, 12.0), RenderPhysicalShape#83b35@Offset(27.8, 12.0), RenderOpacity#598a7@Offset(27.8, 12.0), RenderPadding#ae759@Offset(43.8, 18.0), RenderFlex#8cc83@Offset(43.8, 342.0), RenderConstrainedBox#a766e@Offset(43.8, 342.0), RenderFittedBox#65995@Offset(65.6, 513.0), RenderConstrainedBox#7aae4@Offset(65.6, 513.0), RenderPositionedBox#c768b@Offset(173.1, 513.0), RenderStack#78022@Offset(173.1, 513.0), _RenderLayoutBuilder#9fad2@Offset(173.1, 513.0), _RenderInkFeatures#d969c@Offset(173.1, 513.0), RenderPhysicalModel#38f87@Offset(173.1, 513.0), RenderCustomMultiChildLayoutBox#82580@Offset(173.1, 513.0), _RenderInkFeatures#8fd09@Offset(173.1, 513.0), RenderPhysicalModel#f06cf@Offset(173.1, 513.0), RenderSemanticsAnnotations#74fba@Offset(173.1, 513.0), RenderRepaintBoundary#b37be@Offset(173.1, 513.0), RenderIgnorePointer#69b13@Offset(173.1, 513.0), RenderAnimatedOpacity#823b2@Offset(173.1, 513.0), RenderAnimatedOpacity#3b7a4@Offset(173.1, 513.0), _RenderColoredBox#04eca@Offset(173.1, 513.0), RenderAnimatedOpacity#6b6af@Offset(173.1, 513.0), RenderIgnorePointer#3cdaf@Offset(173.1, 513.0), RenderAnimatedOpacity#f69fc@Offset(173.1, 513.0), RenderRepaintBoundary#0fc26@Offset(173.1, 513.0), RenderSemanticsAnnotations#4227f@Offset(173.1, 513.0), RenderOffstage#8b98a@Offset(173.1, 513.0), RenderSemanticsAnnotations#bf5d5@Offset(173.1, 513.0), _RenderTheater#2b31c@Offset(173.1, 513.0), RenderAbsorbPointer#2bb30@Offset(173.1, 513.0), RenderPointerListener#3c7c1@Offset(173.1, 513.0), RenderSemanticsAnnotations#2d65c@Offset(173.1, 513.0), RenderCustomPaint#00dfa@Offset(173.1, 513.0), RenderSemanticsAnnotations#72172@Offset(173.1, 513.0), RenderSemanticsAnnotations#7fbc7@Offset(173.1, 513.0), RenderSemanticsAnnotations#5e22c@Offset(173.1, 513.0), RenderTapRegionSurface#e593d@Offset(173.1, 513.0), RenderSemanticsAnnotations#bc8a1@Offset(173.1, 513.0), RenderSemanticsAnnotations#9ad21@Offset(173.1, 513.0), HitTestEntry<HitTestTarget>#ec2c4(_ReusableRenderView#399e4), HitTestEntry<HitTestTarget>#061bb(<AutomatedTestWidgetsFlutterBinding>))
2026-09-27T11:19:59.0962207Z #0      WidgetController._getElementPoint (package:flutter_test/src/controller.dart:2165:25)
2026-09-27T11:19:59.0962939Z #1      WidgetController.getCenter (package:flutter_test/src/controller.dart:1947:12)
2026-09-27T11:19:59.0963588Z #2      WidgetController.tap (package:flutter_test/src/controller.dart:1080:7)
2026-09-27T11:19:59.0964340Z #3      tapMacroField (file:///home/runner/work/AYG/AYG/test/macro_nutrition_test_helpers.dart:91:16)
2026-09-27T11:19:59.0965372Z #4      main.<anonymous closure>.<anonymous closure> (file:///home/runner/work/AYG/AYG/test/macro_nutrition_auto_fill_widget_test.dart:109:13)
2026-09-27T11:19:59.0966034Z <asynchronous suspension>
2026-09-27T11:19:59.0966750Z #5      testWidgets.<anonymous closure>.<anonymous closure> (package:flutter_test/src/widget_tester.dart:192:15)
2026-09-27T11:19:59.0967404Z <asynchronous suspension>
2026-09-27T11:19:59.0967957Z #6      TestWidgetsFlutterBinding._runTestBody (package:flutter_test/src/binding.dart:1953:5)
2026-09-27T11:19:59.0968778Z <asynchronous suspension>
2026-09-27T11:19:59.0969547Z #7      StackZoneSpecification._registerCallback.<anonymous closure> (package:stack_trace/src/stack_zone_specification.dart:114:42)
2026-09-27T11:19:59.0970204Z <asynchronous suspension>
2026-09-27T11:19:59.0970698Z To silence this warning, pass "warnIfMissed: false" to "tap()".
2026-09-27T11:19:59.0971323Z To make this warning fatal, set WidgetController.hitTestWarningShouldBeFatal to true.
2026-09-27T11:19:59.0971727Z 
2026-09-27T11:19:59.0972114Z ##[endgroup]
2026-09-27T11:19:59.3493729Z ##[group]✅ Passing tests
2026-09-27T11:19:59.3495687Z ✅ /home/runner/work/AYG/AYG/test/macro_nutrition_auto_fill_widget_test.dart: FoodFormScreen macro auto-fill deleting field clears stale auto and recalculates
2026-09-27T11:19:59.5576578Z ✅ /home/runner/work/AYG/AYG/test/open_food_facts_service_test.dart: OpenFoodFactsService.parseProductResponse parses available fields from v3 response
2026-09-27T11:19:59.5615739Z ✅ /home/runner/work/AYG/AYG/test/open_food_facts_service_test.dart: OpenFoodFactsService.parseProductResponse returns null when product is missing
2026-09-27T11:19:59.5642417Z ✅ /home/runner/work/AYG/AYG/test/open_food_facts_service_test.dart: OpenFoodFactsService.parseProductResponse leaves missing nutrients as null
2026-09-27T11:19:59.5658574Z ✅ /home/runner/work/AYG/AYG/test/macro_nutrition_auto_fill_widget_test.dart: FoodFormScreen macro auto-fill partial decimal 12. does not auto-fill
2026-09-27T11:19:59.5682225Z ✅ /home/runner/work/AYG/AYG/test/open_food_facts_service_test.dart: OpenFoodFactsService configuration returns configurationError when User-Agent contains placeholder
2026-09-27T11:19:59.5712733Z ✅ /home/runner/work/AYG/AYG/test/open_food_facts_service_test.dart: OpenFoodFactsService configuration reports contact as not configured without dart-define
2026-09-27T11:19:59.9077471Z ✅ /home/runner/work/AYG/AYG/test/macro_nutrition_auto_fill_widget_test.dart: FoodFormScreen macro auto-fill zero is valid for auto calculation
2026-09-27T11:20:00.0752768Z ✅ /home/runner/work/AYG/AYG/test/macro_nutrition_auto_fill_widget_test.dart: SavedFoodFormScreen macro auto-fill case1: P F C -> kcal 165
2026-09-27T11:20:00.2784208Z ✅ /home/runner/work/AYG/AYG/test/macro_nutrition_auto_fill_widget_test.dart: SavedFoodFormScreen macro auto-fill case2: kcal F C -> P 12.0
2026-09-27T11:20:00.4465907Z ✅ /home/runner/work/AYG/AYG/test/macro_nutrition_auto_fill_widget_test.dart: SavedFoodFormScreen macro auto-fill case3: kcal P C -> F 4.4
2026-09-27T11:20:00.5013739Z ✅ /home/runner/work/AYG/AYG/test/source_food_edit_policy_test.dart: SourceFoodEditPolicy quantity-only change does not affect source food
2026-09-27T11:20:00.5038058Z ✅ /home/runner/work/AYG/AYG/test/source_food_edit_policy_test.dart: SourceFoodEditPolicy kcal per base change affects source food
2026-09-27T11:20:00.5088581Z ✅ /home/runner/work/AYG/AYG/test/source_food_edit_policy_test.dart: Alcohol edit recalculation 20mL to 500mL recalculates when total calories not manual
2026-09-27T11:20:00.5111812Z ✅ /home/runner/work/AYG/AYG/test/source_food_edit_policy_test.dart: Alcohol edit recalculation stale manual total is ignored when not manually edited flag
2026-09-27T11:20:00.6390071Z ✅ /home/runner/work/AYG/AYG/test/macro_nutrition_auto_fill_widget_test.dart: SavedFoodFormScreen macro auto-fill case4: kcal P F -> C 12.0
2026-09-27T11:20:01.1482540Z ##[endgroup]
2026-09-27T11:20:01.1483809Z ##[group]⏭️ Skipped tests
2026-09-27T11:20:01.1485580Z ⏭️ /home/runner/work/AYG/AYG/test/supabase_alcohol_entry_integration_test.dart: alcohol_entries integration CRUD with RLS isolation (skipped)
2026-09-27T11:20:01.1486655Z Local Supabase not available at http://127.0.0.1:54321
2026-09-27T11:20:01.1526739Z ⏭️ /home/runner/work/AYG/AYG/test/supabase_alcohol_entry_integration_test.dart: alcohol_entries integration AppController deleteAlcohol deletes locally and remotely without resurrection (skipped)
2026-09-27T11:20:01.1527864Z Local Supabase not available at http://127.0.0.1:54321
2026-09-27T11:20:01.1565350Z ⏭️ /home/runner/work/AYG/AYG/test/supabase_alcohol_entry_integration_test.dart: alcohol_entries integration AppController deleteAlcohol keeps local entry when remote delete finds no row (skipped)
2026-09-27T11:20:01.1567039Z Local Supabase not available at http://127.0.0.1:54321
2026-09-27T11:20:01.4573328Z ##[endgroup]
2026-09-27T11:20:01.4574658Z ##[group]✅ Passing tests
2026-09-27T11:20:01.4576030Z ✅ /home/runner/work/AYG/AYG/test/macro_nutrition_consistency_policy_test.dart: MacroNutritionConsistencyPolicy manual uses manual mode
2026-09-27T11:20:01.4603741Z ✅ /home/runner/work/AYG/AYG/test/macro_nutrition_consistency_policy_test.dart: MacroNutritionConsistencyPolicy openFoodFacts uses preserveExternal mode
2026-09-27T11:20:01.4636783Z ✅ /home/runner/work/AYG/AYG/test/macro_nutrition_consistency_policy_test.dart: MacroNutritionConsistencyPolicy savedFood and template use preserveExternal mode
2026-09-27T11:20:01.4660856Z ✅ /home/runner/work/AYG/AYG/test/macro_nutrition_consistency_policy_test.dart: MacroNutritionConsistencyPolicy resolveSaveSourceType keeps source when not edited
2026-09-27T11:20:01.4686425Z ✅ /home/runner/work/AYG/AYG/test/macro_nutrition_consistency_policy_test.dart: MacroNutritionConsistencyPolicy resolveSaveSourceType switches to manual when edited
2026-09-27T11:20:02.7710515Z ✅ /home/runner/work/AYG/AYG/test/nutrition_format_test.dart: normalizeEan13Barcode returns 13-digit code when input is valid EAN-13
2026-09-27T11:20:02.7739465Z ✅ /home/runner/work/AYG/AYG/test/nutrition_format_test.dart: normalizeEan13Barcode strips non-digit characters
2026-09-27T11:20:02.7760485Z ✅ /home/runner/work/AYG/AYG/test/nutrition_format_test.dart: normalizeEan13Barcode accepts UPC-A and EAN-8 as well as EAN-13
2026-09-27T11:20:02.7779319Z ✅ /home/runner/work/AYG/AYG/test/nutrition_format_test.dart: normalizeEan13Barcode returns null for non-barcode input
2026-09-27T11:20:02.7800439Z ✅ /home/runner/work/AYG/AYG/test/nutrition_format_test.dart: formatNullableNutrient returns -- for null
2026-09-27T11:20:02.7822947Z ✅ /home/runner/work/AYG/AYG/test/nutrition_format_test.dart: formatNullableNutrient formats numeric values
2026-09-27T11:20:02.7869588Z ✅ /home/runner/work/AYG/AYG/test/nutrition_format_test.dart: FoodEntry nullable nutrition totals treat null per-unit values as zero
2026-09-27T11:20:02.7890638Z ✅ /home/runner/work/AYG/AYG/test/nutrition_format_test.dart: FoodEntry nullable nutrition totals multiply non-null per-unit values by quantity
2026-09-27T11:20:03.1003047Z ✅ /home/runner/work/AYG/AYG/test/widget_test.dart: LoginScreen is shown when unauthenticated
2026-09-27T11:20:03.3181624Z ✅ /home/runner/work/AYG/AYG/test/widget_test.dart: Google login success navigates away from LoginScreen
2026-09-27T11:20:03.4138508Z ✅ /home/runner/work/AYG/AYG/test/widget_test.dart: Google login cancel does not show failure snackbar
2026-09-27T11:20:03.4288908Z ##[endgroup]
2026-09-27T11:20:03.4290324Z ##[group]⏭️ Skipped tests
2026-09-27T11:20:03.4291900Z ⏭️ /home/runner/work/AYG/AYG/test/supabase_migration_live_test.dart: Supabase migration live validation workout_templates migration applies with RLS and grants (skipped)
2026-09-27T11:20:03.4293351Z Local Supabase not available
2026-09-27T11:20:03.4312326Z ⏭️ /home/runner/work/AYG/AYG/test/supabase_migration_live_test.dart: Supabase migration live validation exercise calculation columns migration is idempotent and nullable (skipped)
2026-09-27T11:20:03.4313401Z Local Supabase not available
2026-09-27T11:20:03.4336691Z ⏭️ /home/runner/work/AYG/AYG/test/supabase_migration_live_test.dart: Supabase migration live validation banned public food name function is installed (skipped)
2026-09-27T11:20:03.4337752Z Local Supabase not available
2026-09-27T11:20:03.4364187Z ⏭️ /home/runner/work/AYG/AYG/test/supabase_migration_live_test.dart: Supabase migration live validation subscription event counts are insert-only and reversible (skipped)
2026-09-27T11:20:03.4365396Z Local Supabase not available
2026-09-27T11:20:03.4909370Z ##[endgroup]
2026-09-27T11:20:03.4912533Z ##[group]✅ Passing tests
2026-09-27T11:20:03.4915226Z ✅ /home/runner/work/AYG/AYG/test/widget_test.dart: Apple login success navigates away from LoginScreen
2026-09-27T11:20:03.5660352Z ✅ /home/runner/work/AYG/AYG/test/widget_test.dart: Apple login cancel does not show failure snackbar
2026-09-27T11:20:03.6598107Z ✅ /home/runner/work/AYG/AYG/test/widget_test.dart: Apple login failure shows snackbar
2026-09-27T11:20:03.7319128Z ✅ /home/runner/work/AYG/AYG/test/widget_test.dart: Google login failure shows snackbar
2026-09-27T11:20:04.3261709Z ✅ /home/runner/work/AYG/AYG/test/widget_test.dart: logout returns to LoginScreen
2026-09-27T11:20:04.5312441Z ✅ /home/runner/work/AYG/AYG/test/widget_test.dart: MainShell is shown when authenticated and onboarded
2026-09-27T11:20:04.6235750Z ✅ /home/runner/work/AYG/AYG/test/widget_test.dart: HomeScreen shows remaining kcal from NutritionEngine
2026-09-27T11:20:04.7247755Z ✅ /home/runner/work/AYG/AYG/test/widget_test.dart: HomeScreen shows -- for food entries with null nutrients
2026-09-27T11:20:05.0509027Z ✅ /home/runner/work/AYG/AYG/test/web_preview_notice_test.dart: full notice lists web-only gaps
2026-09-27T11:20:05.0853681Z ✅ /home/runner/work/AYG/AYG/test/web_preview_notice_test.dart: compact notice stays on one summary line
2026-09-27T11:20:05.4113105Z ✅ /home/runner/work/AYG/AYG/test/app_controller_public_search_test.dart: AppController public search searchPublicSavedFoods returns ranked matches
2026-09-27T11:20:05.4170251Z ✅ /home/runner/work/AYG/AYG/test/app_controller_public_search_test.dart: AppController public search search failure returns empty list without throwing
2026-09-27T11:20:05.4255285Z ✅ /home/runner/work/AYG/AYG/test/app_controller_public_search_test.dart: AppController public search copyPublicFoodToPrivate creates private copy
2026-09-27T11:20:05.4292583Z ✅ /home/runner/work/AYG/AYG/test/app_controller_public_search_test.dart: AppController public search selectSavedFoodForEntry includes version snapshot
2026-09-27T11:20:05.4319512Z ✅ /home/runner/work/AYG/AYG/test/app_controller_public_search_test.dart: AppController public search canEditSavedFood rejects other users food
2026-09-27T11:20:05.8982607Z ✅ /home/runner/work/AYG/AYG/test/history_calendar_markers_test.dart: buildHistoryDayMarkers marks food, exercise, alcohol independently
2026-09-27T11:20:06.1484032Z ✅ /home/runner/work/AYG/AYG/test/app_controller_public_food_moderation_test.dart: AppController public food moderation setPublicFoodGood rejects self rating
2026-09-27T11:20:06.1548912Z ✅ /home/runner/work/AYG/AYG/test/app_controller_public_food_moderation_test.dart: AppController public food moderation setPublicFoodGood and clear rating
2026-09-27T11:20:06.1577130Z ✅ /home/runner/work/AYG/AYG/test/app_controller_public_food_moderation_test.dart: AppController public food moderation setPublicFoodBad switches from good
2026-09-27T11:20:06.1597499Z ✅ /home/runner/work/AYG/AYG/test/app_controller_public_food_moderation_test.dart: AppController public food moderation duplicate in-flight rating rejected
2026-09-27T11:20:06.1620434Z ✅ /home/runner/work/AYG/AYG/test/app_controller_public_food_moderation_test.dart: AppController public food moderation submitPublicFoodReport rejects self report
2026-09-27T11:20:06.1652327Z ✅ /home/runner/work/AYG/AYG/test/app_controller_public_food_moderation_test.dart: AppController public food moderation submitPublicFoodReport rejects duplicate report
2026-09-27T11:20:06.1677951Z ✅ /home/runner/work/AYG/AYG/test/app_controller_public_food_moderation_test.dart: AppController public food moderation getMyPublicFoodReports returns only own reports
2026-09-27T11:20:06.1700336Z ✅ /home/runner/work/AYG/AYG/test/app_controller_public_food_moderation_test.dart: AppController public food moderation block and unblock creator
2026-09-27T11:20:06.1747295Z ✅ /home/runner/work/AYG/AYG/test/app_controller_public_food_moderation_test.dart: AppController public food moderation block self rejected
2026-09-27T11:20:06.6987353Z ✅ /home/runner/work/AYG/AYG/test/macro_label_display_test.dart: macro display labels formatters use formal Japanese macro names
2026-09-27T11:20:06.9051966Z ✅ /home/runner/work/AYG/AYG/test/nutrition_engine_test.dart: calculateBMR male uses Mifflin-St Jeor male formula
2026-09-27T11:20:06.9074664Z ✅ /home/runner/work/AYG/AYG/test/nutrition_engine_test.dart: calculateBMR female uses Mifflin-St Jeor female formula
2026-09-27T11:20:06.9096854Z ✅ /home/runner/work/AYG/AYG/test/nutrition_engine_test.dart: TDEE activity level applies factor to BMR
2026-09-27T11:20:06.9117953Z ✅ /home/runner/work/AYG/AYG/test/nutrition_engine_test.dart: TDEE health uses BMR plus active energy burned
2026-09-27T11:20:06.9158913Z ✅ /home/runner/work/AYG/AYG/test/nutrition_engine_test.dart: calculateTargetCalories lose subtracts daily adjustment
2026-09-27T11:20:06.9182805Z ✅ /home/runner/work/AYG/AYG/test/nutrition_engine_test.dart: calculateTargetCalories gain adds daily adjustment
2026-09-27T11:20:06.9206633Z ✅ /home/runner/work/AYG/AYG/test/nutrition_engine_test.dart: calculateTargetCalories maintain equals TDEE
2026-09-27T11:20:06.9226239Z ✅ /home/runner/work/AYG/AYG/test/nutrition_engine_test.dart: calculateTargetCalories past target date returns TDEE
2026-09-27T11:20:06.9249861Z ✅ /home/runner/work/AYG/AYG/test/nutrition_engine_test.dart: calculateDailyAdjustment uses 7200 kcal per kg over remaining days
2026-09-27T11:20:06.9283813Z ✅ /home/runner/work/AYG/AYG/test/nutrition_engine_test.dart: calculateTargetMacros lose uses ISSN-based protein and AMDR fat ratio
2026-09-27T11:20:06.9303402Z ✅ /home/runner/work/AYG/AYG/test/nutrition_engine_test.dart: calculateRemainingCalories remaining equals target minus food plus exercise
2026-09-27T11:20:06.9366994Z ✅ /home/runner/work/AYG/AYG/test/nutrition_engine_test.dart: calculateDailySummary health integration does not add active energy to food target
2026-09-27T11:20:06.9401024Z ✅ /home/runner/work/AYG/AYG/test/nutrition_engine_test.dart: calculateDailySummary activity level integration uses activity factor
2026-09-27T11:20:06.9435430Z ✅ /home/runner/work/AYG/AYG/test/nutrition_engine_test.dart: calculateDailySummary ignores entries outside reference local day
2026-09-27T11:20:06.9461246Z ✅ /home/runner/work/AYG/AYG/test/nutrition_engine_test.dart: calculateDailySummary adds alcohol total_calories only to intake kcal
2026-09-27T11:20:06.9523246Z ✅ /home/runner/work/AYG/AYG/test/nutrition_engine_test.dart: calculateDailySummary unchanged when alcohol entries empty
2026-09-27T11:20:07.5466885Z ✅ /home/runner/work/AYG/AYG/test/macro_label_display_test.dart: macro display labels home shows formal macro labels
2026-09-27T11:20:07.6637726Z ✅ /home/runner/work/AYG/AYG/test/macro_label_display_test.dart: macro display labels food history shows formal macro labels
2026-09-27T11:20:07.7146462Z ✅ /home/runner/work/AYG/AYG/test/macro_label_display_test.dart: macro display labels public food match card shows formal macro labels
2026-09-27T11:20:07.9066512Z ✅ /home/runner/work/AYG/AYG/test/saved_food_publish_test.dart: SavedFoodPublishValidator accepts valid private manual food
2026-09-27T11:20:07.9173306Z ✅ /home/runner/work/AYG/AYG/test/saved_food_publish_test.dart: SavedFoodPublishValidator rejects missing macros
2026-09-27T11:20:07.9271806Z ✅ /home/runner/work/AYG/AYG/test/saved_food_publish_test.dart: SavedFoodPublishValidator rejects inconsistent manual macros
2026-09-27T11:20:07.9335661Z ✅ /home/runner/work/AYG/AYG/test/saved_food_publish_test.dart: PublicFoodSimilarService detects same name different amount
2026-09-27T11:20:07.9555008Z ✅ /home/runner/work/AYG/AYG/test/saved_food_publish_test.dart: PublicFoodSimilarService ignores exact duplicate
2026-09-27T11:20:07.9579745Z ✅ /home/runner/work/AYG/AYG/test/saved_food_publish_test.dart: PublishErrorMessages maps duplicate to user message
2026-09-27T11:20:07.9589511Z ✅ /home/runner/work/AYG/AYG/test/saved_food_publish_test.dart: PublishErrorMessages maps rate limits
2026-09-27T11:20:07.9812217Z ✅ /home/runner/work/AYG/AYG/test/macro_label_display_test.dart: macro display labels quantity sheet shows formal macro labels
2026-09-27T11:20:08.1006128Z ✅ /home/runner/work/AYG/AYG/test/macro_label_display_test.dart: macro display labels publish confirmation shows formal macro labels
2026-09-27T11:20:08.1399650Z ✅ /home/runner/work/AYG/AYG/test/macro_label_display_test.dart: macro display labels compact macro display does not overflow on narrow width
2026-09-27T11:20:08.1456056Z ✅ /home/runner/work/AYG/AYG/test/macro_label_display_test.dart: macro display labels nutrition engine totals are unchanged after label update
2026-09-27T11:20:08.5727713Z ##[endgroup]
2026-09-27T11:20:08.5729009Z ##[group]⏭️ Skipped tests
2026-09-27T11:20:08.5730391Z ⏭️ /home/runner/work/AYG/AYG/test/supabase_food_entry_delete_integration_test.dart: Supabase food entry delete integration deleteFoodEntry removes own row from Supabase (skipped)
2026-09-27T11:20:08.5731770Z Local Supabase not available at http://127.0.0.1:54321
2026-09-27T11:20:08.5758703Z ⏭️ /home/runner/work/AYG/AYG/test/supabase_food_entry_delete_integration_test.dart: Supabase food entry delete integration deleteFoodEntry throws when row is missing (skipped)
2026-09-27T11:20:08.5759948Z Local Supabase not available at http://127.0.0.1:54321
2026-09-27T11:20:08.5787130Z ⏭️ /home/runner/work/AYG/AYG/test/supabase_food_entry_delete_integration_test.dart: Supabase food entry delete integration deleteFoodEntry throws for other users row (RLS) (skipped)
2026-09-27T11:20:08.5789237Z Local Supabase not available at http://127.0.0.1:54321
2026-09-27T11:20:08.5873768Z ⏭️ /home/runner/work/AYG/AYG/test/supabase_food_entry_delete_integration_test.dart: Supabase food entry delete integration AppController.deleteFood with Supabase deletes locally and stays deleted after remote pull (skipped)
2026-09-27T11:20:08.5875558Z Local Supabase not available at http://127.0.0.1:54321
2026-09-27T11:20:08.5903564Z ⏭️ /home/runner/work/AYG/AYG/test/supabase_food_entry_delete_integration_test.dart: Supabase food entry delete integration AppController.deleteFood with Supabase keeps local entry when remote delete finds no row (skipped)
2026-09-27T11:20:08.5905377Z Local Supabase not available at http://127.0.0.1:54321
2026-09-27T11:20:09.0081603Z ##[endgroup]
2026-09-27T11:20:09.0082796Z ##[group]✅ Passing tests
2026-09-27T11:20:09.0083818Z ✅ /home/runner/work/AYG/AYG/test/macro_nutrition_shared_usage_test.dart: Food form uses shared macro nutrition widgets and service
2026-09-27T11:20:10.3628062Z ✅ /home/runner/work/AYG/AYG/test/public_food_meal_add_flow_test.dart: PublicFoodMealAddFlow opens quantity sheet when baseServingDefined is true
2026-09-27T11:20:10.4755959Z ✅ /home/runner/work/AYG/AYG/test/public_food_meal_add_flow_test.dart: PublicFoodMealAddFlow shows blocked dialog when serving is undefined
2026-09-27T11:20:10.6876176Z ✅ /home/runner/work/AYG/AYG/test/public_food_meal_add_flow_test.dart: PublicFoodMealAddFlow detail sheet closes before opening quantity sheet
2026-09-27T11:20:10.8201255Z ✅ /home/runner/work/AYG/AYG/test/exercise_met_calculation_section_test.dart: ExerciseMetCalculationSection strength training offers light moderate hard intensities
2026-09-27T11:20:10.8541689Z ✅ /home/runner/work/AYG/AYG/test/public_food_meal_add_flow_test.dart: PublicFoodMealAddFlow detail sheet returns food for blocked serving dialog flow
2026-09-27T11:20:10.9374886Z ✅ /home/runner/work/AYG/AYG/test/exercise_met_calculation_section_test.dart: ExerciseMetCalculationSection edit open alone does not change saved calculation values
2026-09-27T11:20:11.0477736Z ✅ /home/runner/work/AYG/AYG/test/public_food_meal_add_flow_test.dart: PublicFoodMealAddFlow quantity change scales nutrients proportionally
2026-09-27T11:20:11.1106693Z ✅ /home/runner/work/AYG/AYG/test/public_food_meal_add_flow_test.dart: PublicFoodMealAddFlow addMealEntryFromSavedFoodMaster creates one entry from public food
2026-09-27T11:20:11.1801407Z ✅ /home/runner/work/AYG/AYG/test/exercise_met_calculation_section_test.dart: ExerciseMetCalculationSection changing duration or activity does not update values until recalculate
2026-09-27T11:20:11.4755027Z ✅ /home/runner/work/AYG/AYG/test/exercise_met_calculation_section_test.dart: ExerciseMetCalculationSection recalculate button updates gross net weight and version
2026-09-27T11:20:11.7684960Z ✅ /home/runner/work/AYG/AYG/test/exercise_met_calculation_section_test.dart: ExerciseMetCalculationSection manual override uses net kcal field
2026-09-27T11:20:12.1320710Z ✅ /home/runner/work/AYG/AYG/test/exercise_met_calculation_section_test.dart: ExerciseMetCalculationSection manual override OFF returns to automatic estimate
2026-09-27T11:20:12.2516815Z ✅ /home/runner/work/AYG/AYG/test/exercise_met_calculation_section_test.dart: ExerciseMetCalculationSection shows reason when no weight is available
2026-09-27T11:20:12.3683036Z ✅ /home/runner/work/AYG/AYG/test/exercise_met_calculation_section_test.dart: ExerciseMetCalculationSection does not reference future weight entries
2026-09-27T11:20:12.4796085Z ✅ /home/runner/work/AYG/AYG/test/exercise_met_calculation_section_test.dart: ExerciseMetCalculationSection other category offers light moderate hard intensities
2026-09-27T11:20:12.5881246Z ✅ /home/runner/work/AYG/AYG/test/exercise_met_calculation_section_test.dart: ExerciseMetCalculationSection daily activity warns that PAL already includes housework
2026-09-27T11:20:12.6959590Z ✅ /home/runner/work/AYG/AYG/test/exercise_met_calculation_section_test.dart: ExerciseMetCalculationSection yoga does not show housework PAL warning
2026-09-27T11:20:12.7523787Z ✅ /home/runner/work/AYG/AYG/test/publish_saved_food_confirmation_widget_test.dart: PublishSavedFoodConfirmationScreen publish button disabled until confirmation checked
2026-09-27T11:20:12.8453706Z ✅ /home/runner/work/AYG/AYG/test/publish_saved_food_confirmation_widget_test.dart: PublishSavedFoodConfirmationScreen duplicate blocks publish button
2026-09-27T11:20:12.8489251Z ✅ /home/runner/work/AYG/AYG/test/exercise_met_calculation_section_test.dart: ExerciseMetCalculationSection walk commute choice zeros extra calories
2026-09-27T11:20:12.9754352Z ✅ /home/runner/work/AYG/AYG/test/publish_saved_food_confirmation_widget_test.dart: PublishSavedFoodConfirmationScreen similar foods still allow publish after confirmation
2026-09-27T11:20:12.9758401Z ✅ /home/runner/work/AYG/AYG/test/exercise_met_calculation_section_test.dart: ExerciseMetCalculationSection main surface shows net only without gross or MET
2026-09-27T11:20:13.0840345Z ✅ /home/runner/work/AYG/AYG/test/exercise_met_calculation_section_test.dart: ExerciseMetCalculationSection selecting an activity fills the display name
2026-09-27T11:20:13.2825615Z ✅ /home/runner/work/AYG/AYG/test/publish_saved_food_confirmation_widget_test.dart: PublishSavedFoodConfirmationScreen RPC failure shows user message and keeps retry enabled
2026-09-27T11:20:13.3655495Z ✅ /home/runner/work/AYG/AYG/test/exercise_met_calculation_section_test.dart: ExerciseFormScreen MET edit persistence input changes do not persist exercise entry until save
2026-09-27T11:20:13.5882000Z ✅ /home/runner/work/AYG/AYG/test/exercise_met_calculation_section_test.dart: ExerciseFormScreen MET edit persistence add form hides template shortcuts and required gross kcal
2026-09-27T11:20:13.8830979Z ✅ /home/runner/work/AYG/AYG/test/exercise_met_calculation_section_test.dart: ExerciseFormScreen MET edit persistence strength category shows multi exercise set editor
2026-09-27T11:20:14.2140995Z ✅ /home/runner/work/AYG/AYG/test/macro_nutrition_input_controller_test.dart: MacroNutritionInputController manual mode initializeFromNullable does not auto-calculate missing field
2026-09-27T11:20:14.2241513Z ✅ /home/runner/work/AYG/AYG/test/macro_nutrition_input_controller_test.dart: MacroNutritionInputController manual mode auto-fills missing field when three values are valid
2026-09-27T11:20:14.2270156Z ✅ /home/runner/work/AYG/AYG/test/macro_nutrition_input_controller_test.dart: MacroNutritionInputController manual mode does not calculate with partial decimal input
2026-09-27T11:20:14.2305512Z ✅ /home/runner/work/AYG/AYG/test/macro_nutrition_input_controller_test.dart: MacroNutritionInputController manual mode does not auto-fill when result would be negative
2026-09-27T11:20:14.2334572Z ✅ /home/runner/work/AYG/AYG/test/macro_nutrition_input_controller_test.dart: MacroNutritionInputController manual mode reconciles oldest manual field when all four fields are valid
2026-09-27T11:20:14.2357661Z ✅ /home/runner/work/AYG/AYG/test/macro_nutrition_input_controller_test.dart: MacroNutritionInputController manual mode keeps manually edited auto field and recalculates another field
2026-09-27T11:20:14.2383065Z ✅ /home/runner/work/AYG/AYG/test/macro_nutrition_input_controller_test.dart: MacroNutritionInputController manual mode prepareForSave enforces consistency
2026-09-27T11:20:14.2402274Z ✅ /home/runner/work/AYG/AYG/test/macro_nutrition_input_controller_test.dart: MacroNutritionInputController manual mode setImeComposing delays calculation until composition ends
2026-09-27T11:20:14.2426212Z ✅ /home/runner/work/AYG/AYG/test/macro_nutrition_input_controller_test.dart: MacroNutritionInputController manual mode composing range on one keystroke does not block later calculations
2026-09-27T11:20:14.2447540Z ✅ /home/runner/work/AYG/AYG/test/macro_nutrition_input_controller_test.dart: MacroNutritionInputController manual mode auto-fills kcal even when empty kcal field was focused
2026-09-27T11:20:14.2469745Z ✅ /home/runner/work/AYG/AYG/test/macro_nutrition_input_controller_test.dart: MacroNutritionInputController manual mode auto-calculates protein from kcal fat carb
2026-09-27T11:20:14.2500232Z ✅ /home/runner/work/AYG/AYG/test/macro_nutrition_input_controller_test.dart: MacroNutritionInputController manual mode auto-calculates fat from kcal protein carb
2026-09-27T11:20:14.2520322Z ✅ /home/runner/work/AYG/AYG/test/macro_nutrition_input_controller_test.dart: MacroNutritionInputController manual mode auto-calculates carb from kcal protein fat
2026-09-27T11:20:14.2538098Z ✅ /home/runner/work/AYG/AYG/test/macro_nutrition_input_controller_test.dart: MacroNutritionInputController manual mode does not auto-fill with only two values
2026-09-27T11:20:14.2557346Z ✅ /home/runner/work/AYG/AYG/test/macro_nutrition_input_controller_test.dart: MacroNutritionInputController manual mode zero is treated as valid input
2026-09-27T11:20:14.2578735Z ✅ /home/runner/work/AYG/AYG/test/macro_nutrition_input_controller_test.dart: MacroNutritionInputController manual mode clearing manual field removes stale auto value
2026-09-27T11:20:14.2597488Z ✅ /home/runner/work/AYG/AYG/test/macro_nutrition_input_controller_test.dart: MacroNutritionInputController manual mode parseOptional returns null for empty field
2026-09-27T11:20:14.2620832Z ✅ /home/runner/work/AYG/AYG/test/macro_nutrition_input_controller_test.dart: MacroNutritionInputController external mode applyExternalValues preserves OFF kcal without recalculation
2026-09-27T11:20:14.2639729Z ✅ /home/runner/work/AYG/AYG/test/macro_nutrition_input_controller_test.dart: MacroNutritionInputController external mode external mode allows save despite mismatch
2026-09-27T11:20:14.2660490Z ✅ /home/runner/work/AYG/AYG/test/macro_nutrition_input_controller_test.dart: MacroNutritionInputController external mode editing external value switches to manual mode
2026-09-27T11:20:14.2681440Z ✅ /home/runner/work/AYG/AYG/test/macro_nutrition_input_controller_test.dart: MacroNutritionInputController external mode copied entry loads without auto calculation
2026-09-27T11:20:14.5150161Z ✅ /home/runner/work/AYG/AYG/test/energy_target_calculation_service_test.dart: EnergyTargetCalculationService maintenance uses REE times lifestyle factor only
2026-09-27T11:20:14.5184382Z ✅ /home/runner/work/AYG/AYG/test/energy_target_calculation_service_test.dart: EnergyTargetCalculationService lose applies paced adjustment
2026-09-27T11:20:14.5224477Z ✅ /home/runner/work/AYG/AYG/test/energy_target_calculation_service_test.dart: EnergyTargetCalculationService gender other is unavailable without arbitrary coefficient
2026-09-27T11:20:14.5294939Z ✅ /home/runner/work/AYG/AYG/test/energy_target_calculation_service_test.dart: EnergyTargetCalculationService under 18 is unavailable
2026-09-27T11:20:15.1294341Z ✅ /home/runner/work/AYG/AYG/test/isar_repository_test.dart: Isar persistence UserRepository saves and loads profile and goal
2026-09-27T11:20:15.1589665Z ✅ /home/runner/work/AYG/AYG/test/isar_repository_test.dart: Isar persistence SettingsRepository saves nutrition settings and health snapshot
2026-09-27T11:20:15.1960361Z ✅ /home/runner/work/AYG/AYG/test/isar_repository_test.dart: Isar persistence FoodRepository and ExerciseRepository persist entries
2026-09-27T11:20:15.2348083Z ✅ /home/runner/work/AYG/AYG/test/isar_repository_test.dart: Isar persistence AlcoholRepository persists alcohol entries
2026-09-27T11:20:15.2508333Z ✅ /home/runner/work/AYG/AYG/test/isar_repository_test.dart: Isar persistence AlcoholRepository delete throws when entry missing
2026-09-27T11:20:15.2684979Z ✅ /home/runner/work/AYG/AYG/test/isar_repository_test.dart: Isar persistence WeightRepository persists weight entries
2026-09-27T11:20:15.3158816Z ✅ /home/runner/work/AYG/AYG/test/isar_repository_test.dart: AppController persistence loadPersistedState restores saved data
2026-09-27T11:20:15.7229596Z ✅ /home/runner/work/AYG/AYG/test/meal_template_owner_migration_test.dart: Meal template owner migration regression reassignOwnerUserId preserves template and items
2026-09-27T11:20:15.7548986Z ✅ /home/runner/work/AYG/AYG/test/meal_template_owner_migration_test.dart: Meal template owner migration regression clearForOwner removes only matching owner templates
2026-09-27T11:20:15.9289393Z ✅ /home/runner/work/AYG/AYG/test/food_master_row_mapper_test.dart: FoodMasterRowMapper.savedFood round trip preserves core fields
2026-09-27T11:20:15.9315853Z ✅ /home/runner/work/AYG/AYG/test/food_master_row_mapper_test.dart: FoodMasterRowMapper.savedFood round trip preserves serving_unit_label for web mapper
2026-09-27T11:20:15.9336731Z ✅ /home/runner/work/AYG/AYG/test/food_master_row_mapper_test.dart: FoodMasterRowMapper.savedFood round trip preserves version
2026-09-27T11:20:15.9359284Z ✅ /home/runner/work/AYG/AYG/test/food_master_row_mapper_test.dart: FoodMasterRowMapper.savedFood reads owner_deleted and does not let the client overwrite it
2026-09-27T11:20:15.9388495Z ✅ /home/runner/work/AYG/AYG/test/food_master_row_mapper_test.dart: FoodMasterRowMapper.foodEntry legacy row uses quantity fallback
2026-09-27T11:20:15.9412880Z ✅ /home/runner/work/AYG/AYG/test/food_master_row_mapper_test.dart: FoodMasterRowMapper.foodEntry new row round trip keeps consumption model and legacy quantity
2026-09-27T11:20:15.9441935Z ✅ /home/runner/work/AYG/AYG/test/food_master_row_mapper_test.dart: FoodMasterRowMapper.mealTemplate item round trip preserves snapshot and sort order
2026-09-27T11:20:15.9466175Z ✅ /home/runner/work/AYG/AYG/test/food_master_row_mapper_test.dart: FoodMasterRowMapper.alcoholEntry round trip preserves alcohol fields
2026-09-27T11:20:15.9492572Z ✅ /home/runner/work/AYG/AYG/test/food_master_row_mapper_test.dart: FoodMasterRowMapper.ratings and reports rating summary and report parse
2026-09-27T11:20:16.4215813Z ✅ /home/runner/work/AYG/AYG/test/app_controller_publish_test.dart: AppController publish checkPublicDuplicate returns match
2026-09-27T11:20:16.6419220Z ✅ /home/runner/work/AYG/AYG/test/app_controller_publish_test.dart: AppController publish publishSavedFood updates local only after RPC success
2026-09-27T11:20:16.6572642Z ✅ /home/runner/work/AYG/AYG/test/app_controller_publish_test.dart: AppController publish publish failure keeps private local state
2026-09-27T11:20:16.6668782Z ✅ /home/runner/work/AYG/AYG/test/app_controller_publish_test.dart: AppController publish blocks concurrent publish operations
2026-09-27T11:20:16.7547333Z ✅ /home/runner/work/AYG/AYG/test/subscription_entitlement_test.dart: plus stays active only while the latest expiry is in the future
2026-09-27T11:20:16.7615031Z ✅ /home/runner/work/AYG/AYG/test/subscription_entitlement_test.dart: a revocation date blocks the transaction
2026-09-27T11:20:16.7640188Z ✅ /home/runner/work/AYG/AYG/test/subscription_entitlement_test.dart: a missing expiry does not keep a product active
2026-09-27T11:20:16.7666897Z ✅ /home/runner/work/AYG/AYG/test/subscription_entitlement_test.dart: replaceAll drops products the store no longer returns
2026-09-27T11:20:16.7695251Z ✅ /home/runner/work/AYG/AYG/test/subscription_entitlement_test.dart: unknown products and unparsable expiry are ignored
2026-09-27T11:20:16.7738471Z ✅ /home/runner/work/AYG/AYG/test/subscription_entitlement_test.dart: period labels come from the store period or the product id
2026-09-27T11:20:17.7384585Z ✅ /home/runner/work/AYG/AYG/test/alcohol_nutrition_calculator_test.dart: AlcoholNutritionCalculator 500ml 5% yields 20g pure alcohol
2026-09-27T11:20:17.7411511Z ✅ /home/runner/work/AYG/AYG/test/alcohol_nutrition_calculator_test.dart: AlcoholNutritionCalculator 20g pure alcohol yields 140 kcal
2026-09-27T11:20:17.7433771Z ✅ /home/runner/work/AYG/AYG/test/alcohol_nutrition_calculator_test.dart: AlcoholNutritionCalculator 350ml 5% yields 14g pure alcohol
2026-09-27T11:20:17.7460805Z ✅ /home/runner/work/AYG/AYG/test/alcohol_nutrition_calculator_test.dart: AlcoholNutritionCalculator decimal alcohol percentage is supported
2026-09-27T11:20:17.7496372Z ✅ /home/runner/work/AYG/AYG/test/alcohol_nutrition_calculator_test.dart: AlcoholNutritionCalculator uses alcohol_calories as total when total_calories omitted
2026-09-27T11:20:17.7520922Z ✅ /home/runner/work/AYG/AYG/test/alcohol_nutrition_calculator_test.dart: AlcoholNutritionCalculator uses provided total_calories without double counting alcohol
2026-09-27T11:20:17.7545857Z ✅ /home/runner/work/AYG/AYG/test/alcohol_nutrition_calculator_test.dart: AlcoholNutritionCalculator recalculates alcohol_calories from manual pure_alcohol_grams
2026-09-27T11:20:17.7568937Z ✅ /home/runner/work/AYG/AYG/test/alcohol_nutrition_calculator_test.dart: isMilliliterUnit normalizes ml variants
2026-09-27T11:20:17.7587439Z ✅ /home/runner/work/AYG/AYG/test/alcohol_nutrition_calculator_test.dart: isMilliliterUnit does not treat non-ml units as ml
2026-09-27T11:20:17.9101969Z ✅ /home/runner/work/AYG/AYG/test/app_empty_state_test.dart: AppEmptyState centers message within available width
2026-09-27T11:20:17.9517014Z ✅ /home/runner/work/AYG/AYG/test/app_empty_state_test.dart: AppEmptyState stays centered at desktop width
2026-09-27T11:20:18.5102720Z ✅ /home/runner/work/AYG/AYG/test/macro_target_calculation_service_test.dart: MacroTargetCalculationService lose without strength uses lower protein g per kg
2026-09-27T11:20:18.5127678Z ✅ /home/runner/work/AYG/AYG/test/macro_target_calculation_service_test.dart: MacroTargetCalculationService strength training increases protein g per kg
2026-09-27T11:20:18.5156893Z ✅ /home/runner/work/AYG/AYG/test/macro_target_calculation_service_test.dart: MacroTargetCalculationService P x 4 + F x 9 + C x 4 matches target within tolerance
2026-09-27T11:20:18.5238489Z ✅ /home/runner/work/AYG/AYG/test/macro_target_calculation_service_test.dart: MacroTargetCalculationService carbs are residual after protein and fat
2026-09-27T11:20:19.7491709Z ✅ /home/runner/work/AYG/AYG/test/home_remaining_kcal_widget_test.dart: RemainingKcalHero shows formatted remaining kcal
2026-09-27T11:20:19.7676668Z ✅ /home/runner/work/AYG/AYG/test/app_keyboard_dismiss_test.dart: shows close and done when the keyboard inset is open
2026-09-27T11:20:19.8520788Z ✅ /home/runner/work/AYG/AYG/test/app_keyboard_dismiss_test.dart: tapping outside a field dismisses focus
2026-09-27T11:20:20.7839829Z ✅ /home/runner/work/AYG/AYG/test/goal_pace_sync_regression_test.dart: GoalPace sync contract push maps maintain to null and lose/gain to slow/standard
2026-09-27T11:20:20.7869679Z ✅ /home/runner/work/AYG/AYG/test/goal_pace_sync_regression_test.dart: GoalPace sync contract pull falls back null and unknown to standard
2026-09-27T11:20:20.7927425Z ✅ /home/runner/work/AYG/AYG/test/goal_pace_sync_regression_test.dart: GoalPace sync contract slow pace raises lose target kcal versus standard
2026-09-27T11:20:20.7949499Z ✅ /home/runner/work/AYG/AYG/test/goal_pace_sync_regression_test.dart: GoalPace sync contract maintain keeps zero pace adjustment
2026-09-27T11:20:20.9444155Z ✅ /home/runner/work/AYG/AYG/test/goal_pace_sync_regression_test.dart: GoalPace local persistence regression Isar save and reload keeps pace
2026-09-27T11:20:20.9644432Z ✅ /home/runner/work/AYG/AYG/test/goal_pace_sync_regression_test.dart: GoalPace local persistence regression logout clear and simulated relogin pull restore pace
2026-09-27T11:20:20.9676473Z ✅ /home/runner/work/AYG/AYG/test/goal_pace_sync_regression_test.dart: GoalPace local persistence regression web reload pull restores pace from remote row
2026-09-27T11:20:20.9842653Z ✅ /home/runner/work/AYG/AYG/test/goal_pace_sync_regression_test.dart: GoalPace local persistence regression legacy null remote pace defaults to standard after reload
2026-09-27T11:20:21.0433284Z ##[endgroup]
2026-09-27T11:20:21.0434170Z ##[group]⏭️ Skipped tests
2026-09-27T11:20:21.0435278Z ⏭️ /home/runner/work/AYG/AYG/test/goal_pace_sync_regression_test.dart: GoalPace Supabase integration push pull round-trip and RLS isolation (skipped)
2026-09-27T11:20:21.0436086Z Local Supabase auth unavailable
2026-09-27T11:20:22.3381941Z ##[endgroup]
2026-09-27T11:20:22.3383867Z ##[group]✅ Passing tests
2026-09-27T11:20:22.3385134Z ✅ /home/runner/work/AYG/AYG/test/food_form_screen_test.dart: FoodFormScreen manual entry reconciles inconsistent values before save
2026-09-27T11:20:22.3416820Z ✅ /home/runner/work/AYG/AYG/test/food_form_screen_test.dart: OFF food entry snapshot preserves OFF kcal and sourceType without nutrition edit
2026-09-27T11:20:22.3441472Z ✅ /home/runner/work/AYG/AYG/test/food_form_screen_test.dart: OFF food entry snapshot switches to manual sourceType after nutrition edit
2026-09-27T11:20:22.3462731Z ✅ /home/runner/work/AYG/AYG/test/food_form_screen_test.dart: OFF food entry snapshot copied savedFood keeps values until edited
2026-09-27T11:20:23.0300655Z ✅ /home/runner/work/AYG/AYG/test/web_food_form_screen_test.dart: shows camera, text input, and manual entry sections
2026-09-27T11:20:23.1559977Z ✅ /home/runner/work/AYG/AYG/test/strength_workout_log_test.dart: StrengthNotesCodec roundtrips multiple exercises and sets with memo
2026-09-27T11:20:23.1580914Z ✅ /home/runner/work/AYG/AYG/test/strength_workout_log_test.dart: StrengthNotesCodec plain memo stays plain memo
2026-09-27T11:20:23.1626120Z ✅ /home/runner/work/AYG/AYG/test/strength_workout_log_test.dart: ExerciseStrengthDetails falls back to legacy sets reps weight
2026-09-27T11:20:23.2685532Z ✅ /home/runner/work/AYG/AYG/test/web_food_form_screen_test.dart: shows fallback message when camera scan is unavailable
2026-09-27T11:20:23.6252996Z ✅ /home/runner/work/AYG/AYG/test/web_food_form_screen_test.dart: keeps manual entry after Open Food Facts failure
2026-09-27T11:20:23.8281379Z ✅ /home/runner/work/AYG/AYG/test/saved_food_version_policy_test.dart: SavedFoodVersionPolicy initial version is 1
2026-09-27T11:20:23.8316844Z ✅ /home/runner/work/AYG/AYG/test/saved_food_version_policy_test.dart: SavedFoodVersionPolicy detects user-facing changes
2026-09-27T11:20:23.8341732Z ✅ /home/runner/work/AYG/AYG/test/saved_food_version_policy_test.dart: SavedFoodVersionPolicy ignores non user-facing changes
2026-09-27T11:20:23.8363938Z ✅ /home/runner/work/AYG/AYG/test/saved_food_version_policy_test.dart: SavedFoodVersionPolicy bumps version for public food user-facing update
2026-09-27T11:20:23.8386584Z ✅ /home/runner/work/AYG/AYG/test/saved_food_version_policy_test.dart: SavedFoodVersionPolicy does not bump version for private food
2026-09-27T11:20:24.0168930Z ✅ /home/runner/work/AYG/AYG/test/web_food_form_screen_test.dart: preserves OFF kcal when saving without nutrition edits
2026-09-27T11:20:24.5170370Z ✅ /home/runner/work/AYG/AYG/test/food_form_suggestion_test.dart: Food form suggestions ranks foods and templates without mixing owners in service layer
2026-09-27T11:20:24.7289097Z ✅ /home/runner/work/AYG/AYG/test/food_form_suggestion_test.dart: Food form suggestions AppController getFoodFormSuggestions returns only current owner data
2026-09-27T11:20:25.5659428Z ✅ /home/runner/work/AYG/AYG/test/app_startup_routing_test.dart: sync failure shows retry screen not onboarding
2026-09-27T11:20:25.6119727Z ✅ /home/runner/work/AYG/AYG/test/app_startup_routing_test.dart: authenticated user with incomplete sync does not show login
2026-09-27T11:20:26.1739509Z ✅ /home/runner/work/AYG/AYG/test/resilient_auth_local_storage_test.dart: ResilientAuthLocalStorage falls back to memory when delegate fails
2026-09-27T11:20:26.6623678Z ✅ /home/runner/work/AYG/AYG/test/legal_document_screen_test.dart: settings opens terms in a full-screen sheet with close
2026-09-27T11:20:26.9031447Z ✅ /home/runner/work/AYG/AYG/test/legal_document_screen_test.dart: legal document screen renders privacy from assets
2026-09-27T11:20:26.9636515Z ✅ /home/runner/work/AYG/AYG/test/legal_document_screen_test.dart: tokushoho screen renders from assets
2026-09-27T11:20:27.0623549Z ✅ /home/runner/work/AYG/AYG/test/legal_document_screen_test.dart: account deletion screen renders in-app steps from assets
2026-09-27T11:20:27.1200992Z ✅ /home/runner/work/AYG/AYG/test/meal_template_repository_test.dart: MealTemplateRepository saves template with ordered items and snapshots
2026-09-27T11:20:27.1437506Z ✅ /home/runner/work/AYG/AYG/test/meal_template_repository_test.dart: MealTemplateRepository reads items without saved food reference
2026-09-27T11:20:27.1748112Z ✅ /home/runner/work/AYG/AYG/test/meal_template_repository_test.dart: MealTemplateRepository search and softDelete
2026-09-27T11:20:27.3215034Z ✅ /home/runner/work/AYG/AYG/test/meal_template_repository_test.dart: MealTemplateRepository clearAll removes templates and items
2026-09-27T11:20:27.9881337Z ✅ /home/runner/work/AYG/AYG/test/entry_delete_restore_sync_test.dart: Entry delete and restore sync exercise delete removes remote before local and survives pull
2026-09-27T11:20:28.0306561Z ✅ /home/runner/work/AYG/AYG/test/entry_delete_restore_sync_test.dart: Entry delete and restore sync exercise restore after delete pushes remote and survives pull
2026-09-27T11:20:28.0508420Z ✅ /home/runner/work/AYG/AYG/test/entry_delete_restore_sync_test.dart: Entry delete and restore sync exercise remote delete failure keeps local entry
2026-09-27T11:20:28.0585375Z ✅ /home/runner/work/AYG/AYG/test/meal_template_services_test.dart: MealTemplateTotalsService 100g -> 150g scales totals
2026-09-27T11:20:28.0619471Z ✅ /home/runner/work/AYG/AYG/test/meal_template_services_test.dart: MealTemplateApplyService buildEntries assigns distinct entry ids from generator
2026-09-27T11:20:28.0649821Z ✅ /home/runner/work/AYG/AYG/test/meal_template_services_test.dart: MealTemplateApplyService buildEntries shares mealGroupId and sortOrder
2026-09-27T11:20:28.0674359Z ✅ /home/runner/work/AYG/AYG/test/meal_template_services_test.dart: MealTemplateApplyService resolveItems excludes cancelled template apply
2026-09-27T11:20:28.1190079Z ✅ /home/runner/work/AYG/AYG/test/entry_delete_restore_sync_test.dart: Entry delete and restore sync weight delete removes remote before local and survives pull
2026-09-27T11:20:28.1463772Z ✅ /home/runner/work/AYG/AYG/test/entry_delete_restore_sync_test.dart: Entry delete and restore sync weight restore after delete pushes remote and survives pull
2026-09-27T11:20:28.1680556Z ✅ /home/runner/work/AYG/AYG/test/entry_delete_restore_sync_test.dart: Entry delete and restore sync weight remote delete failure keeps local entry
2026-09-27T11:20:28.1730289Z ✅ /home/runner/work/AYG/AYG/test/entry_delete_restore_sync_test.dart: Alcohol edit recalculation 20mL to 500mL recalculates derived values when not manual
2026-09-27T11:20:28.1759965Z ✅ /home/runner/work/AYG/AYG/test/entry_delete_restore_sync_test.dart: Alcohol edit recalculation manual total calories are preserved when explicitly provided
2026-09-27T11:20:28.9385738Z ✅ /home/runner/work/AYG/AYG/test/app_controller_food_delete_test.dart: AppController.deleteFood remote persistence calls Supabase delete before removing local entry
2026-09-27T11:20:28.9575129Z ✅ /home/runner/work/AYG/AYG/test/app_controller_food_delete_test.dart: AppController.deleteFood remote persistence keeps local entry when remote delete fails
2026-09-27T11:20:28.9884277Z ✅ /home/runner/work/AYG/AYG/test/app_controller_food_delete_test.dart: AppController.deleteFood remote persistence deleted entry does not return after simulated remote pull
2026-09-27T11:20:29.0476794Z ✅ /home/runner/work/AYG/AYG/test/app_controller_daily_summary_test.dart: refreshDailySummary after deletion food delete recalculates today intake and remaining kcal
2026-09-27T11:20:29.0524127Z ✅ /home/runner/work/AYG/AYG/test/app_controller_daily_summary_test.dart: refreshDailySummary after deletion exercise delete reduces remaining kcal
2026-09-27T11:20:29.0554145Z ✅ /home/runner/work/AYG/AYG/test/app_controller_daily_summary_test.dart: refreshDailySummary after deletion last food delete zeroes intake
2026-09-27T11:20:29.0607080Z ✅ /home/runner/work/AYG/AYG/test/app_controller_daily_summary_test.dart: refreshDailySummary after deletion changing goal pace updates target kcal immediately
2026-09-27T11:20:29.6520606Z ✅ /home/runner/work/AYG/AYG/test/saved_food_search_service_test.dart: SavedFoodSearchService prioritizes exact match over prefix match
2026-09-27T11:20:29.6549922Z ✅ /home/runner/work/AYG/AYG/test/saved_food_search_service_test.dart: SavedFoodSearchService supports Japanese prefix search
2026-09-27T11:20:29.6597569Z ✅ /home/runner/work/AYG/AYG/test/saved_food_search_service_test.dart: SavedFoodSearchService sorts by use count and last used when query is empty
2026-09-27T11:20:29.9593956Z ✅ /home/runner/work/AYG/AYG/test/sync_failure_test.dart: maps table missing to step-specific code
2026-09-27T11:20:29.9639563Z ✅ /home/runner/work/AYG/AYG/test/sync_failure_test.dart: copy text excludes secrets
2026-09-27T11:20:30.3111362Z ✅ /home/runner/work/AYG/AYG/test/apple_token_revocation_test.dart: native Apple sign-in sends only the authorization code
2026-09-27T11:20:30.3168589Z ##[endgroup]
2026-09-27T11:20:30.3169973Z ##[group]✅ /home/runner/work/AYG/AYG/test/apple_token_revocation_test.dart: a failed token store does not fail Apple sign-in
2026-09-27T11:20:30.3170959Z Sign in with Apple refresh token was not stored.
2026-09-27T11:20:30.3171628Z ##[endgroup]
2026-09-27T11:20:30.3193092Z ##[group]✅ Passing tests
2026-09-27T11:20:30.3194460Z ✅ /home/runner/work/AYG/AYG/test/apple_token_revocation_test.dart: sign-in is unchanged when the authorization code is empty
2026-09-27T11:20:30.3222114Z ##[endgroup]
2026-09-27T11:20:30.3223463Z ##[group]✅ /home/runner/work/AYG/AYG/test/apple_token_revocation_test.dart: a store error after sign-in is swallowed by the handoff
2026-09-27T11:20:30.3224371Z Sign in with Apple refresh token was not stored.
2026-09-27T11:20:30.3224963Z ##[endgroup]
2026-09-27T11:20:30.3266182Z ##[group]✅ Passing tests
2026-09-27T11:20:30.3267233Z ✅ /home/runner/work/AYG/AYG/test/apple_token_revocation_test.dart: sign-in failure does not store an authorization code
2026-09-27T11:20:30.3292031Z ✅ /home/runner/work/AYG/AYG/test/apple_token_revocation_test.dart: delete account invokes the edge function
2026-09-27T11:20:30.3311082Z ✅ /home/runner/work/AYG/AYG/test/apple_token_revocation_test.dart: a failed Apple revoke is reported after the account is deleted
2026-09-27T11:20:30.3359348Z ✅ /home/runner/work/AYG/AYG/test/apple_token_revocation_test.dart: a missing delete function is unavailable
2026-09-27T11:20:30.3414109Z ✅ /home/runner/work/AYG/AYG/test/apple_token_revocation_test.dart: delete failures hide the function body
2026-09-27T11:20:30.3531870Z ✅ /home/runner/work/AYG/AYG/test/apple_token_revocation_test.dart: the native sign-in path passes the authorization code
2026-09-27T11:20:30.3587709Z ✅ /home/runner/work/AYG/AYG/test/apple_token_revocation_test.dart: production functions read the four secret names and no key material
2026-09-27T11:20:30.3817573Z ✅ /home/runner/work/AYG/AYG/test/apple_token_revocation_test.dart: the client deletes accounts only through the edge function
2026-09-27T11:20:30.6382879Z ✅ /home/runner/work/AYG/AYG/test/supabase_error_mapper_test.dart: SupabaseErrorMapper maps duplicate publish failure
2026-09-27T11:20:30.6402691Z ✅ /home/runner/work/AYG/AYG/test/supabase_error_mapper_test.dart: SupabaseErrorMapper maps hourly rate limit
2026-09-27T11:20:30.6429519Z ✅ /home/runner/work/AYG/AYG/test/supabase_error_mapper_test.dart: SupabaseErrorMapper maps not authenticated
2026-09-27T11:20:30.6454400Z ✅ /home/runner/work/AYG/AYG/test/supabase_error_mapper_test.dart: SupabaseErrorMapper maps self rating rejection
2026-09-27T11:20:30.6489390Z ✅ /home/runner/work/AYG/AYG/test/supabase_error_mapper_test.dart: SupabaseErrorMapper maps duplicate report conflict
2026-09-27T11:20:30.6499553Z ✅ /home/runner/work/AYG/AYG/test/supabase_error_mapper_test.dart: SupabaseErrorMapper maps permission denied to permission exception
2026-09-27T11:20:30.6545836Z ✅ /home/runner/work/AYG/AYG/test/supabase_error_mapper_test.dart: SupabaseErrorMapper maps missing relation to table missing exception
2026-09-27T11:20:30.6610835Z ✅ /home/runner/work/AYG/AYG/test/supabase_error_mapper_test.dart: SupabaseErrorMapper maps PGRST205 schema cache miss to table missing exception
2026-09-27T11:20:31.1178916Z ✅ /home/runner/work/AYG/AYG/test/public_food_search_service_test.dart: PublicFoodSearchService exact match ranks before prefix and partial
2026-09-27T11:20:31.1211401Z ✅ /home/runner/work/AYG/AYG/test/public_food_search_service_test.dart: PublicFoodSearchService barcode exact match is included
2026-09-27T11:20:31.1242548Z ✅ /home/runner/work/AYG/AYG/test/public_food_search_service_test.dart: PublicFoodSearchService low rating demotes search rank
2026-09-27T11:20:31.1265486Z ✅ /home/runner/work/AYG/AYG/test/public_food_search_service_test.dart: PublicFoodSearchService updatedAt breaks ties
2026-09-27T11:20:31.2936330Z ✅ /home/runner/work/AYG/AYG/test/saved_food_persistence_error_test.dart: SavedFoodPersistenceException maps foreign key violation to userProfileRequired
2026-09-27T11:20:31.2960890Z ✅ /home/runner/work/AYG/AYG/test/saved_food_persistence_error_test.dart: SavedFoodPersistenceException maps RLS denial to permissionDenied
2026-09-27T11:20:32.0073770Z ✅ /home/runner/work/AYG/AYG/test/meal_template_sync_regression_test.dart: Meal template sync regression save template and register meal are independent operations
2026-09-27T11:20:32.0347817Z ✅ /home/runner/work/AYG/AYG/test/meal_template_sync_regression_test.dart: Meal template sync regression edit template removes orphan items locally
2026-09-27T11:20:32.0437071Z ✅ /home/runner/work/AYG/AYG/test/meal_template_sync_regression_test.dart: Meal template sync regression failed push retry does not wipe local templates
2026-09-27T11:20:32.1463481Z ✅ /home/runner/work/AYG/AYG/test/nutrition_value_calculator_test.dart: parse empty vs zero
2026-09-27T11:20:32.1482932Z ✅ /home/runner/work/AYG/AYG/test/nutrition_value_calculator_test.dart: parse partial decimal
2026-09-27T11:20:32.1502722Z ✅ /home/runner/work/AYG/AYG/test/nutrition_value_calculator_test.dart: parse negative is invalid
2026-09-27T11:20:32.1542202Z ✅ /home/runner/work/AYG/AYG/test/nutrition_value_calculator_test.dart: calculateMissing kcal missing
2026-09-27T11:20:32.1560415Z ✅ /home/runner/work/AYG/AYG/test/nutrition_value_calculator_test.dart: calculateMissing protein missing
2026-09-27T11:20:32.1576810Z ✅ /home/runner/work/AYG/AYG/test/nutrition_value_calculator_test.dart: calculateMissing fat missing
2026-09-27T11:20:32.1593338Z ✅ /home/runner/work/AYG/AYG/test/nutrition_value_calculator_test.dart: calculateMissing carb missing
2026-09-27T11:20:32.1609334Z ✅ /home/runner/work/AYG/AYG/test/nutrition_value_calculator_test.dart: calculateMissing two or fewer valid fields returns null
2026-09-27T11:20:32.1627881Z ✅ /home/runner/work/AYG/AYG/test/nutrition_value_calculator_test.dart: calculateMissing negative result
2026-09-27T11:20:32.1645530Z ✅ /home/runner/work/AYG/AYG/test/nutrition_value_calculator_test.dart: calculateMissing rounds macros to one decimal
2026-09-27T11:20:32.1662058Z ✅ /home/runner/work/AYG/AYG/test/nutrition_value_calculator_test.dart: calculateMissing rounds kcal to integer
2026-09-27T11:20:32.1681380Z ✅ /home/runner/work/AYG/AYG/test/nutrition_value_calculator_test.dart: reconcileField recalculates kcal from PFC
2026-09-27T11:20:32.1698921Z ✅ /home/runner/work/AYG/AYG/test/nutrition_value_calculator_test.dart: isConsistent matches 4/9/4 formula after rounding
2026-09-27T11:20:32.1715019Z ✅ /home/runner/work/AYG/AYG/test/nutrition_value_calculator_test.dart: isConsistent rejects inconsistent values
2026-09-27T11:20:32.1731529Z ✅ /home/runner/work/AYG/AYG/test/nutrition_value_calculator_test.dart: hasExternalCalorieMismatch detects OFF-style mismatch
2026-09-27T11:20:32.1757936Z ✅ /home/runner/work/AYG/AYG/test/nutrition_value_calculator_test.dart: hasExternalCalorieMismatch returns false when consistent
2026-09-27T11:20:32.5949991Z ✅ /home/runner/work/AYG/AYG/test/health_profile_data_test.dart: empty profile has no values
2026-09-27T11:20:32.5984260Z ✅ /home/runner/work/AYG/AYG/test/health_profile_data_test.dart: weight only counts as a value
2026-09-27T11:20:32.9248369Z ✅ /home/runner/work/AYG/AYG/test/subscription_policy_test.dart: free users can search five times a day
2026-09-27T11:20:32.9291754Z ✅ /home/runner/work/AYG/AYG/test/subscription_policy_test.dart: free users can keep three templates
2026-09-27T11:20:32.9361248Z ✅ /home/runner/work/AYG/AYG/test/subscription_policy_test.dart: catalog keeps product ids and free limits
2026-09-27T11:20:32.9419378Z ✅ /home/runner/work/AYG/AYG/test/subscription_policy_test.dart: usage store counts searches per user and day
2026-09-27T11:20:33.3246855Z ##[endgroup]
2026-09-27T11:20:33.3248850Z ##[group]✅ /home/runner/work/AYG/AYG/test/sync_step_runner_test.dart: runOptionalSyncStep skips raw PostgrestException
2026-09-27T11:20:33.3250584Z [AYG Sync] step=FETCH_SAVED_FOODS code=FETCH_SAVED_FOODS_TABLE_MISSING postgres=42P01 repo=test table=saved_foods op=select message=relation "saved_foods" does not exist details=null hint=null
2026-09-27T11:20:33.3252449Z [AYG Sync] cause=PostgrestException(message: relation "saved_foods" does not exist, code: 42P01, details: null, hint: null)
2026-09-27T11:20:33.3253649Z [AYG Sync] optional step skipped: FETCH_SAVED_FOODS table=saved_foods
2026-09-27T11:20:33.3254613Z ##[endgroup]
2026-09-27T11:20:33.3296872Z ##[group]✅ /home/runner/work/AYG/AYG/test/sync_step_runner_test.dart: runOptionalSyncStep skips SupabaseErrorMapper wrapped missing table
2026-09-27T11:20:33.3303805Z [AYG Sync] step=FETCH_SAVED_FOODS code=FETCH_SAVED_FOODS_TABLE_MISSING postgres=42P01 repo=SupabaseSavedFoodRepository table=saved_foods op=select message=relation "saved_foods" does not exist details=null hint=null
2026-09-27T11:20:33.3305457Z [AYG Sync] cause=relation "saved_foods" does not exist
2026-09-27T11:20:33.3306295Z [AYG Sync] optional step skipped: FETCH_SAVED_FOODS table=saved_foods
2026-09-27T11:20:33.3307267Z ##[endgroup]
2026-09-27T11:20:33.3325658Z ##[group]✅ Passing tests
2026-09-27T11:20:33.3346007Z ✅ /home/runner/work/AYG/AYG/test/sync_step_runner_test.dart: SyncFailure maps wrapped table missing to TABLE_MISSING code
2026-09-27T11:20:33.3375257Z ##[endgroup]
2026-09-27T11:20:33.3378473Z ##[group]✅ /home/runner/work/AYG/AYG/test/sync_step_runner_test.dart: runOptionalSyncStep skips PGRST205 schema cache miss
2026-09-27T11:20:33.3382143Z [AYG Sync] step=FETCH_SAVED_FOODS code=FETCH_SAVED_FOODS_TABLE_MISSING postgres=PGRST205 repo=SupabaseSavedFoodRepository table=saved_foods op=select message=Could not find the table 'public.saved_foods' in the schema cache details=null hint=null
2026-09-27T11:20:33.3384141Z [AYG Sync] cause=Could not find the table 'public.saved_foods' in the schema cache
2026-09-27T11:20:33.3385126Z [AYG Sync] optional step skipped: FETCH_SAVED_FOODS table=saved_foods
2026-09-27T11:20:33.3386058Z ##[endgroup]
2026-09-27T11:20:33.3437367Z ##[group]✅ /home/runner/work/AYG/AYG/test/sync_step_runner_test.dart: runOptionalSyncStep rethrows permission errors
2026-09-27T11:20:33.3439144Z [AYG Sync] step=FETCH_SAVED_FOODS code=FETCH_SAVED_FOODS_FAILED postgres=null repo=test table=saved_foods op=select message=permission denied for table saved_foods details=null hint=null
2026-09-27T11:20:33.3440386Z [AYG Sync] cause=permission denied for table saved_foods
2026-09-27T11:20:33.3441126Z ##[endgroup]
2026-09-27T11:20:33.6180044Z ##[group]✅ Passing tests
2026-09-27T11:20:33.6180883Z ✅ /home/runner/work/AYG/AYG/test/food_entry_consumption_test.dart: FoodEntry consumption model legacy quantity maps to consumedAmount with baseAmount 1
2026-09-27T11:20:33.6202497Z ✅ /home/runner/work/AYG/AYG/test/food_entry_consumption_test.dart: FoodEntry consumption model quantity getter equals consumedAmount / baseAmount
2026-09-27T11:20:33.6227826Z ✅ /home/runner/work/AYG/AYG/test/food_entry_consumption_test.dart: FoodEntry consumption model explicit baseAmount and consumedAmount
2026-09-27T11:20:33.6253836Z ✅ /home/runner/work/AYG/AYG/test/food_entry_consumption_test.dart: FoodEntry consumption model legacy migration preserves totals
2026-09-27T11:20:33.6275439Z ✅ /home/runner/work/AYG/AYG/test/food_entry_consumption_test.dart: FoodEntry consumption model nullable nutrition totals treat null as zero
2026-09-27T11:20:33.6311834Z ✅ /home/runner/work/AYG/AYG/test/food_entry_consumption_test.dart: FoodEntry consumption model rejects zero consumedAmount at construction
2026-09-27T11:20:33.6339295Z ✅ /home/runner/work/AYG/AYG/test/food_entry_consumption_test.dart: FoodEntry consumption model copyWith preserves consumption fields for edit flow
2026-09-27T11:20:33.6372499Z ✅ /home/runner/work/AYG/AYG/test/food_entry_consumption_test.dart: EntityMapper legacy Isar roundtrip preserves totals through entity roundtrip
2026-09-27T11:20:33.6402339Z ✅ /home/runner/work/AYG/AYG/test/food_entry_consumption_test.dart: EntityMapper legacy Isar roundtrip simulates reading old local DB schema with quantity only
2026-09-27T11:20:33.6443391Z ✅ /home/runner/work/AYG/AYG/test/food_entry_consumption_test.dart: Supabase food_entries sync compatibility pull row map and push payload keep quantity semantics
2026-09-27T11:20:33.6490074Z ✅ /home/runner/work/AYG/AYG/test/food_entry_consumption_test.dart: SavedFood normalizedForSave rounds baseAmount to 4 decimals
2026-09-27T11:20:33.6510088Z ✅ /home/runner/work/AYG/AYG/test/food_entry_consumption_test.dart: BaseAmountNormalizer treats 200 and 200.0 as same normalized value
2026-09-27T11:20:33.9786092Z ✅ /home/runner/work/AYG/AYG/test/search_suggestion_service_test.dart: SearchSuggestionService ranks saved foods by use count then recency
2026-09-27T11:20:33.9823421Z ✅ /home/runner/work/AYG/AYG/test/search_suggestion_service_test.dart: SearchSuggestionService ranks meal templates with stable tie-breaker
2026-09-27T11:20:33.9863547Z ✅ /home/runner/work/AYG/AYG/test/search_suggestion_service_test.dart: SearchSuggestionService ranks workout templates by use count
2026-09-27T11:20:34.5217188Z ✅ /home/runner/work/AYG/AYG/test/storekit_subscription_repository_test.dart: legacy active flag does not keep plus without a future expiry
2026-09-27T11:20:34.5338576Z ✅ /home/runner/work/AYG/AYG/test/storekit_subscription_repository_test.dart: a store failure keeps a still-future cached expiry
2026-09-27T11:20:34.5372428Z ✅ /home/runner/work/AYG/AYG/test/storekit_subscription_repository_test.dart: an authoritative expiry replaces the cached flag
2026-09-27T11:20:34.5463661Z ✅ /home/runner/work/AYG/AYG/test/storekit_subscription_repository_test.dart: purchase expiry turns plus on and a missing expiry turns it off
2026-09-27T11:20:34.5533230Z ✅ /home/runner/work/AYG/AYG/test/storekit_subscription_repository_test.dart: a revoked transaction does not grant plus
2026-09-27T11:20:34.5600007Z ✅ /home/runner/work/AYG/AYG/test/storekit_subscription_repository_test.dart: refresh turns plus off after the cached expiry passes
2026-09-27T11:20:35.0955963Z ✅ /home/runner/work/AYG/AYG/test/subscription_events_migration_test.dart: subscription events store only user, type, and timestamp
2026-09-27T11:20:35.0975968Z ✅ /home/runner/work/AYG/AYG/test/subscription_events_migration_test.dart: clients can insert their own row and cannot read it back
2026-09-27T11:20:35.0999849Z ✅ /home/runner/work/AYG/AYG/test/subscription_events_migration_test.dart: counts rely on the service_role grant
2026-09-27T11:20:35.1031844Z ✅ /home/runner/work/AYG/AYG/test/subscription_events_migration_test.dart: down migration removes the table and functions
2026-09-27T11:20:35.7623721Z ✅ /home/runner/work/AYG/AYG/test/settings_screen_test.dart: SettingsScreen shows operator contact email
2026-09-27T11:20:35.8524302Z ✅ /home/runner/work/AYG/AYG/test/settings_screen_test.dart: SettingsScreen hides operator contact when email is empty
2026-09-27T11:20:36.2081995Z ✅ /home/runner/work/AYG/AYG/test/app_controller_meal_template_multi_item_test.dart: AppController meal template multi-item saveMealTemplate persists three distinct items after reload
2026-09-27T11:20:36.2459702Z ✅ /home/runner/work/AYG/AYG/test/app_controller_meal_template_multi_item_test.dart: AppController meal template multi-item applyMealTemplate creates three food entries with distinct ids
2026-09-27T11:20:36.2718941Z ✅ /home/runner/work/AYG/AYG/test/app_controller_meal_template_multi_item_test.dart: AppController meal template multi-item rapid apply attempts do not duplicate entries when guarded externally
2026-09-27T11:20:36.2893591Z ✅ /home/runner/work/AYG/AYG/test/app_controller_meal_template_multi_item_test.dart: AppController meal template multi-item saveWithItems keeps parent and all items in one repository transaction
2026-09-27T11:20:36.5076964Z ✅ /home/runner/work/AYG/AYG/test/supabase_migration_security_test.dart: Supabase migration security workout_templates migration enables RLS and revokes anon
2026-09-27T11:20:36.5095402Z ✅ /home/runner/work/AYG/AYG/test/supabase_migration_security_test.dart: Supabase migration security workout_templates migration is idempotent
2026-09-27T11:20:36.5115773Z ✅ /home/runner/work/AYG/AYG/test/supabase_migration_security_test.dart: Supabase migration security exercise calculation columns migration is nullable-safe
2026-09-27T11:20:36.5137028Z ✅ /home/runner/work/AYG/AYG/test/supabase_migration_security_test.dart: Supabase migration security exercise_entries base schema already has RLS policies
2026-09-27T11:20:36.5199913Z ✅ /home/runner/work/AYG/AYG/test/supabase_migration_security_test.dart: Supabase migration security hardening migration revokes anon on personal tables and grants minimal authenticated CRUD
2026-09-27T11:20:36.5221460Z ✅ /home/runner/work/AYG/AYG/test/supabase_migration_security_test.dart: Supabase migration security hardening migration revokes function EXECUTE from anon and grants publish_saved_food only
2026-09-27T11:20:36.5244704Z ✅ /home/runner/work/AYG/AYG/test/supabase_migration_security_test.dart: Supabase migration security hardening migration replaces is_saved_food_visible_to_viewer to avoid anon table access
2026-09-27T11:20:36.5264759Z ✅ /home/runner/work/AYG/AYG/test/supabase_migration_security_test.dart: Supabase migration security hardening migration fixes default privileges for postgres and supabase_admin
2026-09-27T11:20:36.5303682Z ✅ /home/runner/work/AYG/AYG/test/supabase_migration_security_test.dart: Supabase migration security seed.sql contains no privilege or schema DDL
2026-09-27T11:20:36.9439778Z ✅ /home/runner/work/AYG/AYG/test/data_sync_workout_exercise_fake_test.dart: Workout template sync boundary (fake remote/local) push/pull preserves template and items for same owner
2026-09-27T11:20:36.9476622Z ✅ /home/runner/work/AYG/AYG/test/data_sync_workout_exercise_fake_test.dart: Workout template sync boundary (fake remote/local) pull replaces local owner data without touching other owners
2026-09-27T11:20:36.9512027Z ✅ /home/runner/work/AYG/AYG/test/data_sync_workout_exercise_fake_test.dart: Workout template sync boundary (fake remote/local) push removes orphan items on re-sync
2026-09-27T11:20:36.9539123Z ✅ /home/runner/work/AYG/AYG/test/data_sync_workout_exercise_fake_test.dart: Workout template sync boundary (fake remote/local) re-sync does not duplicate templates
2026-09-27T11:20:36.9606656Z ✅ /home/runner/work/AYG/AYG/test/data_sync_workout_exercise_fake_test.dart: Exercise entry calculation row mapper roundtrips MET, gross, net, weight snapshot, source
2026-09-27T11:20:36.9640065Z ✅ /home/runner/work/AYG/AYG/test/data_sync_workout_exercise_fake_test.dart: Exercise entry calculation row mapper legacy row without net keeps burnedKcal fallback
2026-09-27T11:20:37.3903671Z ✅ /home/runner/work/AYG/AYG/test/exercise_weight_resolver_test.dart: ExerciseWeightResolver uses latest weight on or before exercise datetime
2026-09-27T11:20:37.3928430Z ✅ /home/runner/work/AYG/AYG/test/exercise_weight_resolver_test.dart: ExerciseWeightResolver does not use future weight entries
2026-09-27T11:20:37.3952708Z ✅ /home/runner/work/AYG/AYG/test/exercise_weight_resolver_test.dart: ExerciseWeightResolver uses profile fallback when no prior weight entry
2026-09-27T11:20:37.3975254Z ✅ /home/runner/work/AYG/AYG/test/exercise_weight_resolver_test.dart: ExerciseWeightResolver returns null when no weight source exists
2026-09-27T11:20:37.4007957Z ✅ /home/runner/work/AYG/AYG/test/exercise_weight_resolver_test.dart: ExerciseWeightResolver same-day multiple entries picks most recent before exercise time
2026-09-27T11:20:37.7240464Z ✅ /home/runner/work/AYG/AYG/test/history_edit_and_meal_registration_test.dart: history editing support groupExerciseEntriesByDate filters selected day only
2026-09-27T11:20:37.7356086Z ✅ /home/runner/work/AYG/AYG/test/history_edit_and_meal_registration_test.dart: registerFoodMealFromDrafts creates grouped food entries without mutating template storage
2026-09-27T11:20:37.7388924Z ✅ /home/runner/work/AYG/AYG/test/history_edit_and_meal_registration_test.dart: registerFoodMealFromDrafts updateFood preserves entry id when loggedAt changes
2026-09-27T11:20:37.9800318Z ✅ /home/runner/work/AYG/AYG/test/delete_own_account_service_role_migration_test.dart: only service_role can execute delete_own_account
2026-09-27T11:20:37.9830071Z ✅ /home/runner/work/AYG/AYG/test/delete_own_account_service_role_migration_test.dart: down sql restores the authenticated zero-argument function
2026-09-27T11:20:38.5331453Z ✅ /home/runner/work/AYG/AYG/test/history_grouping_test.dart: sortFoodEntriesByLoggedAt sorts by loggedAt ascending
2026-09-27T11:20:38.5380041Z ✅ /home/runner/work/AYG/AYG/test/history_grouping_test.dart: groupFoodEntriesByDate groups today entries only by default
2026-09-27T11:20:38.5410092Z ✅ /home/runner/work/AYG/AYG/test/history_grouping_test.dart: groupFoodEntriesByDate sorts items within each date group by loggedAt
2026-09-27T11:20:38.5435388Z ✅ /home/runner/work/AYG/AYG/test/history_grouping_test.dart: groupFoodEntriesByDate groups entries on local calendar day across UTC boundary
2026-09-27T11:20:38.5468935Z ✅ /home/runner/work/AYG/AYG/test/history_grouping_test.dart: groupExerciseEntriesByDate groups today exercises only by default
2026-09-27T11:20:38.9958873Z ✅ /home/runner/work/AYG/AYG/test/saved_food_repository_test.dart: SavedFoodRepository CRUD and search by normalized name
2026-09-27T11:20:39.0146216Z ✅ /home/runner/work/AYG/AYG/test/saved_food_repository_test.dart: SavedFoodRepository softDelete hides food from active queries
2026-09-27T11:20:39.0336678Z ✅ /home/runner/work/AYG/AYG/test/saved_food_repository_test.dart: SavedFoodRepository does not return other owner foods
2026-09-27T11:20:39.0499915Z ✅ /home/runner/work/AYG/AYG/test/saved_food_repository_test.dart: SavedFoodRepository clearAll removes all saved foods
2026-09-27T11:20:39.1739117Z ✅ /home/runner/work/AYG/AYG/test/saved_food_entry_builder_test.dart: SavedFoodEntryBuilder 100g -> 150g scales totals
2026-09-27T11:20:39.1789767Z ✅ /home/runner/work/AYG/AYG/test/saved_food_entry_builder_test.dart: SavedFoodEntryBuilder 1 piece -> 2 pieces scales totals
2026-09-27T11:20:39.1820532Z ✅ /home/runner/work/AYG/AYG/test/saved_food_entry_builder_test.dart: SavedFoodEntryBuilder 1 serving -> 0.5 serving scales totals
2026-09-27T11:20:39.1834594Z ✅ /home/runner/work/AYG/AYG/test/saved_food_entry_builder_test.dart: SavedFoodEntryBuilder snapshot keeps name even if master changes later
2026-09-27T11:20:40.0478752Z ✅ /home/runner/work/AYG/AYG/test/subscription_events_test.dart: event rows are only user id and event type
2026-09-27T11:20:40.0520909Z ✅ /home/runner/work/AYG/AYG/test/subscription_events_test.dart: insert failures, including a duplicate first event, are ignored
2026-09-27T11:20:40.0629122Z ✅ /home/runner/work/AYG/AYG/test/subscription_events_test.dart: hitting the free meal-template limit records the signed-in user
2026-09-27T11:20:40.0659297Z ✅ /home/runner/work/AYG/AYG/test/subscription_events_test.dart: a plus user does not record a free-limit hit
2026-09-27T11:20:40.0918449Z ✅ /home/runner/work/AYG/AYG/test/subscription_events_test.dart: the limit exception does not wait for the event write
2026-09-27T11:20:40.0997416Z ✅ /home/runner/work/AYG/AYG/test/subscription_events_test.dart: conversion is recorded once the signed-in user is known
2026-09-27T11:20:40.1024298Z ✅ /home/runner/work/AYG/AYG/test/subscription_events_test.dart: an already signed-in plus user is recorded on startup
2026-09-27T11:20:40.3792655Z ✅ /home/runner/work/AYG/AYG/test/food_form_suggestion_widget_test.dart: FoodFormSuggestionList shows distinct sections for food and template
2026-09-27T11:20:40.7720826Z ✅ /home/runner/work/AYG/AYG/test/public_food_name_moderation_test.dart: PublicFoodNameModeration halfwidth katakana maps are the same length
2026-09-27T11:20:41.0448001Z ✅ /home/runner/work/AYG/AYG/test/public_food_name_moderation_test.dart: PublicFoodNameModeration allows ordinary food names
2026-09-27T11:20:41.0519036Z ✅ /home/runner/work/AYG/AYG/test/public_food_name_moderation_test.dart: PublicFoodNameModeration rejects normalized latin, kana, and spacing
2026-09-27T11:20:41.0565451Z ✅ /home/runner/work/AYG/AYG/test/public_food_name_moderation_test.dart: PublicFoodNameModeration rejects accent, combining, lookalike, digit, and symbol bypasses
2026-09-27T11:20:41.0626859Z ✅ /home/runner/work/AYG/AYG/test/public_food_name_moderation_test.dart: PublicFoodNameModeration still rejects a whole short term and a term beside an allowed phrase
2026-09-27T11:20:41.0757352Z ✅ /home/runner/work/AYG/AYG/test/public_food_name_moderation_test.dart: PublicFoodNameModeration rejects explicit compounds and still allows ordinary foods
2026-09-27T11:20:41.0786790Z ✅ /home/runner/work/AYG/AYG/test/public_food_name_moderation_test.dart: PublicFoodNameModeration does not treat an unchanged public name as a new rejection
2026-09-27T11:20:41.0859264Z ✅ /home/runner/work/AYG/AYG/test/public_food_name_moderation_test.dart: SavedFoodPublishValidator banned names adds the Japanese message for a banned public name
2026-09-27T11:20:41.0919391Z ✅ /home/runner/work/AYG/AYG/test/public_food_name_moderation_test.dart: SavedFoodPublishValidator banned names rejects a clean name when brand, normalized name, or unit is banned
2026-09-27T11:20:41.0963674Z ✅ /home/runner/work/AYG/AYG/test/public_food_name_moderation_test.dart: banned name errors maps the database exception to the Japanese message
2026-09-27T11:20:41.1083334Z ✅ /home/runner/work/AYG/AYG/test/public_food_name_moderation_test.dart: banned word list parity SQL list matches the Dart list
2026-09-27T11:20:41.1103960Z ✅ /home/runner/work/AYG/AYG/test/synced_saved_food_repository_test.dart: SyncedSavedFoodRepository publish updates local after remote success
2026-09-27T11:20:41.1111684Z ✅ /home/runner/work/AYG/AYG/test/public_food_name_moderation_test.dart: banned word list parity SQL boundary terms and allowed phrases match Dart
2026-09-27T11:20:41.1138865Z ✅ /home/runner/work/AYG/AYG/test/public_food_name_moderation_test.dart: banned word list parity rollback file restores publish without dropping the trigger
2026-09-27T11:20:41.1155072Z ✅ /home/runner/work/AYG/AYG/test/public_food_name_moderation_test.dart: banned word list parity SQL uses the same halfwidth katakana map
2026-09-27T11:20:41.1164685Z ✅ /home/runner/work/AYG/AYG/test/synced_saved_food_repository_test.dart: SyncedSavedFoodRepository publish failure does not update local
2026-09-27T11:20:41.1185917Z ✅ /home/runner/work/AYG/AYG/test/public_food_name_moderation_test.dart: banned word list parity SQL folds NFKC and the same confusable map
2026-09-27T11:20:41.1194013Z ✅ /home/runner/work/AYG/AYG/test/synced_saved_food_repository_test.dart: SyncedSavedFoodRepository banned-name publish failure keeps local private
2026-09-27T11:20:41.1207212Z ✅ /home/runner/work/AYG/AYG/test/public_food_name_moderation_test.dart: banned word list parity functions use an empty search_path and schema-qualified names
2026-09-27T11:20:41.1211030Z ✅ /home/runner/work/AYG/AYG/test/synced_saved_food_repository_test.dart: SyncedSavedFoodRepository searchPublic requires remote
2026-09-27T11:20:41.1233509Z ✅ /home/runner/work/AYG/AYG/test/public_food_name_moderation_test.dart: banned word list parity publish and public-field updates call the check
2026-09-27T11:20:41.1282182Z ✅ /home/runner/work/AYG/AYG/test/synced_saved_food_repository_test.dart: SyncedSavedFoodRepository savePrivate writes remote before local
2026-09-27T11:20:41.1304337Z ✅ /home/runner/work/AYG/AYG/test/synced_saved_food_repository_test.dart: SyncedSavedFoodRepository savePrivate remote failure does not persist locally
2026-09-27T11:20:41.1327636Z ✅ /home/runner/work/AYG/AYG/test/synced_saved_food_repository_test.dart: SyncedSavedFoodRepository softDelete writes remote before local
2026-09-27T11:20:41.1354776Z ✅ /home/runner/work/AYG/AYG/test/synced_saved_food_repository_test.dart: SyncedSavedFoodRepository updateOwn writes remote before local
2026-09-27T11:20:41.8312456Z ✅ /home/runner/work/AYG/AYG/test/remaining_calorie_service_test.dart: RemainingCalorieService uses net exercise only in remaining formula
2026-09-27T11:20:41.8368636Z ✅ /home/runner/work/AYG/AYG/test/remaining_calorie_service_test.dart: RemainingCalorieService includes alcohol in intake sum
2026-09-27T11:20:41.8399826Z ✅ /home/runner/work/AYG/AYG/test/remaining_calorie_service_test.dart: RemainingCalorieService sums exercise net kcal for selected day only
2026-09-27T11:20:41.8422414Z ✅ /home/runner/work/AYG/AYG/test/remaining_calorie_service_test.dart: RemainingCalorieService legacy exercise without net uses burnedKcal fallback
2026-09-27T11:20:41.8450596Z ✅ /home/runner/work/AYG/AYG/test/remaining_calorie_service_test.dart: RemainingCalorieService does not double-count gross when net is present
2026-09-27T11:20:41.8479834Z ✅ /home/runner/work/AYG/AYG/test/remaining_calorie_service_test.dart: RemainingCalorieService reports overage without clamping to zero
2026-09-27T11:20:41.8512463Z ✅ /home/runner/work/AYG/AYG/test/remaining_calorie_service_test.dart: ExerciseCalorieCalculator computes gross and net from MET formula
2026-09-27T11:20:41.8534260Z ✅ /home/runner/work/AYG/AYG/test/remaining_calorie_service_test.dart: ExerciseCalorieCalculator rejects invalid weight and duration
2026-09-27T11:20:42.7395863Z ✅ /home/runner/work/AYG/AYG/test/saved_food_creator_label_test.dart: creatorLabel is anonymous until the owner is deleted
2026-09-27T11:20:43.3068685Z ✅ /home/runner/work/AYG/AYG/test/saved_food_creator_label_test.dart: search tile shows deleted-user creator
2026-09-27T11:20:43.3709955Z ✅ /home/runner/work/AYG/AYG/test/account_deletion_screen_test.dart: settings opens in-app account deletion
2026-09-27T11:20:43.5447217Z ✅ /home/runner/work/AYG/AYG/test/account_deletion_screen_test.dart: confirmed deletion calls repository then logs out
2026-09-27T11:20:43.7087268Z ✅ /home/runner/work/AYG/AYG/test/account_deletion_screen_test.dart: failed Apple revoke is shown before logout
2026-09-27T11:20:43.8412542Z ✅ /home/runner/work/AYG/AYG/test/account_deletion_screen_test.dart: missing RPC offers email fallback
2026-09-27T11:20:43.9972910Z ✅ /home/runner/work/AYG/AYG/test/account_deletion_screen_test.dart: deletion failure shows the fixed Japanese message
2026-09-27T11:20:44.0370796Z ✅ /home/runner/work/AYG/AYG/test/web_barcode_support_test.dart: normalizeJanEan13Barcode strips non-digit characters
2026-09-27T11:20:44.0392959Z ✅ /home/runner/work/AYG/AYG/test/web_barcode_support_test.dart: normalizeJanEan13Barcode accepts valid 13-digit JAN/EAN-13
2026-09-27T11:20:44.0413620Z ✅ /home/runner/work/AYG/AYG/test/web_barcode_support_test.dart: normalizeJanEan13Barcode rejects invalid lengths
2026-09-27T11:20:44.0436937Z ✅ /home/runner/work/AYG/AYG/test/web_barcode_support_test.dart: DuplicateBarcodeDetector accepts first code and rejects immediate duplicate
2026-09-27T11:20:44.0458547Z ✅ /home/runner/work/AYG/AYG/test/web_barcode_support_test.dart: DuplicateBarcodeDetector accepts code again after reset
2026-09-27T11:20:44.0505112Z ✅ /home/runner/work/AYG/AYG/test/web_barcode_support_test.dart: WebBarcodeLookup passes normalized barcode to Open Food Facts
2026-09-27T11:20:44.0533862Z ✅ /home/runner/work/AYG/AYG/test/web_barcode_support_test.dart: WebBarcodeLookup returns notFound for invalid barcode without calling API
2026-09-27T11:20:44.0555482Z ✅ /home/runner/work/AYG/AYG/test/web_barcode_support_test.dart: WebBarcodeLookup returns failure when Open Food Facts lookup fails
2026-09-27T11:20:44.0596109Z ✅ /home/runner/work/AYG/AYG/test/web_barcode_support_test.dart: isWebBarcodeScanAvailable returns false in test VM runtime
2026-09-27T11:20:44.6058446Z ✅ /home/runner/work/AYG/AYG/test/apple_refresh_token_migration_test.dart: refresh tokens are stored in vault behind service_role functions
2026-09-27T11:20:44.6100052Z ✅ /home/runner/work/AYG/AYG/test/apple_refresh_token_migration_test.dart: down sql drops only the apple token functions
2026-09-27T11:20:44.8790329Z ✅ /home/runner/work/AYG/AYG/test/google_sign_in_factory_test.dart: does not construct GoogleSignIn when the iOS client ID is empty
2026-09-27T11:20:44.8821555Z ✅ /home/runner/work/AYG/AYG/test/google_sign_in_factory_test.dart: constructs GoogleSignIn when the iOS client ID is present
2026-09-27T11:20:45.4217850Z ✅ /home/runner/work/AYG/AYG/test/isar_food_entry_compat_test.dart: FoodEntry Isar compatibility reads legacy entity with quantity only
2026-09-27T11:20:45.4396218Z ✅ /home/runner/work/AYG/AYG/test/isar_food_entry_compat_test.dart: FoodEntry Isar compatibility roundtrips new consumption fields without changing totals
2026-09-27T11:20:45.4567886Z ✅ /home/runner/work/AYG/AYG/test/isar_food_entry_compat_test.dart: FoodEntry Isar compatibility persists meal group metadata
2026-09-27T11:20:45.4593024Z ✅ /home/runner/work/AYG/AYG/test/isar_food_entry_compat_test.dart: FoodEntry Isar compatibility entity mapper keeps legacy quantity column in sync
2026-09-27T11:20:45.5169988Z ✅ /home/runner/work/AYG/AYG/test/isar_food_entry_compat_test.dart: LocalUserDataClearer clears saved foods and meal templates
2026-09-27T11:20:45.5706783Z ✅ /home/runner/work/AYG/AYG/test/authentication_repository_test.dart: MockAuthenticationRepository starts unauthenticated
2026-09-27T11:20:45.5749231Z ✅ /home/runner/work/AYG/AYG/test/authentication_repository_test.dart: MockAuthenticationRepository loginWithGoogle sets current user
2026-09-27T11:20:45.5812662Z ✅ /home/runner/work/AYG/AYG/test/authentication_repository_test.dart: MockAuthenticationRepository loginWithGoogle cancel throws GoogleSignInCancelledException
2026-09-27T11:20:45.5840620Z ✅ /home/runner/work/AYG/AYG/test/authentication_repository_test.dart: MockAuthenticationRepository loginWithGoogle failure throws GoogleSignInFailedException
2026-09-27T11:20:45.5865081Z ✅ /home/runner/work/AYG/AYG/test/authentication_repository_test.dart: MockAuthenticationRepository logout clears current user
2026-09-27T11:20:45.5891501Z ✅ /home/runner/work/AYG/AYG/test/authentication_repository_test.dart: MockAuthenticationRepository loginWithApple authenticates the user
2026-09-27T11:20:45.5915945Z ✅ /home/runner/work/AYG/AYG/test/authentication_repository_test.dart: MockAuthenticationRepository loginWithApple surfaces cancellation
2026-09-27T11:20:45.5952943Z ✅ /home/runner/work/AYG/AYG/test/authentication_repository_test.dart: MockAuthenticationRepository loginWithApple surfaces failure
2026-09-27T11:20:45.5978057Z ✅ /home/runner/work/AYG/AYG/test/authentication_repository_test.dart: MockAuthenticationRepository deleteOwnAccount records the call
2026-09-27T11:20:45.6002289Z ✅ /home/runner/work/AYG/AYG/test/authentication_repository_test.dart: MockAuthenticationRepository deleteOwnAccount can simulate missing RPC
2026-09-27T11:20:45.6036856Z ✅ /home/runner/work/AYG/AYG/test/authentication_repository_test.dart: UnconfiguredAuthenticationRepository is always unauthenticated
2026-09-27T11:20:45.6058667Z ✅ /home/runner/work/AYG/AYG/test/authentication_repository_test.dart: UnconfiguredAuthenticationRepository deleteOwnAccount is unavailable
2026-09-27T11:20:45.6079575Z ✅ /home/runner/work/AYG/AYG/test/authentication_repository_test.dart: UnconfiguredAuthenticationRepository loginWithApple fails without Supabase
2026-09-27T11:20:45.6229833Z ✅ /home/runner/work/AYG/AYG/test/authentication_repository_test.dart: AppController auth flow handleAuthenticatedSession syncs and loads state
2026-09-27T11:20:45.6291583Z ✅ /home/runner/work/AYG/AYG/test/authentication_repository_test.dart: AppController auth flow initialize restores session and pulls remote data
2026-09-27T11:20:45.6340030Z ✅ /home/runner/work/AYG/AYG/test/authentication_repository_test.dart: AppController auth flow empty initial pull does not throw
2026-09-27T11:20:45.6369743Z ✅ /home/runner/work/AYG/AYG/test/authentication_repository_test.dart: AppController auth flow logout clears authenticated and in-memory state
2026-09-27T11:20:46.0692442Z ✅ /home/runner/work/AYG/AYG/test/authentication_repository_test.dart: AppController auth flow user switch clears local Isar data before pull
2026-09-27T11:20:46.0740175Z ✅ /home/runner/work/AYG/AYG/test/authentication_repository_test.dart: AppController auth flow sync failure blocks remote push until pull succeeds
2026-09-27T11:20:46.0863042Z ✅ /home/runner/work/AYG/AYG/test/authentication_repository_test.dart: AppController auth flow onboarding completion triggers remote push
2026-09-27T11:20:46.8296155Z ✅ /home/runner/work/AYG/AYG/test/goal_pace_test.dart: GoalPace persistence Isar saves and reloads goal pace
2026-09-27T11:20:46.8473805Z ✅ /home/runner/work/AYG/AYG/test/goal_pace_test.dart: GoalPace persistence legacy goal without explicit pace defaults to standard
2026-09-27T11:20:46.8527023Z ✅ /home/runner/work/AYG/AYG/test/goal_pace_test.dart: GoalPace calculation slow pace raises lose food target versus standard
2026-09-27T11:20:46.8556157Z ✅ /home/runner/work/AYG/AYG/test/goal_pace_test.dart: GoalPace calculation maintain ignores pace adjustment
2026-09-27T11:20:46.8578405Z ✅ /home/runner/work/AYG/AYG/test/goal_pace_test.dart: GoalPace calculation health active energy is not added to food target
2026-09-27T11:20:46.8599081Z ✅ /home/runner/work/AYG/AYG/test/goal_pace_test.dart: GoalPace calculation GoalPace.fromName falls back to standard
2026-09-27T11:20:47.4070894Z ✅ /home/runner/work/AYG/AYG/test/ios_review_readiness_test.dart: privacy manifest covers the required-reason APIs and collected data
2026-09-27T11:20:47.4120720Z ✅ /home/runner/work/AYG/AYG/test/ios_review_readiness_test.dart: privacy manifest is a Runner resource and the app is iPhone-only
2026-09-27T11:20:47.4587639Z ✅ /home/runner/work/AYG/AYG/test/ios_review_readiness_test.dart: HealthKit entitlement is read access without clinical records
2026-09-27T11:20:47.6339381Z ✅ /home/runner/work/AYG/AYG/test/alcohol_form_screen_test.dart: AlcoholFormScreen shows separate amount and unit fields with live preview
2026-09-27T11:20:47.8370233Z ✅ /home/runner/work/AYG/AYG/test/alcohol_form_screen_test.dart: AlcoholFormScreen shows manual pure alcohol field for non-ml unit
2026-09-27T11:20:48.1427214Z ✅ /home/runner/work/AYG/AYG/test/alcohol_form_screen_test.dart: FoodTabScreen alcohol entry point shows food and alcohol add menu
2026-09-27T11:20:48.1780250Z ##[endgroup]
2026-09-27T11:20:48.1782994Z ##[group]⏭️ Skipped tests
2026-09-27T11:20:48.1784632Z ⏭️ /home/runner/work/AYG/AYG/test/supabase_saved_food_repository_integration_test.dart: SupabaseSavedFoodRepository (local Supabase) private save, publish RPC, fetch public (skipped)
2026-09-27T11:20:48.1785900Z Local Supabase not available at http://127.0.0.1:54321
2026-09-27T11:20:48.1808015Z ⏭️ /home/runner/work/AYG/AYG/test/supabase_saved_food_repository_integration_test.dart: SupabaseSavedFoodRepository (local Supabase) duplicate publish maps to PublishSavedFoodException (skipped)
2026-09-27T11:20:48.1809302Z Local Supabase not available at http://127.0.0.1:54321
2026-09-27T11:20:48.1832169Z ⏭️ /home/runner/work/AYG/AYG/test/supabase_saved_food_repository_integration_test.dart: SupabaseSavedFoodRepository (local Supabase) not owner publish rejected (skipped)
2026-09-27T11:20:48.1833370Z Local Supabase not available at http://127.0.0.1:54321
2026-09-27T11:20:48.1856112Z ⏭️ /home/runner/work/AYG/AYG/test/supabase_saved_food_repository_integration_test.dart: SupabaseSavedFoodRepository (local Supabase) unpublish and public edit bump version (skipped)
2026-09-27T11:20:48.1857400Z Local Supabase not available at http://127.0.0.1:54321
2026-09-27T11:20:48.2298051Z ##[endgroup]
2026-09-27T11:20:48.2298956Z ##[group]✅ Passing tests
2026-09-27T11:20:48.2299807Z ✅ /home/runner/work/AYG/AYG/test/supabase_saved_food_repository_integration_test.dart: SupabaseSavedFoodRepository (local Supabase) network failure maps to publish network error
2026-09-27T11:20:48.2325916Z ##[endgroup]
2026-09-27T11:20:48.2326868Z ##[group]⏭️ Skipped tests
2026-09-27T11:20:48.2328917Z ⏭️ /home/runner/work/AYG/AYG/test/supabase_saved_food_repository_integration_test.dart: SupabaseSavedFoodRepository (local Supabase) searchPublic returns public foods only (skipped)
2026-09-27T11:20:48.2359560Z Local Supabase not available at http://127.0.0.1:54321
2026-09-27T11:20:48.2361894Z ⏭️ /home/runner/work/AYG/AYG/test/supabase_saved_food_repository_integration_test.dart: SupabaseSavedFoodRepository (local Supabase) searchPublic finds barcode exact match (skipped)
2026-09-27T11:20:48.2363994Z Local Supabase not available at http://127.0.0.1:54321
2026-09-27T11:20:48.2381629Z ⏭️ /home/runner/work/AYG/AYG/test/supabase_saved_food_repository_integration_test.dart: SupabaseSavedFoodRepository (local Supabase) copyPublicToPrivate creates own private snapshot (skipped)
2026-09-27T11:20:48.2383009Z Local Supabase not available at http://127.0.0.1:54321
2026-09-27T11:20:48.2407857Z ⏭️ /home/runner/work/AYG/AYG/test/supabase_saved_food_repository_integration_test.dart: SupabaseSavedFoodRepository (local Supabase) upsert without public.users row fails with userProfileRequired (skipped)
2026-09-27T11:20:48.2409276Z Local Supabase not available at http://127.0.0.1:54321
2026-09-27T11:20:49.6840844Z ##[endgroup]
2026-09-27T11:20:49.6841852Z ##[group]✅ Passing tests
2026-09-27T11:20:49.6843532Z ✅ /home/runner/work/AYG/AYG/test/calonavi_plus_screen_test.dart: plus screen shows store prices, renewal, and legal links
2026-09-27T11:20:49.8254085Z ✅ /home/runner/work/AYG/AYG/test/calonavi_plus_screen_test.dart: failed prices hide purchase buttons and keep restore
2026-09-27T11:20:50.1335236Z ✅ /home/runner/work/AYG/AYG/test/calonavi_plus_screen_test.dart: terms and privacy links open the in-app legal pages
2026-09-27T11:20:50.2377512Z ✅ /home/runner/work/AYG/AYG/test/calonavi_plus_screen_test.dart: restore with nothing found shows a message
2026-09-27T11:20:50.3796122Z ✅ /home/runner/work/AYG/AYG/test/calonavi_plus_screen_test.dart: restore success and failure use fixed messages
2026-09-27T11:20:50.4730119Z ✅ /home/runner/work/AYG/AYG/test/calonavi_plus_screen_test.dart: purchase failure hides the store error
2026-09-27T11:20:50.4927706Z ##[endgroup]
2026-09-27T11:20:50.4927955Z 
2026-09-27T11:20:50.4933632Z 🎉 537 tests passed, 24 skipped.
2026-09-27T11:20:50.5602088Z Post job cleanup.
2026-09-27T11:20:50.5606437Z ##[start-action display=Cache pub dependencies;id=__bee07667-d09d-47a2-8b9a-f20303e0584d.cache-pub]
2026-09-27T11:20:50.6939163Z Post job cleanup.
2026-09-27T11:20:50.8240217Z Cache hit occurred on the primary key flutter-pub-linux-stable-3.47.5-x64-6a19cca56475dbfba1478ee68d7bd0c2ef891da1-536a8d08de7601b163cab0ce88a98e78ffa135bb892dd27fcae942303787f713, not saving cache.
2026-09-27T11:20:50.8285119Z ##[end-action id=__bee07667-d09d-47a2-8b9a-f20303e0584d.cache-pub;outcome=success;conclusion=success;duration_ms=267]
2026-09-27T11:20:50.8289624Z ##[start-action display=Cache Flutter;id=__bee07667-d09d-47a2-8b9a-f20303e0584d.cache-flutter]
2026-09-27T11:20:50.8330046Z Post job cleanup.
2026-09-27T11:20:50.9578884Z Cache hit occurred on the primary key flutter-linux-stable-3.47.5-x64-6a19cca56475dbfba1478ee68d7bd0c2ef891da1, not saving cache.
2026-09-27T11:20:50.9626733Z ##[end-action id=__bee07667-d09d-47a2-8b9a-f20303e0584d.cache-flutter;outcome=success;conclusion=success;duration_ms=133]
2026-09-27T11:20:50.9729703Z Post job cleanup.
2026-09-27T11:20:51.0609185Z [command]/usr/bin/git version
2026-09-27T11:20:51.0632082Z git version 2.55.0
2026-09-27T11:20:51.0665543Z Temporarily overriding HOME='/home/runner/work/_temp/e56a3bb1-efa3-4701-82ab-e7409e92e52b' before making global git config changes
2026-09-27T11:20:51.0666784Z Adding repository directory to the temporary git global config as a safe directory
2026-09-27T11:20:51.0671836Z [command]/usr/bin/git config --global --add safe.directory /home/runner/work/AYG/AYG
2026-09-27T11:20:51.0712028Z [command]/usr/bin/git config --local --name-only --get-regexp core\.sshCommand
2026-09-27T11:20:51.0742976Z [command]/usr/bin/git submodule foreach --recursive sh -c "git config --local --name-only --get-regexp 'core\.sshCommand' && git config --local --unset-all 'core.sshCommand' || :"
2026-09-27T11:20:51.0959173Z [command]/usr/bin/git config --local --name-only --get-regexp http\.https\:\/\/github\.com\/\.extraheader
2026-09-27T11:20:51.0984805Z http.https://github.com/.extraheader
2026-09-27T11:20:51.0995958Z [command]/usr/bin/git config --local --unset-all http.https://github.com/.extraheader
2026-09-27T11:20:51.1030985Z [command]/usr/bin/git submodule foreach --recursive sh -c "git config --local --name-only --get-regexp 'http\.https\:\/\/github\.com\/\.extraheader' && git config --local --unset-all 'http.https://github.com/.extraheader' || :"
2026-09-27T11:20:51.1246731Z [command]/usr/bin/git config --local --name-only --get-regexp ^includeIf\.gitdir:
2026-09-27T11:20:51.1278503Z [command]/usr/bin/git submodule foreach --recursive git config --local --show-origin --name-only --get-regexp remote.origin.url
2026-09-27T11:20:51.1644596Z Cleaning up orphan processes
2026-09-27T11:20:51.1889081Z ##[warning]Node.js 20 is deprecated. The following actions target Node.js 20 but are being forced to run on Node.js 24: actions/checkout@v4. For more information see: https://github.blog/changelog/2025-09-19-deprecation-of-node-20-on-github-actions-runners/
