2026-09-27T12:04:21.2216894Z Current runner version: '2.337.0'
2026-09-27T12:04:21.2252360Z ##[group]Runner Image Provisioner
2026-09-27T12:04:21.2253699Z Hosted Compute Agent
2026-09-27T12:04:21.2254749Z Version: 20260828.587
2026-09-27T12:04:21.2255829Z Commit: abac92662cab4cc7352de4f9f9d2e2419aad9c29
2026-09-27T12:04:21.2257107Z Build Date: 2026-08-28T16:44:25Z
2026-09-27T12:04:21.2258219Z Worker ID: {7e492988-58a2-4de2-ab05-273bdc99e2e2}
2026-09-27T12:04:21.2259574Z Azure Region: eastus
2026-09-27T12:04:21.2260491Z ##[endgroup]
2026-09-27T12:04:21.2263104Z ##[group]Operating System
2026-09-27T12:04:21.2264232Z Ubuntu
2026-09-27T12:04:21.2265116Z 24.04.5
2026-09-27T12:04:21.2266003Z LTS
2026-09-27T12:04:21.2266909Z ##[endgroup]
2026-09-27T12:04:21.2267851Z ##[group]Runner Image
2026-09-27T12:04:21.2269028Z Image: ubuntu-24.04
2026-09-27T12:04:21.2269953Z Version: 20260920.314.1
2026-09-27T12:04:21.2272417Z Included Software: https://github.com/actions/runner-images/blob/ubuntu24/20260920.314/images/ubuntu/Ubuntu2404-Readme.md
2026-09-27T12:04:21.2275204Z Image Release: https://github.com/actions/runner-images/releases/tag/ubuntu24%2F20260920.314
2026-09-27T12:04:21.2276950Z ##[endgroup]
2026-09-27T12:04:21.2279011Z ##[group]GITHUB_TOKEN Permissions
2026-09-27T12:04:21.2281713Z Contents: read
2026-09-27T12:04:21.2282975Z Metadata: read
2026-09-27T12:04:21.2283928Z Packages: read
2026-09-27T12:04:21.2284854Z ##[endgroup]
2026-09-27T12:04:21.2288226Z Secret source: Actions
2026-09-27T12:04:21.2289810Z Cache mode: write
2026-09-27T12:04:21.2290941Z Prepare workflow directory
2026-09-27T12:04:21.2762916Z Prepare all required actions
2026-09-27T12:04:21.2834579Z Getting action download info
2026-09-27T12:04:21.4959119Z Download action repository 'actions/checkout@v4' (SHA:11d5960a326750d5838078e36cf38b85af677262)
2026-09-27T12:04:21.6083459Z Download action repository 'subosito/flutter-action@v2' (SHA:1a449444c387b1966244ae4d4f8c696479add0b2)
2026-09-27T12:04:21.8330560Z Getting action download info
2026-09-27T12:04:21.9240487Z Download action repository 'actions/cache@v5' (SHA:caa296126883cff596d87d8935842f9db880ef25)
2026-09-27T12:04:22.0941833Z Complete job name: flutter
2026-09-27T12:04:22.1940923Z ##[group]Run actions/checkout@v4
2026-09-27T12:04:22.1942611Z with:
2026-09-27T12:04:22.1943366Z   repository: naruto-aii/AYG
2026-09-27T12:04:22.1951154Z   token: ***
2026-09-27T12:04:22.1952038Z   ssh-strict: true
2026-09-27T12:04:22.1952792Z   ssh-user: git
2026-09-27T12:04:22.1953524Z   persist-credentials: true
2026-09-27T12:04:22.1954354Z   clean: true
2026-09-27T12:04:22.1955093Z   sparse-checkout-cone-mode: true
2026-09-27T12:04:22.1955980Z   fetch-depth: 1
2026-09-27T12:04:22.1956692Z   fetch-tags: false
2026-09-27T12:04:22.1957587Z   show-progress: true
2026-09-27T12:04:22.1958699Z   lfs: false
2026-09-27T12:04:22.1959801Z   submodules: false
2026-09-27T12:04:22.1961004Z   set-safe-directory: true
2026-09-27T12:04:22.1962680Z   allow-unsafe-pr-checkout: false
2026-09-27T12:04:22.1964769Z ##[endgroup]
2026-09-27T12:04:22.3138978Z Syncing repository: naruto-aii/AYG
2026-09-27T12:04:22.3143297Z ##[group]Getting Git version info
2026-09-27T12:04:22.3145401Z Working directory is '/home/runner/work/AYG/AYG'
2026-09-27T12:04:22.3148365Z [command]/usr/bin/git version
2026-09-27T12:04:22.3202485Z git version 2.55.0
2026-09-27T12:04:22.3228765Z ##[endgroup]
2026-09-27T12:04:22.3245651Z Temporarily overriding HOME='/home/runner/work/_temp/5534459c-9396-48e4-8734-8b3e3e56ceeb' before making global git config changes
2026-09-27T12:04:22.3248646Z Adding repository directory to the temporary git global config as a safe directory
2026-09-27T12:04:22.3251500Z [command]/usr/bin/git config --global --add safe.directory /home/runner/work/AYG/AYG
2026-09-27T12:04:22.3301553Z Deleting the contents of '/home/runner/work/AYG/AYG'
2026-09-27T12:04:22.3314172Z ##[group]Initializing the repository
2026-09-27T12:04:22.3322735Z [command]/usr/bin/git init /home/runner/work/AYG/AYG
2026-09-27T12:04:22.3422130Z hint: Using 'master' as the name for the initial branch. This default branch name
2026-09-27T12:04:22.3425503Z hint: will change to "main" in Git 3.0. To configure the initial branch name
2026-09-27T12:04:22.3428085Z hint: to use in all of your new repositories, which will suppress this warning,
2026-09-27T12:04:22.3430192Z hint: call:
2026-09-27T12:04:22.3431409Z hint:
2026-09-27T12:04:22.3432716Z hint: 	git config --global init.defaultBranch <name>
2026-09-27T12:04:22.3434441Z hint:
2026-09-27T12:04:22.3436013Z hint: Names commonly chosen instead of 'master' are 'main', 'trunk' and
2026-09-27T12:04:22.3438158Z hint: 'development'. The just-created branch can be renamed via this command:
2026-09-27T12:04:22.3439491Z hint:
2026-09-27T12:04:22.3440562Z hint: 	git branch -m <name>
2026-09-27T12:04:22.3442049Z hint:
2026-09-27T12:04:22.3443798Z hint: Disable this message with "git config set advice.defaultBranchName false"
2026-09-27T12:04:22.3445726Z Initialized empty Git repository in /home/runner/work/AYG/AYG/.git/
2026-09-27T12:04:22.3539200Z [command]/usr/bin/git remote add origin https://github.com/naruto-aii/AYG
2026-09-27T12:04:22.3571817Z ##[endgroup]
2026-09-27T12:04:22.3573754Z ##[group]Disabling automatic garbage collection
2026-09-27T12:04:22.3575270Z [command]/usr/bin/git config --local gc.auto 0
2026-09-27T12:04:22.3579331Z ##[endgroup]
2026-09-27T12:04:22.3581142Z ##[group]Setting up auth
2026-09-27T12:04:22.3583129Z [command]/usr/bin/git config --local --name-only --get-regexp core\.sshCommand
2026-09-27T12:04:22.3607363Z [command]/usr/bin/git submodule foreach --recursive sh -c "git config --local --name-only --get-regexp 'core\.sshCommand' && git config --local --unset-all 'core.sshCommand' || :"
2026-09-27T12:04:22.3998536Z [command]/usr/bin/git config --local --name-only --get-regexp http\.https\:\/\/github\.com\/\.extraheader
2026-09-27T12:04:22.4043304Z [command]/usr/bin/git submodule foreach --recursive sh -c "git config --local --name-only --get-regexp 'http\.https\:\/\/github\.com\/\.extraheader' && git config --local --unset-all 'http.https://github.com/.extraheader' || :"
2026-09-27T12:04:22.4278117Z [command]/usr/bin/git config --local --name-only --get-regexp ^includeIf\.gitdir:
2026-09-27T12:04:22.4315260Z [command]/usr/bin/git submodule foreach --recursive git config --local --show-origin --name-only --get-regexp remote.origin.url
2026-09-27T12:04:22.4540884Z [command]/usr/bin/git config --local http.https://github.com/.extraheader AUTHORIZATION: basic ***
2026-09-27T12:04:22.4593706Z ##[endgroup]
2026-09-27T12:04:22.4595956Z ##[group]Fetching the repository
2026-09-27T12:04:22.4606271Z [command]/usr/bin/git -c protocol.version=2 fetch --no-tags --prune --no-recurse-submodules --depth=1 origin +386b9dc230bf50eeb71ecb484f505a60f49a438d:refs/remotes/pull/29/merge
2026-09-27T12:04:22.9974944Z From https://github.com/naruto-aii/AYG
2026-09-27T12:04:22.9977818Z  * [new ref]         386b9dc230bf50eeb71ecb484f505a60f49a438d -> pull/29/merge
2026-09-27T12:04:22.9991124Z ##[endgroup]
2026-09-27T12:04:22.9992750Z ##[group]Determining the checkout info
2026-09-27T12:04:22.9994401Z ##[endgroup]
2026-09-27T12:04:22.9999831Z [command]/usr/bin/git sparse-checkout disable
2026-09-27T12:04:23.0053743Z [command]/usr/bin/git config --local --unset-all extensions.worktreeConfig
2026-09-27T12:04:23.0086848Z ##[group]Checking out the ref
2026-09-27T12:04:23.0090672Z [command]/usr/bin/git checkout --progress --force refs/remotes/pull/29/merge
2026-09-27T12:04:23.1363328Z Note: switching to 'refs/remotes/pull/29/merge'.
2026-09-27T12:04:23.1363981Z 
2026-09-27T12:04:23.1364445Z You are in 'detached HEAD' state. You can look around, make experimental
2026-09-27T12:04:23.1365379Z changes and commit them, and you can discard any commits you make in this
2026-09-27T12:04:23.1366302Z state without impacting any branches by switching back to a branch.
2026-09-27T12:04:23.1366819Z 
2026-09-27T12:04:23.1367242Z If you want to create a new branch to retain commits you create, you may
2026-09-27T12:04:23.1368141Z do so (now or later) by using -c with the switch command. Example:
2026-09-27T12:04:23.1369095Z 
2026-09-27T12:04:23.1369402Z   git switch -c <new-branch-name>
2026-09-27T12:04:23.1369794Z 
2026-09-27T12:04:23.1370161Z Or undo this operation with:
2026-09-27T12:04:23.1370633Z 
2026-09-27T12:04:23.1370968Z   git switch -
2026-09-27T12:04:23.1371383Z 
2026-09-27T12:04:23.1372199Z Turn off this advice by setting config variable advice.detachedHead to false
2026-09-27T12:04:23.1373088Z 
2026-09-27T12:04:23.1373776Z HEAD is now at 386b9dc Merge 199f23c05e380b3a9e71ee7770d4d6013caa566c into 848c4921d45d6ae5c1bfd519b7d231550729a7d6
2026-09-27T12:04:23.1376420Z ##[endgroup]
2026-09-27T12:04:23.1423268Z [command]/usr/bin/git log -1 --format=%H
2026-09-27T12:04:23.1451847Z 386b9dc230bf50eeb71ecb484f505a60f49a438d
2026-09-27T12:04:23.1952219Z ##[group]Run subosito/flutter-action@v2
2026-09-27T12:04:23.1953035Z with:
2026-09-27T12:04:23.1953670Z   channel: stable
2026-09-27T12:04:23.1954336Z   cache: true
2026-09-27T12:04:23.1954997Z   architecture: X64
2026-09-27T12:04:23.1955685Z   pub-cache-path: default
2026-09-27T12:04:23.1956401Z   dry-run: false
2026-09-27T12:04:23.1957168Z   git-source: https://github.com/flutter/flutter.git
2026-09-27T12:04:23.1958011Z ##[endgroup]
2026-09-27T12:04:23.2021044Z ##[start-action display=Make yq tool available on Windows runners;id=__subosito_flutter-action.__run]
2026-09-27T12:04:23.2049701Z ##[end-action id=__subosito_flutter-action.__run;outcome=skipped;conclusion=skipped;duration_ms=0]
2026-09-27T12:04:23.2054002Z ##[start-action display=Make setup script executable;id=__subosito_flutter-action.__run_2]
2026-09-27T12:04:23.2106337Z ##[group]Run chmod +x "$GITHUB_ACTION_PATH/setup.sh"
2026-09-27T12:04:23.2107176Z [36;1mchmod +x "$GITHUB_ACTION_PATH/setup.sh"[0m
2026-09-27T12:04:23.2378406Z shell: /usr/bin/bash --noprofile --norc -e -o pipefail {0}
2026-09-27T12:04:23.2379206Z ##[endgroup]
2026-09-27T12:04:23.2520940Z ##[end-action id=__subosito_flutter-action.__run_2;outcome=success;conclusion=success;duration_ms=46]
2026-09-27T12:04:23.2525459Z ##[start-action display=Set action inputs;id=__subosito_flutter-action.flutter-action]
2026-09-27T12:04:23.2580779Z ##[group]Run $GITHUB_ACTION_PATH/setup.sh -p \
2026-09-27T12:04:23.2581557Z [36;1m$GITHUB_ACTION_PATH/setup.sh -p \[0m
2026-09-27T12:04:23.2582536Z [36;1m  -n '' \[0m
2026-09-27T12:04:23.2583084Z [36;1m  -f '' \[0m
2026-09-27T12:04:23.2583628Z [36;1m  -a 'X64' \[0m
2026-09-27T12:04:23.2584166Z [36;1m  -k '' \[0m
2026-09-27T12:04:23.2584699Z [36;1m  -c '' \[0m
2026-09-27T12:04:23.2585227Z [36;1m  -l '' \[0m
2026-09-27T12:04:23.2585765Z [36;1m  -d 'default' \[0m
2026-09-27T12:04:23.2586454Z [36;1m  -g 'https://github.com/flutter/flutter.git' \[0m
2026-09-27T12:04:23.2587149Z [36;1m  stable[0m
2026-09-27T12:04:23.2653305Z shell: /usr/bin/bash --noprofile --norc -e -o pipefail {0}
2026-09-27T12:04:23.2654031Z ##[endgroup]
2026-09-27T12:04:23.4309426Z ##[end-action id=__subosito_flutter-action.flutter-action;outcome=success;conclusion=success;duration_ms=178]
2026-09-27T12:04:23.4316435Z ##[start-action display=Cache Flutter;id=__subosito_flutter-action.cache-flutter]
2026-09-27T12:04:23.4402407Z ##[group]Run actions/cache@v5
2026-09-27T12:04:23.4403006Z with:
2026-09-27T12:04:23.4403601Z   path: /opt/hostedtoolcache/flutter/stable-3.47.5-x64
2026-09-27T12:04:23.4404505Z   key: flutter-linux-stable-3.47.5-x64-6a19cca56475dbfba1478ee68d7bd0c2ef891da1
2026-09-27T12:04:23.4405335Z   enableCrossOsArchive: false
2026-09-27T12:04:23.4405944Z   fail-on-cache-miss: false
2026-09-27T12:04:23.4406506Z   lookup-only: false
2026-09-27T12:04:23.4407041Z   save-always: false
2026-09-27T12:04:23.4407567Z ##[endgroup]
2026-09-27T12:04:23.6289233Z Cache hit for: flutter-linux-stable-3.47.5-x64-6a19cca56475dbfba1478ee68d7bd0c2ef891da1
2026-09-27T12:04:24.7053435Z Received 239075328 of 1720588870 (13.9%), 228.0 MBs/sec
2026-09-27T12:04:25.7050213Z Received 520093696 of 1720588870 (30.2%), 248.0 MBs/sec
2026-09-27T12:04:26.7093613Z Received 796917760 of 1720588870 (46.3%), 253.2 MBs/sec
2026-09-27T12:04:27.7073660Z Received 1065353216 of 1720588870 (61.9%), 253.8 MBs/sec
2026-09-27T12:04:28.7079373Z Received 1333788672 of 1720588870 (77.5%), 254.2 MBs/sec
2026-09-27T12:04:29.7086803Z Received 1568669696 of 1720588870 (91.2%), 249.2 MBs/sec
2026-09-27T12:04:30.3699259Z Received 1720588870 of 1720588870 (100.0%), 246.2 MBs/sec
2026-09-27T12:04:30.3701368Z Cache Size: ~1641 MB (1720588870 B)
2026-09-27T12:04:30.3743431Z [command]/usr/bin/tar -xf /home/runner/work/_temp/db678777-b703-45ae-a3e1-094bf987129a/cache.tzst -P -C /home/runner/work/AYG/AYG --use-compress-program unzstd
2026-09-27T12:04:35.1939723Z Cache restored successfully
2026-09-27T12:04:35.2753323Z Cache restored from key: flutter-linux-stable-3.47.5-x64-6a19cca56475dbfba1478ee68d7bd0c2ef891da1
2026-09-27T12:04:35.2893728Z ##[end-action id=__subosito_flutter-action.cache-flutter;outcome=success;conclusion=success;duration_ms=11857]
2026-09-27T12:04:35.2896996Z ##[start-action display=Cache pub dependencies;id=__subosito_flutter-action.cache-pub]
2026-09-27T12:04:35.4460552Z ##[group]Run actions/cache@v5
2026-09-27T12:04:35.4460846Z with:
2026-09-27T12:04:35.4461084Z   path: /home/runner/.pub-cache
2026-09-27T12:04:35.4462518Z   key: flutter-pub-linux-stable-3.47.5-x64-6a19cca56475dbfba1478ee68d7bd0c2ef891da1-536a8d08de7601b163cab0ce88a98e78ffa135bb892dd27fcae942303787f713
2026-09-27T12:04:35.4463539Z   enableCrossOsArchive: false
2026-09-27T12:04:35.4463888Z   fail-on-cache-miss: false
2026-09-27T12:04:35.4464293Z   lookup-only: false
2026-09-27T12:04:35.4484938Z   save-always: false
2026-09-27T12:04:35.4485223Z ##[endgroup]
2026-09-27T12:04:35.6518091Z Cache hit for: flutter-pub-linux-stable-3.47.5-x64-6a19cca56475dbfba1478ee68d7bd0c2ef891da1-536a8d08de7601b163cab0ce88a98e78ffa135bb892dd27fcae942303787f713
2026-09-27T12:04:36.2189973Z Received 115640685 of 115640685 (100.0%), 217.5 MBs/sec
2026-09-27T12:04:36.2190829Z Cache Size: ~110 MB (115640685 B)
2026-09-27T12:04:36.2218328Z [command]/usr/bin/tar -xf /home/runner/work/_temp/f096d93c-e0b8-42e6-be35-9cc581520e8a/cache.tzst -P -C /home/runner/work/AYG/AYG --use-compress-program unzstd
2026-09-27T12:04:37.4991531Z Cache restored successfully
2026-09-27T12:04:37.5118711Z Cache restored from key: flutter-pub-linux-stable-3.47.5-x64-6a19cca56475dbfba1478ee68d7bd0c2ef891da1-536a8d08de7601b163cab0ce88a98e78ffa135bb892dd27fcae942303787f713
2026-09-27T12:04:37.5223148Z ##[end-action id=__subosito_flutter-action.cache-pub;outcome=success;conclusion=success;duration_ms=2232]
2026-09-27T12:04:37.5226034Z ##[start-action display=Run setup script;id=__subosito_flutter-action.__run_3]
2026-09-27T12:04:37.5265747Z ##[group]Run $GITHUB_ACTION_PATH/setup.sh \
2026-09-27T12:04:37.5266115Z [36;1m$GITHUB_ACTION_PATH/setup.sh \[0m
2026-09-27T12:04:37.5266429Z [36;1m  -n '3.47.5' \[0m
2026-09-27T12:04:37.5266683Z [36;1m  -a 'x64' \[0m
2026-09-27T12:04:37.5267008Z [36;1m  -c '/opt/hostedtoolcache/flutter/stable-3.47.5-x64' \[0m
2026-09-27T12:04:37.5267389Z [36;1m  -d '/home/runner/.pub-cache' \[0m
2026-09-27T12:04:37.5267679Z [36;1m  stable[0m
2026-09-27T12:04:37.5329625Z shell: /usr/bin/bash --noprofile --norc -e -o pipefail {0}
2026-09-27T12:04:37.5329998Z ##[endgroup]
2026-09-27T12:04:37.6793802Z ##[end-action id=__subosito_flutter-action.__run_3;outcome=success;conclusion=success;duration_ms=156]
2026-09-27T12:04:37.6854049Z ##[group]Run flutter pub get
2026-09-27T12:04:37.6854387Z [36;1mflutter pub get[0m
2026-09-27T12:04:37.6919030Z shell: /usr/bin/bash -e {0}
2026-09-27T12:04:37.6919311Z env:
2026-09-27T12:04:37.6919641Z   FLUTTER_ROOT: /opt/hostedtoolcache/flutter/stable-3.47.5-x64/flutter
2026-09-27T12:04:37.6920050Z   PUB_CACHE: /home/runner/.pub-cache
2026-09-27T12:04:37.6920343Z ##[endgroup]
2026-09-27T12:04:37.9480944Z Resolving dependencies...
2026-09-27T12:04:38.1210116Z Downloading packages...
2026-09-27T12:04:38.2233548Z   _fe_analyzer_shared 61.0.0 (108.0.0 available)
2026-09-27T12:04:38.2234153Z   analyzer 5.13.0 (14.4.0 available)
2026-09-27T12:04:38.2234660Z   build 2.4.1 (4.0.11 available)
2026-09-27T12:04:38.2235512Z   build_config 1.1.2 (1.3.3 available)
2026-09-27T12:04:38.2235975Z   build_daemon 4.1.2 (4.1.6 available)
2026-09-27T12:04:38.2236478Z   build_resolvers 2.4.2 (3.0.4 available)
2026-09-27T12:04:38.2236808Z   build_runner 2.4.13 (2.16.1 available)
2026-09-27T12:04:38.2237202Z   build_runner_core 7.3.2 (9.3.2 available)
2026-09-27T12:04:38.2237526Z   built_value 8.12.6 (8.13.0 available)
2026-09-27T12:04:38.2237848Z   carp_serializable 2.0.1 (3.0.0 available)
2026-09-27T12:04:38.2238163Z   clock 1.1.2 (1.1.3 available)
2026-09-27T12:04:38.2238444Z   code_assets 1.2.1 (2.1.0 available)
2026-09-27T12:04:38.2238751Z   code_builder 4.11.1 (4.12.0 available)
2026-09-27T12:04:38.2239070Z   dart_style 2.3.2 (3.1.13 available)
2026-09-27T12:04:38.2239381Z   device_info_plus 12.4.0 (13.2.0 available)
2026-09-27T12:04:38.2239822Z   device_info_plus_platform_interface 7.0.3 (8.1.0 available)
2026-09-27T12:04:38.2240219Z   functions_client 2.6.4 (2.7.1 available)
2026-09-27T12:04:38.2240537Z   glob 2.1.3 (2.2.0 available)
2026-09-27T12:04:38.2240823Z   google_sign_in 6.3.0 (7.2.0 available)
2026-09-27T12:04:38.2241159Z   google_sign_in_android 6.2.1 (7.2.17 available)
2026-09-27T12:04:38.2241517Z   google_sign_in_ios 5.9.0 (6.3.5 available)
2026-09-27T12:04:38.2242507Z   google_sign_in_platform_interface 2.5.0 (3.1.0 available)
2026-09-27T12:04:38.2242921Z   google_sign_in_web 0.12.4+4 (1.1.3 available)
2026-09-27T12:04:38.2243247Z   gotrue 2.26.0 (2.27.2 available)
2026-09-27T12:04:38.2243531Z   health 13.3.1 (13.3.2 available)
2026-09-27T12:04:38.2243820Z   hooks 2.0.2 (2.2.0 available)
2026-09-27T12:04:38.2244091Z   io 1.0.5 (1.1.0 available)
2026-09-27T12:04:38.2244349Z   jni 1.0.0 (1.0.3 available)
2026-09-27T12:04:38.2244598Z   jni_flutter 1.0.1 (1.0.3 available)
2026-09-27T12:04:38.2244854Z   js 0.6.7 (0.7.2 available)
2026-09-27T12:04:38.2245133Z   material_color_utilities 0.13.0 (0.13.1 available)
2026-09-27T12:04:38.2245437Z   mime 2.0.0 (2.1.0 available)
2026-09-27T12:04:38.2245687Z   mobile_scanner 7.4.0 (7.4.2 available)
2026-09-27T12:04:38.2245983Z   objective_c 9.4.1 (9.6.0 available)
2026-09-27T12:04:38.2246255Z   package_config 2.2.0 (3.0.0 available)
2026-09-27T12:04:38.2246579Z   passkeys_platform_interface 2.9.0 (2.10.0 available)
2026-09-27T12:04:38.2246909Z   petitparser 7.0.2 (7.1.0 available)
2026-09-27T12:04:38.2247180Z   platform 3.1.6 (3.2.0 available)
2026-09-27T12:04:38.2247449Z   pool 1.5.2 (1.5.3 available)
2026-09-27T12:04:38.2247703Z   postgrest 2.8.0 (2.9.1 available)
2026-09-27T12:04:38.2247966Z   process 5.0.5 (5.0.6 available)
2026-09-27T12:04:38.2248236Z   pub_semver 2.2.0 (2.2.1 available)
2026-09-27T12:04:38.2248505Z   pubspec_parse 1.5.0 (1.6.0 available)
2026-09-27T12:04:38.2248793Z   realtime_client 2.11.0 (2.13.0 available)
2026-09-27T12:04:38.2249077Z   record_use 0.6.0 (1.1.1 available)
2026-09-27T12:04:38.2249378Z   shared_preferences_android 2.4.27 (2.4.28 available)
2026-09-27T12:04:38.2249739Z   shared_preferences_foundation 2.5.6 (2.5.7 available)
2026-09-27T12:04:38.2250064Z   shelf_web_socket 2.0.1 (3.0.0 available)
2026-09-27T12:04:38.2250339Z   source_gen 1.5.0 (4.3.0 available)
2026-09-27T12:04:38.2250603Z   stack_trace 1.12.1 (1.12.2 available)
2026-09-27T12:04:38.2250878Z   storage_client 2.6.0 (2.8.0 available)
2026-09-27T12:04:38.2251402Z   stream_transform 2.1.1 (2.1.2 available)
2026-09-27T12:04:38.2251697Z   supabase 2.14.0 (2.16.1 available)
2026-09-27T12:04:38.2252222Z   supabase_flutter 2.16.0 (2.17.2 available)
2026-09-27T12:04:38.2252521Z   test_api 0.7.12 (0.7.14 available)
2026-09-27T12:04:38.2252803Z   url_launcher_android 6.3.32 (6.3.33 available)
2026-09-27T12:04:38.2253112Z   url_launcher_ios 6.4.1 (6.4.2 available)
2026-09-27T12:04:38.2253399Z   url_launcher_linux 3.2.2 (3.2.3 available)
2026-09-27T12:04:38.2253719Z   url_launcher_macos 3.2.5 (3.2.6 available)
2026-09-27T12:04:38.2254018Z   url_launcher_windows 3.1.5 (3.1.6 available)
2026-09-27T12:04:38.2254314Z   vector_graphics 1.2.2 (1.2.3 available)
2026-09-27T12:04:38.2254619Z   vector_graphics_compiler 1.2.6 (1.3.0 available)
2026-09-27T12:04:38.2255082Z   vm_service 15.2.0 (15.3.0 available)
2026-09-27T12:04:38.2255351Z   webdriver 3.1.0 (3.2.0 available)
2026-09-27T12:04:38.2255617Z   win32 5.15.0 (6.4.0 available)
2026-09-27T12:04:38.2255941Z   win32_registry 2.1.0 (3.0.3 available)
2026-09-27T12:04:38.2256256Z   yaml 3.1.3 (3.1.4 available)
2026-09-27T12:04:38.2256534Z Got dependencies!
2026-09-27T12:04:38.2256890Z 67 packages have newer versions incompatible with dependency constraints.
2026-09-27T12:04:38.2257332Z Try `flutter pub outdated` for more information.
2026-09-27T12:04:38.4172069Z Upgrading analysis_options.yaml to exclude build and platform directories.
2026-09-27T12:04:38.6910630Z ##[group]Run flutter analyze lib test --no-fatal-infos --no-fatal-warnings
2026-09-27T12:04:38.6911204Z [36;1mflutter analyze lib test --no-fatal-infos --no-fatal-warnings[0m
2026-09-27T12:04:38.6973675Z shell: /usr/bin/bash -e {0}
2026-09-27T12:04:38.6973939Z env:
2026-09-27T12:04:38.6974268Z   FLUTTER_ROOT: /opt/hostedtoolcache/flutter/stable-3.47.5-x64/flutter
2026-09-27T12:04:38.6974686Z   PUB_CACHE: /home/runner/.pub-cache
2026-09-27T12:04:38.6974959Z ##[endgroup]
2026-09-27T12:04:38.8613149Z Resolving dependencies...
2026-09-27T12:04:39.0373177Z Downloading packages...
2026-09-27T12:04:39.0837048Z   _fe_analyzer_shared 61.0.0 (108.0.0 available)
2026-09-27T12:04:39.0837796Z   analyzer 5.13.0 (14.4.0 available)
2026-09-27T12:04:39.0851437Z   build 2.4.1 (4.0.11 available)
2026-09-27T12:04:39.0852139Z   build_config 1.1.2 (1.3.3 available)
2026-09-27T12:04:39.0852672Z   build_daemon 4.1.2 (4.1.6 available)
2026-09-27T12:04:39.0853276Z   build_resolvers 2.4.2 (3.0.4 available)
2026-09-27T12:04:39.0853808Z   build_runner 2.4.13 (2.16.1 available)
2026-09-27T12:04:39.0854345Z   build_runner_core 7.3.2 (9.3.2 available)
2026-09-27T12:04:39.0854880Z   built_value 8.12.6 (8.13.0 available)
2026-09-27T12:04:39.0855414Z   carp_serializable 2.0.1 (3.0.0 available)
2026-09-27T12:04:39.0855861Z   clock 1.1.2 (1.1.3 available)
2026-09-27T12:04:39.0856188Z   code_assets 1.2.1 (2.1.0 available)
2026-09-27T12:04:39.0856517Z   code_builder 4.11.1 (4.12.0 available)
2026-09-27T12:04:39.0856853Z   dart_style 2.3.2 (3.1.13 available)
2026-09-27T12:04:39.0857191Z   device_info_plus 12.4.0 (13.2.0 available)
2026-09-27T12:04:39.0857626Z   device_info_plus_platform_interface 7.0.3 (8.1.0 available)
2026-09-27T12:04:39.0858057Z   functions_client 2.6.4 (2.7.1 available)
2026-09-27T12:04:39.0858391Z   glob 2.1.3 (2.2.0 available)
2026-09-27T12:04:39.0858701Z   google_sign_in 6.3.0 (7.2.0 available)
2026-09-27T12:04:39.0859065Z   google_sign_in_android 6.2.1 (7.2.17 available)
2026-09-27T12:04:39.0859451Z   google_sign_in_ios 5.9.0 (6.3.5 available)
2026-09-27T12:04:39.0859863Z   google_sign_in_platform_interface 2.5.0 (3.1.0 available)
2026-09-27T12:04:39.0860254Z   google_sign_in_web 0.12.4+4 (1.1.3 available)
2026-09-27T12:04:39.0860586Z   gotrue 2.26.0 (2.27.2 available)
2026-09-27T12:04:39.0860873Z   health 13.3.1 (13.3.2 available)
2026-09-27T12:04:39.0861161Z   hooks 2.0.2 (2.2.0 available)
2026-09-27T12:04:39.0861438Z   io 1.0.5 (1.1.0 available)
2026-09-27T12:04:39.0861728Z   jni 1.0.0 (1.0.3 available)
2026-09-27T12:04:39.0862387Z   jni_flutter 1.0.1 (1.0.3 available)
2026-09-27T12:04:39.0862737Z   js 0.6.7 (0.7.2 available)
2026-09-27T12:04:39.0863045Z   material_color_utilities 0.13.0 (0.13.1 available)
2026-09-27T12:04:39.0863392Z   mime 2.0.0 (2.1.0 available)
2026-09-27T12:04:39.0863671Z   mobile_scanner 7.4.0 (7.4.2 available)
2026-09-27T12:04:39.0863984Z   objective_c 9.4.1 (9.6.0 available)
2026-09-27T12:04:39.0864287Z   package_config 2.2.0 (3.0.0 available)
2026-09-27T12:04:39.0864646Z   passkeys_platform_interface 2.9.0 (2.10.0 available)
2026-09-27T12:04:39.0865019Z   petitparser 7.0.2 (7.1.0 available)
2026-09-27T12:04:39.0865322Z   platform 3.1.6 (3.2.0 available)
2026-09-27T12:04:39.0865608Z   pool 1.5.2 (1.5.3 available)
2026-09-27T12:04:39.0865888Z   postgrest 2.8.0 (2.9.1 available)
2026-09-27T12:04:39.0866420Z   process 5.0.5 (5.0.6 available)
2026-09-27T12:04:39.0866715Z   pub_semver 2.2.0 (2.2.1 available)
2026-09-27T12:04:39.0867015Z   pubspec_parse 1.5.0 (1.6.0 available)
2026-09-27T12:04:39.0867333Z   realtime_client 2.11.0 (2.13.0 available)
2026-09-27T12:04:39.0867659Z   record_use 0.6.0 (1.1.1 available)
2026-09-27T12:04:39.0867998Z   shared_preferences_android 2.4.27 (2.4.28 available)
2026-09-27T12:04:39.0868400Z   shared_preferences_foundation 2.5.6 (2.5.7 available)
2026-09-27T12:04:39.0868771Z   shelf_web_socket 2.0.1 (3.0.0 available)
2026-09-27T12:04:39.0869082Z   source_gen 1.5.0 (4.3.0 available)
2026-09-27T12:04:39.0869379Z   stack_trace 1.12.1 (1.12.2 available)
2026-09-27T12:04:39.0869895Z   storage_client 2.6.0 (2.8.0 available)
2026-09-27T12:04:39.0870197Z   stream_transform 2.1.1 (2.1.2 available)
2026-09-27T12:04:39.0870480Z   supabase 2.14.0 (2.16.1 available)
2026-09-27T12:04:39.0870774Z   supabase_flutter 2.16.0 (2.17.2 available)
2026-09-27T12:04:39.0871064Z   test_api 0.7.12 (0.7.14 available)
2026-09-27T12:04:39.0871348Z   url_launcher_android 6.3.32 (6.3.33 available)
2026-09-27T12:04:39.0871660Z   url_launcher_ios 6.4.1 (6.4.2 available)
2026-09-27T12:04:39.0872118Z   url_launcher_linux 3.2.2 (3.2.3 available)
2026-09-27T12:04:39.0872433Z   url_launcher_macos 3.2.5 (3.2.6 available)
2026-09-27T12:04:39.0872741Z   url_launcher_windows 3.1.5 (3.1.6 available)
2026-09-27T12:04:39.0873048Z   vector_graphics 1.2.2 (1.2.3 available)
2026-09-27T12:04:39.0873360Z   vector_graphics_compiler 1.2.6 (1.3.0 available)
2026-09-27T12:04:39.0873674Z   vm_service 15.2.0 (15.3.0 available)
2026-09-27T12:04:39.0873947Z   webdriver 3.1.0 (3.2.0 available)
2026-09-27T12:04:39.0874215Z   win32 5.15.0 (6.4.0 available)
2026-09-27T12:04:39.0874487Z   win32_registry 2.1.0 (3.0.3 available)
2026-09-27T12:04:39.0874757Z   yaml 3.1.3 (3.1.4 available)
2026-09-27T12:04:39.0875002Z Got dependencies!
2026-09-27T12:04:39.0875341Z 67 packages have newer versions incompatible with dependency constraints.
2026-09-27T12:04:39.0875786Z Try `flutter pub outdated` for more information.
2026-09-27T12:04:58.6865844Z Analyzing 2 items...                                            
2026-09-27T12:04:58.6873491Z 
2026-09-27T12:04:58.6904447Z    info • 'anonKey' is deprecated and shouldn't be used. Use publishableKey instead. anonKey will be removed in a future major version. Try replacing the use of the deprecated member with the replacement • lib/bootstrap/native_bootstrap.dart:45:7 • deprecated_member_use
2026-09-27T12:04:58.6909550Z    info • 'anonKey' is deprecated and shouldn't be used. Use publishableKey instead. anonKey will be removed in a future major version. Try replacing the use of the deprecated member with the replacement • lib/bootstrap/web_bootstrap.dart:78:11 • deprecated_member_use
2026-09-27T12:04:58.6912427Z warning • Unused import: '../models/food_entry_source.dart'. Try removing the import directive • lib/database/entity_mapper.dart:9:8 • unused_import
2026-09-27T12:04:58.6928989Z warning • Unused import: '../models/food_source_type.dart'. Try removing the import directive • lib/database/entity_mapper.dart:10:8 • unused_import
2026-09-27T12:04:58.6942473Z warning • Unused import: '../models/food_status.dart'. Try removing the import directive • lib/database/entity_mapper.dart:11:8 • unused_import
2026-09-27T12:04:58.6944801Z warning • Unused import: '../models/food_unit_type.dart'. Try removing the import directive • lib/database/entity_mapper.dart:12:8 • unused_import
2026-09-27T12:04:58.6947282Z warning • Unused import: '../models/food_visibility.dart'. Try removing the import directive • lib/database/entity_mapper.dart:13:8 • unused_import
2026-09-27T12:04:58.6949642Z warning • Unused import: '../models/moderation_status.dart'. Try removing the import directive • lib/database/entity_mapper.dart:19:8 • unused_import
2026-09-27T12:04:58.6952180Z warning • 'getByIndex' is experimental and could be removed or changed at any time • lib/database/schemas.g.dart:2237:12 • experimental_member_use
2026-09-27T12:04:58.6954916Z warning • 'getByIndexSync' is experimental and could be removed or changed at any time • lib/database/schemas.g.dart:2241:12 • experimental_member_use
2026-09-27T12:04:58.6957149Z warning • 'deleteByIndex' is experimental and could be removed or changed at any time • lib/database/schemas.g.dart:2245:12 • experimental_member_use
2026-09-27T12:04:58.6959390Z warning • 'deleteByIndexSync' is experimental and could be removed or changed at any time • lib/database/schemas.g.dart:2249:12 • experimental_member_use
2026-09-27T12:04:58.6962247Z warning • 'getAllByIndex' is experimental and could be removed or changed at any time • lib/database/schemas.g.dart:2254:12 • experimental_member_use
2026-09-27T12:04:58.6964623Z warning • 'getAllByIndexSync' is experimental and could be removed or changed at any time • lib/database/schemas.g.dart:2259:12 • experimental_member_use
2026-09-27T12:04:58.6966930Z warning • 'deleteAllByIndex' is experimental and could be removed or changed at any time • lib/database/schemas.g.dart:2264:12 • experimental_member_use
2026-09-27T12:04:58.6969332Z warning • 'deleteAllByIndexSync' is experimental and could be removed or changed at any time • lib/database/schemas.g.dart:2269:12 • experimental_member_use
2026-09-27T12:04:58.6971645Z warning • 'putByIndex' is experimental and could be removed or changed at any time • lib/database/schemas.g.dart:2273:12 • experimental_member_use
2026-09-27T12:04:58.6974172Z warning • 'putByIndexSync' is experimental and could be removed or changed at any time • lib/database/schemas.g.dart:2277:12 • experimental_member_use
2026-09-27T12:04:58.6976449Z warning • 'putAllByIndex' is experimental and could be removed or changed at any time • lib/database/schemas.g.dart:2281:12 • experimental_member_use
2026-09-27T12:04:58.6978649Z warning • 'putAllByIndexSync' is experimental and could be removed or changed at any time • lib/database/schemas.g.dart:2288:12 • experimental_member_use
2026-09-27T12:04:58.6980836Z warning • 'getByIndex' is experimental and could be removed or changed at any time • lib/database/schemas.g.dart:5533:12 • experimental_member_use
2026-09-27T12:04:58.6983380Z warning • 'getByIndexSync' is experimental and could be removed or changed at any time • lib/database/schemas.g.dart:5537:12 • experimental_member_use
2026-09-27T12:04:58.6985562Z warning • 'deleteByIndex' is experimental and could be removed or changed at any time • lib/database/schemas.g.dart:5541:12 • experimental_member_use
2026-09-27T12:04:58.6987733Z warning • 'deleteByIndexSync' is experimental and could be removed or changed at any time • lib/database/schemas.g.dart:5545:12 • experimental_member_use
2026-09-27T12:04:58.6990087Z warning • 'getAllByIndex' is experimental and could be removed or changed at any time • lib/database/schemas.g.dart:5550:12 • experimental_member_use
2026-09-27T12:04:58.6994074Z warning • 'getAllByIndexSync' is experimental and could be removed or changed at any time • lib/database/schemas.g.dart:5555:12 • experimental_member_use
2026-09-27T12:04:58.6996087Z warning • 'deleteAllByIndex' is experimental and could be removed or changed at any time • lib/database/schemas.g.dart:5560:12 • experimental_member_use
2026-09-27T12:04:58.6998045Z warning • 'deleteAllByIndexSync' is experimental and could be removed or changed at any time • lib/database/schemas.g.dart:5565:12 • experimental_member_use
2026-09-27T12:04:58.6999954Z warning • 'putByIndex' is experimental and could be removed or changed at any time • lib/database/schemas.g.dart:5569:12 • experimental_member_use
2026-09-27T12:04:58.7001826Z warning • 'putByIndexSync' is experimental and could be removed or changed at any time • lib/database/schemas.g.dart:5573:12 • experimental_member_use
2026-09-27T12:04:58.7003973Z warning • 'putAllByIndex' is experimental and could be removed or changed at any time • lib/database/schemas.g.dart:5577:12 • experimental_member_use
2026-09-27T12:04:58.7005881Z warning • 'putAllByIndexSync' is experimental and could be removed or changed at any time • lib/database/schemas.g.dart:5584:12 • experimental_member_use
2026-09-27T12:04:58.7008032Z warning • 'getByIndex' is experimental and could be removed or changed at any time • lib/database/schemas.g.dart:9984:12 • experimental_member_use
2026-09-27T12:04:58.7009878Z warning • 'getByIndexSync' is experimental and could be removed or changed at any time • lib/database/schemas.g.dart:9988:12 • experimental_member_use
2026-09-27T12:04:58.7011718Z warning • 'deleteByIndex' is experimental and could be removed or changed at any time • lib/database/schemas.g.dart:9992:12 • experimental_member_use
2026-09-27T12:04:58.7014022Z warning • 'deleteByIndexSync' is experimental and could be removed or changed at any time • lib/database/schemas.g.dart:9996:12 • experimental_member_use
2026-09-27T12:04:58.7015930Z warning • 'getAllByIndex' is experimental and could be removed or changed at any time • lib/database/schemas.g.dart:10003:12 • experimental_member_use
2026-09-27T12:04:58.7017833Z warning • 'getAllByIndexSync' is experimental and could be removed or changed at any time • lib/database/schemas.g.dart:10010:12 • experimental_member_use
2026-09-27T12:04:58.7019795Z warning • 'deleteAllByIndex' is experimental and could be removed or changed at any time • lib/database/schemas.g.dart:10015:12 • experimental_member_use
2026-09-27T12:04:58.7021772Z warning • 'deleteAllByIndexSync' is experimental and could be removed or changed at any time • lib/database/schemas.g.dart:10020:12 • experimental_member_use
2026-09-27T12:04:58.7023856Z warning • 'putByIndex' is experimental and could be removed or changed at any time • lib/database/schemas.g.dart:10024:12 • experimental_member_use
2026-09-27T12:04:58.7025740Z warning • 'putByIndexSync' is experimental and could be removed or changed at any time • lib/database/schemas.g.dart:10028:12 • experimental_member_use
2026-09-27T12:04:58.7027671Z warning • 'putAllByIndex' is experimental and could be removed or changed at any time • lib/database/schemas.g.dart:10032:12 • experimental_member_use
2026-09-27T12:04:58.7029582Z warning • 'putAllByIndexSync' is experimental and could be removed or changed at any time • lib/database/schemas.g.dart:10039:12 • experimental_member_use
2026-09-27T12:04:58.7031446Z warning • 'getByIndex' is experimental and could be removed or changed at any time • lib/database/schemas.g.dart:12788:12 • experimental_member_use
2026-09-27T12:04:58.7033501Z warning • 'getByIndexSync' is experimental and could be removed or changed at any time • lib/database/schemas.g.dart:12792:12 • experimental_member_use
2026-09-27T12:04:58.7035383Z warning • 'deleteByIndex' is experimental and could be removed or changed at any time • lib/database/schemas.g.dart:12796:12 • experimental_member_use
2026-09-27T12:04:58.7037273Z warning • 'deleteByIndexSync' is experimental and could be removed or changed at any time • lib/database/schemas.g.dart:12800:12 • experimental_member_use
2026-09-27T12:04:58.7039183Z warning • 'getAllByIndex' is experimental and could be removed or changed at any time • lib/database/schemas.g.dart:12807:12 • experimental_member_use
2026-09-27T12:04:58.7041096Z warning • 'getAllByIndexSync' is experimental and could be removed or changed at any time • lib/database/schemas.g.dart:12812:12 • experimental_member_use
2026-09-27T12:04:58.7043214Z warning • 'deleteAllByIndex' is experimental and could be removed or changed at any time • lib/database/schemas.g.dart:12817:12 • experimental_member_use
2026-09-27T12:04:58.7045175Z warning • 'deleteAllByIndexSync' is experimental and could be removed or changed at any time • lib/database/schemas.g.dart:12822:12 • experimental_member_use
2026-09-27T12:04:58.7047061Z warning • 'putByIndex' is experimental and could be removed or changed at any time • lib/database/schemas.g.dart:12826:12 • experimental_member_use
2026-09-27T12:04:58.7048917Z warning • 'putByIndexSync' is experimental and could be removed or changed at any time • lib/database/schemas.g.dart:12830:12 • experimental_member_use
2026-09-27T12:04:58.7050747Z warning • 'putAllByIndex' is experimental and could be removed or changed at any time • lib/database/schemas.g.dart:12834:12 • experimental_member_use
2026-09-27T12:04:58.7053058Z warning • 'putAllByIndexSync' is experimental and could be removed or changed at any time • lib/database/schemas.g.dart:12841:12 • experimental_member_use
2026-09-27T12:04:58.7054914Z warning • 'getByIndex' is experimental and could be removed or changed at any time • lib/database/schemas.g.dart:16417:12 • experimental_member_use
2026-09-27T12:04:58.7056750Z warning • 'getByIndexSync' is experimental and could be removed or changed at any time • lib/database/schemas.g.dart:16421:12 • experimental_member_use
2026-09-27T12:04:58.7058853Z warning • 'deleteByIndex' is experimental and could be removed or changed at any time • lib/database/schemas.g.dart:16425:12 • experimental_member_use
2026-09-27T12:04:58.7060760Z warning • 'deleteByIndexSync' is experimental and could be removed or changed at any time • lib/database/schemas.g.dart:16429:12 • experimental_member_use
2026-09-27T12:04:58.7062845Z warning • 'getAllByIndex' is experimental and could be removed or changed at any time • lib/database/schemas.g.dart:16436:12 • experimental_member_use
2026-09-27T12:04:58.7064746Z warning • 'getAllByIndexSync' is experimental and could be removed or changed at any time • lib/database/schemas.g.dart:16441:12 • experimental_member_use
2026-09-27T12:04:58.7066667Z warning • 'deleteAllByIndex' is experimental and could be removed or changed at any time • lib/database/schemas.g.dart:16446:12 • experimental_member_use
2026-09-27T12:04:58.7068639Z warning • 'deleteAllByIndexSync' is experimental and could be removed or changed at any time • lib/database/schemas.g.dart:16451:12 • experimental_member_use
2026-09-27T12:04:58.7070534Z warning • 'putByIndex' is experimental and could be removed or changed at any time • lib/database/schemas.g.dart:16455:12 • experimental_member_use
2026-09-27T12:04:58.7072605Z warning • 'putByIndexSync' is experimental and could be removed or changed at any time • lib/database/schemas.g.dart:16459:12 • experimental_member_use
2026-09-27T12:04:58.7074511Z warning • 'putAllByIndex' is experimental and could be removed or changed at any time • lib/database/schemas.g.dart:16463:12 • experimental_member_use
2026-09-27T12:04:58.7076408Z warning • 'putAllByIndexSync' is experimental and could be removed or changed at any time • lib/database/schemas.g.dart:16470:12 • experimental_member_use
2026-09-27T12:04:58.7078292Z warning • 'getByIndex' is experimental and could be removed or changed at any time • lib/database/schemas.g.dart:19856:12 • experimental_member_use
2026-09-27T12:04:58.7080156Z warning • 'getByIndexSync' is experimental and could be removed or changed at any time • lib/database/schemas.g.dart:19860:12 • experimental_member_use
2026-09-27T12:04:58.7082188Z warning • 'deleteByIndex' is experimental and could be removed or changed at any time • lib/database/schemas.g.dart:19864:12 • experimental_member_use
2026-09-27T12:04:58.7084094Z warning • 'deleteByIndexSync' is experimental and could be removed or changed at any time • lib/database/schemas.g.dart:19868:12 • experimental_member_use
2026-09-27T12:04:58.7086005Z warning • 'getAllByIndex' is experimental and could be removed or changed at any time • lib/database/schemas.g.dart:19875:12 • experimental_member_use
2026-09-27T12:04:58.7087911Z warning • 'getAllByIndexSync' is experimental and could be removed or changed at any time • lib/database/schemas.g.dart:19880:12 • experimental_member_use
2026-09-27T12:04:58.7089816Z warning • 'deleteAllByIndex' is experimental and could be removed or changed at any time • lib/database/schemas.g.dart:19885:12 • experimental_member_use
2026-09-27T12:04:58.7091775Z warning • 'deleteAllByIndexSync' is experimental and could be removed or changed at any time • lib/database/schemas.g.dart:19890:12 • experimental_member_use
2026-09-27T12:04:58.7093840Z warning • 'putByIndex' is experimental and could be removed or changed at any time • lib/database/schemas.g.dart:19894:12 • experimental_member_use
2026-09-27T12:04:58.7095947Z warning • 'putByIndexSync' is experimental and could be removed or changed at any time • lib/database/schemas.g.dart:19898:12 • experimental_member_use
2026-09-27T12:04:58.7097818Z warning • 'putAllByIndex' is experimental and could be removed or changed at any time • lib/database/schemas.g.dart:19902:12 • experimental_member_use
2026-09-27T12:04:58.7099733Z warning • 'putAllByIndexSync' is experimental and could be removed or changed at any time • lib/database/schemas.g.dart:19909:12 • experimental_member_use
2026-09-27T12:04:58.7101777Z warning • 'getByIndex' is experimental and could be removed or changed at any time • lib/database/schemas.g.dart:21562:12 • experimental_member_use
2026-09-27T12:04:58.7103830Z warning • 'getByIndexSync' is experimental and could be removed or changed at any time • lib/database/schemas.g.dart:21566:12 • experimental_member_use
2026-09-27T12:04:58.7105708Z warning • 'deleteByIndex' is experimental and could be removed or changed at any time • lib/database/schemas.g.dart:21570:12 • experimental_member_use
2026-09-27T12:04:58.7107626Z warning • 'deleteByIndexSync' is experimental and could be removed or changed at any time • lib/database/schemas.g.dart:21574:12 • experimental_member_use
2026-09-27T12:04:58.7109515Z warning • 'getAllByIndex' is experimental and could be removed or changed at any time • lib/database/schemas.g.dart:21581:12 • experimental_member_use
2026-09-27T12:04:58.7111411Z warning • 'getAllByIndexSync' is experimental and could be removed or changed at any time • lib/database/schemas.g.dart:21588:12 • experimental_member_use
2026-09-27T12:04:58.7113505Z warning • 'deleteAllByIndex' is experimental and could be removed or changed at any time • lib/database/schemas.g.dart:21593:12 • experimental_member_use
2026-09-27T12:04:58.7115467Z warning • 'deleteAllByIndexSync' is experimental and could be removed or changed at any time • lib/database/schemas.g.dart:21598:12 • experimental_member_use
2026-09-27T12:04:58.7117364Z warning • 'putByIndex' is experimental and could be removed or changed at any time • lib/database/schemas.g.dart:21602:12 • experimental_member_use
2026-09-27T12:04:58.7119231Z warning • 'putByIndexSync' is experimental and could be removed or changed at any time • lib/database/schemas.g.dart:21609:12 • experimental_member_use
2026-09-27T12:04:58.7121094Z warning • 'putAllByIndex' is experimental and could be removed or changed at any time • lib/database/schemas.g.dart:21613:12 • experimental_member_use
2026-09-27T12:04:58.7123136Z warning • 'putAllByIndexSync' is experimental and could be removed or changed at any time • lib/database/schemas.g.dart:21620:12 • experimental_member_use
2026-09-27T12:04:58.7125019Z warning • 'getByIndex' is experimental and could be removed or changed at any time • lib/database/schemas.g.dart:23917:12 • experimental_member_use
2026-09-27T12:04:58.7126860Z warning • 'getByIndexSync' is experimental and could be removed or changed at any time • lib/database/schemas.g.dart:23921:12 • experimental_member_use
2026-09-27T12:04:58.7128746Z warning • 'deleteByIndex' is experimental and could be removed or changed at any time • lib/database/schemas.g.dart:23925:12 • experimental_member_use
2026-09-27T12:04:58.7130627Z warning • 'deleteByIndexSync' is experimental and could be removed or changed at any time • lib/database/schemas.g.dart:23929:12 • experimental_member_use
2026-09-27T12:04:58.7132792Z warning • 'getAllByIndex' is experimental and could be removed or changed at any time • lib/database/schemas.g.dart:23936:12 • experimental_member_use
2026-09-27T12:04:58.7134711Z warning • 'getAllByIndexSync' is experimental and could be removed or changed at any time • lib/database/schemas.g.dart:23943:12 • experimental_member_use
2026-09-27T12:04:58.7136641Z warning • 'deleteAllByIndex' is experimental and could be removed or changed at any time • lib/database/schemas.g.dart:23948:12 • experimental_member_use
2026-09-27T12:04:58.7138603Z warning • 'deleteAllByIndexSync' is experimental and could be removed or changed at any time • lib/database/schemas.g.dart:23953:12 • experimental_member_use
2026-09-27T12:04:58.7140689Z warning • 'putByIndex' is experimental and could be removed or changed at any time • lib/database/schemas.g.dart:23957:12 • experimental_member_use
2026-09-27T12:04:58.7142692Z warning • 'putByIndexSync' is experimental and could be removed or changed at any time • lib/database/schemas.g.dart:23964:12 • experimental_member_use
2026-09-27T12:04:58.7144581Z warning • 'putAllByIndex' is experimental and could be removed or changed at any time • lib/database/schemas.g.dart:23968:12 • experimental_member_use
2026-09-27T12:04:58.7146635Z warning • 'putAllByIndexSync' is experimental and could be removed or changed at any time • lib/database/schemas.g.dart:23975:12 • experimental_member_use
2026-09-27T12:04:58.7148532Z warning • 'getByIndex' is experimental and could be removed or changed at any time • lib/database/schemas.g.dart:27888:12 • experimental_member_use
2026-09-27T12:04:58.7150402Z warning • 'getByIndexSync' is experimental and could be removed or changed at any time • lib/database/schemas.g.dart:27892:12 • experimental_member_use
2026-09-27T12:04:58.7152416Z warning • 'deleteByIndex' is experimental and could be removed or changed at any time • lib/database/schemas.g.dart:27896:12 • experimental_member_use
2026-09-27T12:04:58.7154339Z warning • 'deleteByIndexSync' is experimental and could be removed or changed at any time • lib/database/schemas.g.dart:27900:12 • experimental_member_use
2026-09-27T12:04:58.7156235Z warning • 'getAllByIndex' is experimental and could be removed or changed at any time • lib/database/schemas.g.dart:27905:12 • experimental_member_use
2026-09-27T12:04:58.7157976Z warning • 'getAllByIndexSync' is experimental and could be removed or changed at any time • lib/database/schemas.g.dart:27910:12 • experimental_member_use
2026-09-27T12:04:58.7159898Z warning • 'deleteAllByIndex' is experimental and could be removed or changed at any time • lib/database/schemas.g.dart:27915:12 • experimental_member_use
2026-09-27T12:04:58.7161831Z warning • 'deleteAllByIndexSync' is experimental and could be removed or changed at any time • lib/database/schemas.g.dart:27920:12 • experimental_member_use
2026-09-27T12:04:58.7163855Z warning • 'putByIndex' is experimental and could be removed or changed at any time • lib/database/schemas.g.dart:27924:12 • experimental_member_use
2026-09-27T12:04:58.7165832Z warning • 'putByIndexSync' is experimental and could be removed or changed at any time • lib/database/schemas.g.dart:27928:12 • experimental_member_use
2026-09-27T12:04:58.7168240Z warning • 'putAllByIndex' is experimental and could be removed or changed at any time • lib/database/schemas.g.dart:27932:12 • experimental_member_use
2026-09-27T12:04:58.7170327Z warning • 'putAllByIndexSync' is experimental and could be removed or changed at any time • lib/database/schemas.g.dart:27939:12 • experimental_member_use
2026-09-27T12:04:58.7172854Z warning • 'getByIndex' is experimental and could be removed or changed at any time • lib/database/schemas.g.dart:29872:12 • experimental_member_use
2026-09-27T12:04:58.7244002Z warning • 'getByIndexSync' is experimental and could be removed or changed at any time • lib/database/schemas.g.dart:29876:12 • experimental_member_use
2026-09-27T12:04:58.7246125Z warning • 'deleteByIndex' is experimental and could be removed or changed at any time • lib/database/schemas.g.dart:29880:12 • experimental_member_use
2026-09-27T12:04:58.7248061Z warning • 'deleteByIndexSync' is experimental and could be removed or changed at any time • lib/database/schemas.g.dart:29884:12 • experimental_member_use
2026-09-27T12:04:58.7250010Z warning • 'getAllByIndex' is experimental and could be removed or changed at any time • lib/database/schemas.g.dart:29891:12 • experimental_member_use
2026-09-27T12:04:58.7252946Z warning • 'getAllByIndexSync' is experimental and could be removed or changed at any time • lib/database/schemas.g.dart:29898:12 • experimental_member_use
2026-09-27T12:04:58.7255322Z warning • 'deleteAllByIndex' is experimental and could be removed or changed at any time • lib/database/schemas.g.dart:29903:12 • experimental_member_use
2026-09-27T12:04:58.7257290Z warning • 'deleteAllByIndexSync' is experimental and could be removed or changed at any time • lib/database/schemas.g.dart:29908:12 • experimental_member_use
2026-09-27T12:04:58.7259211Z warning • 'putByIndex' is experimental and could be removed or changed at any time • lib/database/schemas.g.dart:29912:12 • experimental_member_use
2026-09-27T12:04:58.7261259Z warning • 'putByIndexSync' is experimental and could be removed or changed at any time • lib/database/schemas.g.dart:29916:12 • experimental_member_use
2026-09-27T12:04:58.7263542Z warning • 'putAllByIndex' is experimental and could be removed or changed at any time • lib/database/schemas.g.dart:29920:12 • experimental_member_use
2026-09-27T12:04:58.7265472Z warning • 'putAllByIndexSync' is experimental and could be removed or changed at any time • lib/database/schemas.g.dart:29927:12 • experimental_member_use
2026-09-27T12:04:58.7267551Z warning • Unused import: 'calculation_versions.dart'. Try removing the import directive • lib/models/calculation/macro_target_breakdown.dart:1:8 • unused_import
2026-09-27T12:04:58.7270076Z    info • The imported package 'web' isn't a dependency of the importing package. Try adding a dependency for 'web' in the 'pubspec.yaml' file • lib/platform/web/in_app_browser_detector_web.dart:1:8 • depend_on_referenced_packages
2026-09-27T12:04:58.7273048Z warning • Unused import: '../../../repositories/health_repository_support.dart'. Try removing the import directive • lib/platform/web/repositories/web_weight_repository.dart:4:8 • unused_import
2026-09-27T12:04:58.7275975Z    info • The imported package 'web' isn't a dependency of the importing package. Try adding a dependency for 'web' in the 'pubspec.yaml' file • lib/platform/web/web_browser_utils_web.dart:1:8 • depend_on_referenced_packages
2026-09-27T12:04:58.7278775Z    info • Use an initializing formal to assign a parameter to a field. Try using an initialing formal ('this._userRepository') to initialize the field • lib/platform/web/web_local_user_data_clearer.dart:26:8 • prefer_initializing_formals
2026-09-27T12:04:58.7281773Z    info • Use an initializing formal to assign a parameter to a field. Try using an initialing formal ('this._settingsRepository') to initialize the field • lib/platform/web/web_local_user_data_clearer.dart:27:8 • prefer_initializing_formals
2026-09-27T12:04:58.7284956Z    info • Use an initializing formal to assign a parameter to a field. Try using an initialing formal ('this._foodRepository') to initialize the field • lib/platform/web/web_local_user_data_clearer.dart:28:8 • prefer_initializing_formals
2026-09-27T12:04:58.7287917Z    info • Use an initializing formal to assign a parameter to a field. Try using an initialing formal ('this._exerciseRepository') to initialize the field • lib/platform/web/web_local_user_data_clearer.dart:29:8 • prefer_initializing_formals
2026-09-27T12:04:58.7290920Z    info • Use an initializing formal to assign a parameter to a field. Try using an initialing formal ('this._alcoholRepository') to initialize the field • lib/platform/web/web_local_user_data_clearer.dart:30:8 • prefer_initializing_formals
2026-09-27T12:04:58.7294151Z    info • Use an initializing formal to assign a parameter to a field. Try using an initialing formal ('this._weightRepository') to initialize the field • lib/platform/web/web_local_user_data_clearer.dart:31:8 • prefer_initializing_formals
2026-09-27T12:04:58.7297145Z    info • Use an initializing formal to assign a parameter to a field. Try using an initialing formal ('this._savedFoodRepository') to initialize the field • lib/platform/web/web_local_user_data_clearer.dart:32:8 • prefer_initializing_formals
2026-09-27T12:04:58.7300188Z    info • Use an initializing formal to assign a parameter to a field. Try using an initialing formal ('this._mealTemplateRepository') to initialize the field • lib/platform/web/web_local_user_data_clearer.dart:33:8 • prefer_initializing_formals
2026-09-27T12:04:58.7303720Z    info • Use an initializing formal to assign a parameter to a field. Try using an initialing formal ('this._workoutTemplateRepository') to initialize the field • lib/platform/web/web_local_user_data_clearer.dart:34:8 • prefer_initializing_formals
2026-09-27T12:04:58.7306666Z    info • The imported package 'web' isn't a dependency of the importing package. Try adding a dependency for 'web' in the 'pubspec.yaml' file • lib/platform/web/web_storage_probe_web.dart:1:8 • depend_on_referenced_packages
2026-09-27T12:04:58.7309751Z    info • Use an initializing formal to assign a parameter to a field. Try using an initialing formal ('this._weightRepository') to initialize the field • lib/platform/web/web_unsupported_health_repository.dart:11:8 • prefer_initializing_formals
2026-09-27T12:04:58.7312408Z warning • Unused import: '../models/alcohol_entry.dart'. Try removing the import directive • lib/repositories/data_sync_repository.dart:4:8 • unused_import
2026-09-27T12:04:58.7314419Z warning • Unused import: '../models/exercise_entry.dart'. Try removing the import directive • lib/repositories/data_sync_repository.dart:6:8 • unused_import
2026-09-27T12:04:58.7316351Z warning • Unused import: '../models/food_entry.dart'. Try removing the import directive • lib/repositories/data_sync_repository.dart:7:8 • unused_import
2026-09-27T12:04:58.7318508Z warning • Unused import: 'contracts/workout_template_repository_base.dart'. Try removing the import directive • lib/repositories/data_sync_repository.dart:20:8 • unused_import
2026-09-27T12:04:58.7320840Z warning • Unused import: 'supabase/supabase_workout_template_repository.dart'. Try removing the import directive • lib/repositories/data_sync_repository.dart:28:8 • unused_import
2026-09-27T12:04:58.7354461Z    info • Use an initializing formal to assign a parameter to a field. Try using an initialing formal ('this._userRepository') to initialize the field • lib/repositories/data_sync_repository.dart:108:8 • prefer_initializing_formals
2026-09-27T12:04:58.7357478Z    info • Use an initializing formal to assign a parameter to a field. Try using an initialing formal ('this._settingsRepository') to initialize the field • lib/repositories/data_sync_repository.dart:109:8 • prefer_initializing_formals
2026-09-27T12:04:58.7360408Z    info • Use an initializing formal to assign a parameter to a field. Try using an initialing formal ('this._foodRepository') to initialize the field • lib/repositories/data_sync_repository.dart:110:8 • prefer_initializing_formals
2026-09-27T12:04:58.7363489Z    info • Use an initializing formal to assign a parameter to a field. Try using an initialing formal ('this._exerciseRepository') to initialize the field • lib/repositories/data_sync_repository.dart:111:8 • prefer_initializing_formals
2026-09-27T12:04:58.7366447Z    info • Use an initializing formal to assign a parameter to a field. Try using an initialing formal ('this._alcoholRepository') to initialize the field • lib/repositories/data_sync_repository.dart:112:8 • prefer_initializing_formals
2026-09-27T12:04:58.7369379Z    info • Use an initializing formal to assign a parameter to a field. Try using an initialing formal ('this._weightRepository') to initialize the field • lib/repositories/data_sync_repository.dart:113:8 • prefer_initializing_formals
2026-09-27T12:04:58.7372418Z    info • Use an initializing formal to assign a parameter to a field. Try using an initialing formal ('this._foodMaster') to initialize the field • lib/repositories/data_sync_repository.dart:114:8 • prefer_initializing_formals
2026-09-27T12:04:58.7374960Z warning • Unused import: 'meal_template_repository.dart'. Try removing the import directive • lib/repositories/food_master_repositories.dart:9:8 • unused_import
2026-09-27T12:04:58.7377065Z warning • Unused import: 'workout_template_repository.dart'. Try removing the import directive • lib/repositories/food_master_repositories.dart:10:8 • unused_import
2026-09-27T12:04:58.7379458Z    info • The member 'save' overrides an inherited member but isn't annotated with '@override'. Try adding the '@override' annotation • lib/repositories/isar/exercise_repository.dart:13:16 • annotate_overrides
2026-09-27T12:04:58.7382442Z    info • The member 'saveAll' overrides an inherited member but isn't annotated with '@override'. Try adding the '@override' annotation • lib/repositories/isar/exercise_repository.dart:21:16 • annotate_overrides
2026-09-27T12:04:58.7385021Z    info • The member 'loadAll' overrides an inherited member but isn't annotated with '@override'. Try adding the '@override' annotation • lib/repositories/isar/exercise_repository.dart:29:31 • annotate_overrides
2026-09-27T12:04:58.7387762Z    info • The member 'delete' overrides an inherited member but isn't annotated with '@override'. Try adding the '@override' annotation • lib/repositories/isar/exercise_repository.dart:35:16 • annotate_overrides
2026-09-27T12:04:58.7390445Z    info • The member 'clearAll' overrides an inherited member but isn't annotated with '@override'. Try adding the '@override' annotation • lib/repositories/isar/exercise_repository.dart:47:16 • annotate_overrides
2026-09-27T12:04:58.7393221Z    info • The member 'save' overrides an inherited member but isn't annotated with '@override'. Try adding the '@override' annotation • lib/repositories/isar/food_repository.dart:13:16 • annotate_overrides
2026-09-27T12:04:58.7395803Z    info • The member 'saveAll' overrides an inherited member but isn't annotated with '@override'. Try adding the '@override' annotation • lib/repositories/isar/food_repository.dart:19:16 • annotate_overrides
2026-09-27T12:04:58.7398398Z    info • The member 'loadAll' overrides an inherited member but isn't annotated with '@override'. Try adding the '@override' annotation • lib/repositories/isar/food_repository.dart:27:27 • annotate_overrides
2026-09-27T12:04:58.7400961Z    info • The member 'delete' overrides an inherited member but isn't annotated with '@override'. Try adding the '@override' annotation • lib/repositories/isar/food_repository.dart:33:16 • annotate_overrides
2026-09-27T12:04:58.7403738Z    info • The member 'clearAll' overrides an inherited member but isn't annotated with '@override'. Try adding the '@override' annotation • lib/repositories/isar/food_repository.dart:45:16 • annotate_overrides
2026-09-27T12:04:58.7406457Z    info • The member 'saveAllPrivate' overrides an inherited member but isn't annotated with '@override'. Try adding the '@override' annotation • lib/repositories/isar/isar_saved_food_repository.dart:27:16 • annotate_overrides
2026-09-27T12:04:58.7409439Z    info • The member 'loadAllOwnIncludingDeleted' overrides an inherited member but isn't annotated with '@override'. Try adding the '@override' annotation • lib/repositories/isar/isar_saved_food_repository.dart:194:27 • annotate_overrides
2026-09-27T12:04:58.7412539Z    info • The member 'saveNutritionSettings' overrides an inherited member but isn't annotated with '@override'. Try adding the '@override' annotation • lib/repositories/isar/settings_repository.dart:15:16 • annotate_overrides
2026-09-27T12:04:58.7415412Z    info • The member 'loadNutritionSettings' overrides an inherited member but isn't annotated with '@override'. Try adding the '@override' annotation • lib/repositories/isar/settings_repository.dart:23:30 • annotate_overrides
2026-09-27T12:04:58.7418254Z    info • The member 'saveHealthSnapshot' overrides an inherited member but isn't annotated with '@override'. Try adding the '@override' annotation • lib/repositories/isar/settings_repository.dart:31:16 • annotate_overrides
2026-09-27T12:04:58.7421233Z    info • The member 'loadHealthSnapshot' overrides an inherited member but isn't annotated with '@override'. Try adding the '@override' annotation • lib/repositories/isar/settings_repository.dart:39:27 • annotate_overrides
2026-09-27T12:04:58.7424181Z    info • The member 'saveAppSettings' overrides an inherited member but isn't annotated with '@override'. Try adding the '@override' annotation • lib/repositories/isar/settings_repository.dart:47:16 • annotate_overrides
2026-09-27T12:04:58.7427105Z    info • The member 'loadAppSettings' overrides an inherited member but isn't annotated with '@override'. Try adding the '@override' annotation • lib/repositories/isar/settings_repository.dart:55:23 • annotate_overrides
2026-09-27T12:04:58.7429782Z    info • The member 'clearAll' overrides an inherited member but isn't annotated with '@override'. Try adding the '@override' annotation • lib/repositories/isar/settings_repository.dart:63:16 • annotate_overrides
2026-09-27T12:04:58.7432955Z    info • Use an initializing formal to assign a parameter to a field. Try using an initialing formal ('this._weightRepository') to initialize the field • lib/repositories/isar/unsupported_health_repository.dart:13:8 • prefer_initializing_formals
2026-09-27T12:04:58.7435825Z    info • The member 'saveProfile' overrides an inherited member but isn't annotated with '@override'. Try adding the '@override' annotation • lib/repositories/isar/user_repository.dart:14:16 • annotate_overrides
2026-09-27T12:04:58.7438474Z    info • The member 'loadProfile' overrides an inherited member but isn't annotated with '@override'. Try adding the '@override' annotation • lib/repositories/isar/user_repository.dart:22:24 • annotate_overrides
2026-09-27T12:04:58.7441088Z    info • The member 'saveGoal' overrides an inherited member but isn't annotated with '@override'. Try adding the '@override' annotation • lib/repositories/isar/user_repository.dart:30:16 • annotate_overrides
2026-09-27T12:04:58.7443852Z    info • The member 'loadGoal' overrides an inherited member but isn't annotated with '@override'. Try adding the '@override' annotation • lib/repositories/isar/user_repository.dart:36:17 • annotate_overrides
2026-09-27T12:04:58.7446444Z    info • The member 'clearAll' overrides an inherited member but isn't annotated with '@override'. Try adding the '@override' annotation • lib/repositories/isar/user_repository.dart:44:16 • annotate_overrides
2026-09-27T12:04:58.7449041Z    info • The member 'save' overrides an inherited member but isn't annotated with '@override'. Try adding the '@override' annotation • lib/repositories/isar/weight_repository.dart:14:16 • annotate_overrides
2026-09-27T12:04:58.7451611Z    info • The member 'delete' overrides an inherited member but isn't annotated with '@override'. Try adding the '@override' annotation • lib/repositories/isar/weight_repository.dart:22:16 • annotate_overrides
2026-09-27T12:04:58.7454410Z    info • The member 'loadAll' overrides an inherited member but isn't annotated with '@override'. Try adding the '@override' annotation • lib/repositories/isar/weight_repository.dart:31:29 • annotate_overrides
2026-09-27T12:04:58.7457030Z    info • The member 'latestWeight' overrides an inherited member but isn't annotated with '@override'. Try adding the '@override' annotation • lib/repositories/isar/weight_repository.dart:37:19 • annotate_overrides
2026-09-27T12:04:58.7459711Z    info • The member 'loadWeightRecords' overrides an inherited member but isn't annotated with '@override'. Try adding the '@override' annotation • lib/repositories/isar/weight_repository.dart:54:30 • annotate_overrides
2026-09-27T12:04:58.7462787Z    info • The member 'saveWeightRecord' overrides an inherited member but isn't annotated with '@override'. Try adding the '@override' annotation • lib/repositories/isar/weight_repository.dart:59:16 • annotate_overrides
2026-09-27T12:04:58.7465461Z    info • The member 'clearAll' overrides an inherited member but isn't annotated with '@override'. Try adding the '@override' annotation • lib/repositories/isar/weight_repository.dart:63:16 • annotate_overrides
2026-09-27T12:04:58.7468269Z    info • Use an initializing formal to assign a parameter to a field. Try using an initialing formal ('this._preferences') to initialize the field • lib/repositories/local_session_store.dart:33:8 • prefer_initializing_formals
2026-09-27T12:04:58.7471277Z    info • Use an initializing formal to assign a parameter to a field. Try using an initialing formal ('this._weightRepository') to initialize the field • lib/repositories/platform_health_repository.dart:20:8 • prefer_initializing_formals
2026-09-27T12:04:58.7474506Z    info • Use an initializing formal to assign a parameter to a field. Try using an initialing formal ('this._store') to initialize the field • lib/repositories/storekit_subscription_repository.dart:32:8 • prefer_initializing_formals
2026-09-27T12:04:58.7477505Z    info • Use an initializing formal to assign a parameter to a field. Try using an initialing formal ('this._preferences') to initialize the field • lib/repositories/storekit_subscription_repository.dart:33:8 • prefer_initializing_formals
2026-09-27T12:04:58.7480573Z    info • Use an initializing formal to assign a parameter to a field. Try using an initialing formal ('this._purchaseUpdates') to initialize the field • lib/repositories/storekit_subscription_repository.dart:34:8 • prefer_initializing_formals
2026-09-27T12:04:58.7483950Z    info • Use an initializing formal to assign a parameter to a field. Try using an initialing formal ('this._loadEntitlements') to initialize the field • lib/repositories/storekit_subscription_repository.dart:35:8 • prefer_initializing_formals
2026-09-27T12:04:58.7487022Z    info • The member 'upsertOwnPrivate' overrides an inherited member but isn't annotated with '@override'. Try adding the '@override' annotation • lib/repositories/supabase/supabase_saved_food_repository.dart:23:21 • annotate_overrides
2026-09-27T12:04:58.7488700Z 285 issues found. (ran in 18.8s)
2026-09-27T12:04:58.7490516Z    info • The member 'updateOwnRow' overrides an inherited member but isn't annotated with '@override'. Try adding the '@override' annotation • lib/repositories/supabase/supabase_saved_food_repository.dart:65:21 • annotate_overrides
2026-09-27T12:04:58.7493563Z    info • The member 'publish' overrides an inherited member but isn't annotated with '@override'. Try adding the '@override' annotation • lib/repositories/supabase/supabase_saved_food_repository.dart:84:21 • annotate_overrides
2026-09-27T12:04:58.7496444Z    info • The member 'unpublish' overrides an inherited member but isn't annotated with '@override'. Try adding the '@override' annotation • lib/repositories/supabase/supabase_saved_food_repository.dart:105:21 • annotate_overrides
2026-09-27T12:04:58.7499307Z    info • The member 'pullAllOwn' overrides an inherited member but isn't annotated with '@override'. Try adding the '@override' annotation • lib/repositories/supabase/supabase_saved_food_repository.dart:123:27 • annotate_overrides
2026-09-27T12:04:58.7502370Z    info • The member 'pushAllOwn' overrides an inherited member but isn't annotated with '@override'. Try adding the '@override' annotation • lib/repositories/supabase/supabase_saved_food_repository.dart:137:16 • annotate_overrides
2026-09-27T12:04:58.7505301Z    info • The member 'searchPublic' overrides an inherited member but isn't annotated with '@override'. Try adding the '@override' annotation • lib/repositories/supabase/supabase_saved_food_repository.dart:158:27 • annotate_overrides
2026-09-27T12:04:58.7508541Z    info • The member 'getPublicById' overrides an inherited member but isn't annotated with '@override'. Try adding the '@override' annotation • lib/repositories/supabase/supabase_saved_food_repository.dart:234:22 • annotate_overrides
2026-09-27T12:04:58.7511605Z    info • The member 'findExactPublicDuplicate' overrides an inherited member but isn't annotated with '@override'. Try adding the '@override' annotation • lib/repositories/supabase/supabase_saved_food_repository.dart:255:22 • annotate_overrides
2026-09-27T12:04:58.7515116Z    info • The member 'findSimilarPublicFoods' overrides an inherited member but isn't annotated with '@override'. Try adding the '@override' annotation • lib/repositories/supabase/supabase_saved_food_repository.dart:291:27 • annotate_overrides
2026-09-27T12:04:58.7518201Z    info • The member 'buildPrivateCopy' overrides an inherited member but isn't annotated with '@override'. Try adding the '@override' annotation • lib/repositories/supabase/supabase_saved_food_repository.dart:350:13 • annotate_overrides
2026-09-27T12:04:58.7521171Z    info • The imported package 'postgrest' isn't a dependency of the importing package. Try adding a dependency for 'postgrest' in the 'pubspec.yaml' file • lib/repositories/sync_step_runner.dart:2:8 • depend_on_referenced_packages
2026-09-27T12:04:58.7524217Z    info • Use an initializing formal to assign a parameter to a field. Try using an initialing formal ('this._local') to initialize the field • lib/repositories/synced_saved_food_repository.dart:16:8 • prefer_initializing_formals
2026-09-27T12:04:58.7527078Z    info • Use an initializing formal to assign a parameter to a field. Try using an initialing formal ('this._remote') to initialize the field • lib/repositories/synced_saved_food_repository.dart:17:8 • prefer_initializing_formals
2026-09-27T12:04:58.7529886Z    info • Don't use 'BuildContext's across async gaps. Try rewriting the code to not use the 'BuildContext', or guard the use with a 'mounted' check • lib/screens/food/food_form_screen.dart:511:16 • use_build_context_synchronously
2026-09-27T12:04:58.7532919Z    info • Don't use 'BuildContext's across async gaps. Try rewriting the code to not use the 'BuildContext', or guard the use with a 'mounted' check • lib/screens/food/food_meal_registration_screen.dart:345:16 • use_build_context_synchronously
2026-09-27T12:04:58.7535887Z    info • Don't use 'BuildContext's across async gaps. Try rewriting the code to not use the 'BuildContext', or guard the use with a 'mounted' check • lib/screens/meal_template/meal_template_form_screen.dart:99:9 • use_build_context_synchronously
2026-09-27T12:04:58.7538894Z    info • Don't use 'BuildContext's across async gaps. Try rewriting the code to not use the 'BuildContext', or guard the use with a 'mounted' check • lib/screens/meal_template/meal_template_list_screen.dart:163:16 • use_build_context_synchronously
2026-09-27T12:04:58.7542088Z    info • Don't use 'BuildContext's across async gaps. Try rewriting the code to not use the 'BuildContext', or guard the use with a 'mounted' check • lib/screens/workout_template/workout_template_screens.dart:259:16 • use_build_context_synchronously
2026-09-27T12:04:58.7545896Z    info • 'value' is deprecated and shouldn't be used. Use initialValue instead. This will set the initial value for the form field. This feature was deprecated after v3.33.0-1.0.pre. Try replacing the use of the deprecated member with the replacement • lib/screens/workout_template/workout_template_screens.dart:399:15 • deprecated_member_use
2026-09-27T12:04:58.7549384Z    info • Use an initializing formal to assign a parameter to a field. Try using an initialing formal ('this._isar') to initialize the field • lib/services/isar/local_user_data_clearer.dart:29:8 • prefer_initializing_formals
2026-09-27T12:04:58.7552388Z    info • Use an initializing formal to assign a parameter to a field. Try using an initialing formal ('this._userRepository') to initialize the field • lib/services/isar/local_user_data_clearer.dart:30:8 • prefer_initializing_formals
2026-09-27T12:04:58.7555573Z    info • Use an initializing formal to assign a parameter to a field. Try using an initialing formal ('this._settingsRepository') to initialize the field • lib/services/isar/local_user_data_clearer.dart:31:8 • prefer_initializing_formals
2026-09-27T12:04:58.7558503Z    info • Use an initializing formal to assign a parameter to a field. Try using an initialing formal ('this._foodRepository') to initialize the field • lib/services/isar/local_user_data_clearer.dart:32:8 • prefer_initializing_formals
2026-09-27T12:04:58.7561598Z    info • Use an initializing formal to assign a parameter to a field. Try using an initialing formal ('this._exerciseRepository') to initialize the field • lib/services/isar/local_user_data_clearer.dart:33:8 • prefer_initializing_formals
2026-09-27T12:04:58.7564735Z    info • Use an initializing formal to assign a parameter to a field. Try using an initialing formal ('this._alcoholRepository') to initialize the field • lib/services/isar/local_user_data_clearer.dart:34:8 • prefer_initializing_formals
2026-09-27T12:04:58.7567703Z    info • Use an initializing formal to assign a parameter to a field. Try using an initialing formal ('this._weightRepository') to initialize the field • lib/services/isar/local_user_data_clearer.dart:35:8 • prefer_initializing_formals
2026-09-27T12:04:58.7570657Z    info • Use an initializing formal to assign a parameter to a field. Try using an initialing formal ('this._savedFoodRepository') to initialize the field • lib/services/isar/local_user_data_clearer.dart:36:8 • prefer_initializing_formals
2026-09-27T12:04:58.7573891Z    info • Use an initializing formal to assign a parameter to a field. Try using an initialing formal ('this._mealTemplateRepository') to initialize the field • lib/services/isar/local_user_data_clearer.dart:37:8 • prefer_initializing_formals
2026-09-27T12:04:58.7576885Z    info • Use an initializing formal to assign a parameter to a field. Try using an initialing formal ('this._workoutTemplateRepository') to initialize the field • lib/services/isar/local_user_data_clearer.dart:38:8 • prefer_initializing_formals
2026-09-27T12:04:58.7580240Z    info • The import of 'package:flutter/foundation.dart' is unnecessary because all of the used elements are also provided by the import of 'package:flutter/material.dart'. Try removing the import directive • lib/services/public_food_meal_add_flow.dart:1:8 • unnecessary_import
2026-09-27T12:04:58.7583164Z warning • Unused import: '../utils/food_name_normalizer.dart'. Try removing the import directive • lib/services/public_food_similar_service.dart:3:8 • unused_import
2026-09-27T12:04:58.7585351Z    info • Unnecessary braces in a string interpolation. Try removing the braces • lib/services/weight_trend_suggestion_service.dart:70:14 • unnecessary_brace_in_string_interps
2026-09-27T12:04:58.7587881Z    info • Use an initializing formal to assign a parameter to a field. Try using an initialing formal ('this._healthRepository') to initialize the field • lib/state/app_controller.dart:111:8 • prefer_initializing_formals
2026-09-27T12:04:58.7590699Z    info • Use an initializing formal to assign a parameter to a field. Try using an initialing formal ('this._authenticationRepository') to initialize the field • lib/state/app_controller.dart:112:8 • prefer_initializing_formals
2026-09-27T12:04:58.7593680Z    info • Use an initializing formal to assign a parameter to a field. Try using an initialing formal ('this._dataSyncRepository') to initialize the field • lib/state/app_controller.dart:113:8 • prefer_initializing_formals
2026-09-27T12:04:58.7596435Z    info • Use an initializing formal to assign a parameter to a field. Try using an initialing formal ('this._localSessionStore') to initialize the field • lib/state/app_controller.dart:114:8 • prefer_initializing_formals
2026-09-27T12:04:58.7599207Z    info • Use an initializing formal to assign a parameter to a field. Try using an initialing formal ('this._localUserDataClearer') to initialize the field • lib/state/app_controller.dart:115:8 • prefer_initializing_formals
2026-09-27T12:04:58.7602294Z    info • Use an initializing formal to assign a parameter to a field. Try using an initialing formal ('this._userRepository') to initialize the field • lib/state/app_controller.dart:116:8 • prefer_initializing_formals
2026-09-27T12:04:58.7605030Z    info • Use an initializing formal to assign a parameter to a field. Try using an initialing formal ('this._settingsRepository') to initialize the field • lib/state/app_controller.dart:117:8 • prefer_initializing_formals
2026-09-27T12:04:58.7607889Z    info • Use an initializing formal to assign a parameter to a field. Try using an initialing formal ('this._foodRepository') to initialize the field • lib/state/app_controller.dart:118:8 • prefer_initializing_formals
2026-09-27T12:04:58.7610686Z    info • Use an initializing formal to assign a parameter to a field. Try using an initialing formal ('this._exerciseRepository') to initialize the field • lib/state/app_controller.dart:119:8 • prefer_initializing_formals
2026-09-27T12:04:58.7613580Z    info • Use an initializing formal to assign a parameter to a field. Try using an initialing formal ('this._alcoholRepository') to initialize the field • lib/state/app_controller.dart:120:8 • prefer_initializing_formals
2026-09-27T12:04:58.7616301Z    info • Use an initializing formal to assign a parameter to a field. Try using an initialing formal ('this._weightRepository') to initialize the field • lib/state/app_controller.dart:121:8 • prefer_initializing_formals
2026-09-27T12:04:58.7619105Z    info • Use an initializing formal to assign a parameter to a field. Try using an initialing formal ('this._savedFoodRepository') to initialize the field • lib/state/app_controller.dart:122:8 • prefer_initializing_formals
2026-09-27T12:04:58.7622059Z    info • Use an initializing formal to assign a parameter to a field. Try using an initialing formal ('this._foodRatingRepository') to initialize the field • lib/state/app_controller.dart:123:8 • prefer_initializing_formals
2026-09-27T12:04:58.7624856Z    info • Use an initializing formal to assign a parameter to a field. Try using an initialing formal ('this._foodReportRepository') to initialize the field • lib/state/app_controller.dart:124:8 • prefer_initializing_formals
2026-09-27T12:04:58.7627666Z    info • Use an initializing formal to assign a parameter to a field. Try using an initialing formal ('this._blockedCreatorRepository') to initialize the field • lib/state/app_controller.dart:125:8 • prefer_initializing_formals
2026-09-27T12:04:58.7630507Z    info • Use an initializing formal to assign a parameter to a field. Try using an initialing formal ('this._mealTemplateRepository') to initialize the field • lib/state/app_controller.dart:126:8 • prefer_initializing_formals
2026-09-27T12:04:58.7633516Z    info • Use an initializing formal to assign a parameter to a field. Try using an initialing formal ('this._workoutTemplateRepository') to initialize the field • lib/state/app_controller.dart:127:8 • prefer_initializing_formals
2026-09-27T12:04:58.7636161Z    info • The member 'dispose' overrides an inherited member but isn't annotated with '@override'. Try adding the '@override' annotation • lib/state/app_controller.dart:2709:8 • annotate_overrides
2026-09-27T12:04:58.7638240Z    info • Use the null-aware marker '?' rather than a null check via an 'if'. Try using '?' • lib/utils/macro_display.dart:74:5 • use_null_aware_elements
2026-09-27T12:04:58.7640231Z warning • Unused import: '../../constants/app_strings.dart'. Try removing the import directive • lib/widgets/food/macro_nutrition_input_controller.dart:3:8 • unused_import
2026-09-27T12:04:58.7643578Z    info • 'groupValue' is deprecated and shouldn't be used. Use a RadioGroup ancestor to manage group value instead. This feature was deprecated after v3.32.0-0.0.pre. Try replacing the use of the deprecated member with the replacement • lib/widgets/saved_food/duplicate_saved_food_dialog.dart:88:15 • deprecated_member_use
2026-09-27T12:04:58.7647594Z    info • 'onChanged' is deprecated and shouldn't be used. Use RadioGroup to handle value change instead. This feature was deprecated after v3.32.0-0.0.pre. Try replacing the use of the deprecated member with the replacement • lib/widgets/saved_food/duplicate_saved_food_dialog.dart:89:15 • deprecated_member_use
2026-09-27T12:04:58.7651660Z    info • 'groupValue' is deprecated and shouldn't be used. Use a RadioGroup ancestor to manage group value instead. This feature was deprecated after v3.32.0-0.0.pre. Try replacing the use of the deprecated member with the replacement • lib/widgets/saved_food/duplicate_saved_food_dialog.dart:95:15 • deprecated_member_use
2026-09-27T12:04:58.7655766Z    info • 'onChanged' is deprecated and shouldn't be used. Use RadioGroup to handle value change instead. This feature was deprecated after v3.32.0-0.0.pre. Try replacing the use of the deprecated member with the replacement • lib/widgets/saved_food/duplicate_saved_food_dialog.dart:96:15 • deprecated_member_use
2026-09-27T12:04:58.7659764Z    info • 'groupValue' is deprecated and shouldn't be used. Use a RadioGroup ancestor to manage group value instead. This feature was deprecated after v3.32.0-0.0.pre. Try replacing the use of the deprecated member with the replacement • lib/widgets/saved_food/duplicate_saved_food_dialog.dart:101:15 • deprecated_member_use
2026-09-27T12:04:58.7663886Z    info • 'onChanged' is deprecated and shouldn't be used. Use RadioGroup to handle value change instead. This feature was deprecated after v3.32.0-0.0.pre. Try replacing the use of the deprecated member with the replacement • lib/widgets/saved_food/duplicate_saved_food_dialog.dart:102:15 • deprecated_member_use
2026-09-27T12:04:58.7667837Z    info • 'groupValue' is deprecated and shouldn't be used. Use a RadioGroup ancestor to manage group value instead. This feature was deprecated after v3.32.0-0.0.pre. Try replacing the use of the deprecated member with the replacement • lib/widgets/saved_food/duplicate_saved_food_dialog.dart:121:15 • deprecated_member_use
2026-09-27T12:04:58.7671797Z    info • 'onChanged' is deprecated and shouldn't be used. Use RadioGroup to handle value change instead. This feature was deprecated after v3.32.0-0.0.pre. Try replacing the use of the deprecated member with the replacement • lib/widgets/saved_food/duplicate_saved_food_dialog.dart:122:15 • deprecated_member_use
2026-09-27T12:04:58.7674942Z warning • Unused import: '../../constants/app_strings.dart'. Try removing the import directive • lib/widgets/saved_food/public_food_detail_sheet.dart:7:8 • unused_import
2026-09-27T12:04:58.7677089Z warning • Unused import: '../../utils/nutrition_format.dart'. Try removing the import directive • lib/widgets/saved_food/public_food_detail_sheet.dart:8:8 • unused_import
2026-09-27T12:04:58.7679193Z warning • Unused import: '../../constants/app_strings.dart'. Try removing the import directive • lib/widgets/saved_food/public_food_match_card.dart:6:8 • unused_import
2026-09-27T12:04:58.7681265Z warning • Unused import: '../../utils/nutrition_format.dart'. Try removing the import directive • lib/widgets/saved_food/public_food_match_card.dart:7:8 • unused_import
2026-09-27T12:04:58.7683545Z warning • Unused import: '../../utils/nutrition_format.dart'. Try removing the import directive • lib/widgets/saved_food/saved_food_meal_quantity_sheet.dart:8:8 • unused_import
2026-09-27T12:04:58.7685716Z warning • Unused import: '../../utils/macro_display.dart'. Try removing the import directive • lib/widgets/saved_food/saved_food_meal_quantity_sheet.dart:9:8 • unused_import
2026-09-27T12:04:58.7687867Z warning • Unused import: '../../constants/app_strings.dart'. Try removing the import directive • lib/widgets/saved_food/saved_food_suggestion_list.dart:6:8 • unused_import
2026-09-27T12:04:58.7689974Z warning • Unused import: '../../utils/macro_display.dart'. Try removing the import directive • lib/widgets/saved_food/saved_food_suggestion_list.dart:7:8 • unused_import
2026-09-27T12:04:58.7692201Z warning • Unused import: '../../utils/nutrition_format.dart'. Try removing the import directive • lib/widgets/saved_food/saved_food_suggestion_list.dart:8:8 • unused_import
2026-09-27T12:04:58.7694932Z    info • The imported package 'web' isn't a dependency of the importing package. Try adding a dependency for 'web' in the 'pubspec.yaml' file • lib/widgets/startup/startup_error_app.dart:3:8 • depend_on_referenced_packages
2026-09-27T12:04:58.7697473Z warning • A value for optional parameter 'publicById' isn't ever given. Try removing the unused parameter • test/app_controller_public_search_test.dart:62:10 • unused_element_parameter
2026-09-27T12:04:58.7700256Z    info • Use an initializing formal to assign a parameter to a field. Try using an initialing formal ('this.copyResult') to initialize the field • test/app_controller_public_search_test.dart:64:8 • prefer_initializing_formals
2026-09-27T12:04:58.7702947Z warning • A value for optional parameter 'similar' isn't ever given. Try removing the unused parameter • test/app_controller_publish_test.dart:183:10 • unused_element_parameter
2026-09-27T12:04:58.7705193Z warning • Unused import: 'package:ayg/models/health_profile_data.dart'. Try removing the import directive • test/daily_calculation_consistency_test.dart:10:8 • unused_import
2026-09-27T12:04:58.7707308Z warning • Unused import: 'package:ayg/models/exercise_category.dart'. Try removing the import directive • test/food_form_suggestion_test.dart:1:8 • unused_import
2026-09-27T12:04:58.7709378Z warning • Unused import: 'package:ayg/models/food_visibility.dart'. Try removing the import directive • test/food_form_suggestion_test.dart:7:8 • unused_import
2026-09-27T12:04:58.7711398Z warning • Unused import: 'package:ayg/models/food_source_type.dart'. Try removing the import directive • test/food_form_suggestion_test.dart:8:8 • unused_import
2026-09-27T12:04:58.7714184Z    info • The imported package 'supabase' isn't a dependency of the importing package. Try adding a dependency for 'supabase' in the 'pubspec.yaml' file • test/goal_pace_sync_regression_test.dart:20:8 • depend_on_referenced_packages
2026-09-27T12:04:58.7717090Z    info • Use an initializing formal to assign a parameter to a field. Try using an initialing formal ('this._currentUser') to initialize the field • test/mocks/mock_authentication_repository.dart:8:7 • prefer_initializing_formals
2026-09-27T12:04:58.7719489Z warning • Unused import: 'package:ayg/models/food_entry.dart'. Try removing the import directive • test/saved_food_entry_builder_test.dart:1:8 • unused_import
2026-09-27T12:04:58.7722136Z    info • The imported package 'postgrest' isn't a dependency of the importing package. Try adding a dependency for 'postgrest' in the 'pubspec.yaml' file • test/saved_food_persistence_error_test.dart:3:8 • depend_on_referenced_packages
2026-09-27T12:04:58.7724700Z warning • The '!' will have no effect because the receiver can't be null. Try removing the '!' operator • test/saved_food_visibility_selector_test.dart:16:28 • unnecessary_non_null_assertion
2026-09-27T12:04:58.7727394Z    info • The imported package 'supabase' isn't a dependency of the importing package. Try adding a dependency for 'supabase' in the 'pubspec.yaml' file • test/supabase_alcohol_entry_integration_test.dart:21:8 • depend_on_referenced_packages
2026-09-27T12:04:58.7730457Z    info • The imported package 'supabase' isn't a dependency of the importing package. Try adding a dependency for 'supabase' in the 'pubspec.yaml' file • test/supabase_food_entry_delete_integration_test.dart:22:8 • depend_on_referenced_packages
2026-09-27T12:04:58.7733960Z    info • The import of 'dart:async' is unnecessary because all of the used elements are also provided by the import of 'package:flutter_test/flutter_test.dart'. Try removing the import directive • test/supabase_saved_food_repository_integration_test.dart:4:8 • unnecessary_import
2026-09-27T12:04:58.7737271Z    info • The imported package 'supabase' isn't a dependency of the importing package. Try adding a dependency for 'supabase' in the 'pubspec.yaml' file • test/supabase_saved_food_repository_integration_test.dart:16:8 • depend_on_referenced_packages
2026-09-27T12:04:58.7740375Z    info • The imported package 'postgrest' isn't a dependency of the importing package. Try adding a dependency for 'postgrest' in the 'pubspec.yaml' file • test/sync_failure_test.dart:3:8 • depend_on_referenced_packages
2026-09-27T12:04:58.7743304Z    info • The imported package 'postgrest' isn't a dependency of the importing package. Try adding a dependency for 'postgrest' in the 'pubspec.yaml' file • test/sync_step_runner_test.dart:6:8 • depend_on_referenced_packages
2026-09-27T12:04:58.7745770Z warning • Unused import: 'package:isar/isar.dart'. Try removing the import directive • test/workout_template_repository_test.dart:8:8 • unused_import
2026-09-27T12:04:58.7746732Z 
2026-09-27T12:04:58.7788475Z ##[group]Run flutter test
2026-09-27T12:04:58.7788946Z [36;1mflutter test[0m
2026-09-27T12:04:58.7871106Z shell: /usr/bin/bash -e {0}
2026-09-27T12:04:58.7871502Z env:
2026-09-27T12:04:58.7872184Z   FLUTTER_ROOT: /opt/hostedtoolcache/flutter/stable-3.47.5-x64/flutter
2026-09-27T12:04:58.7872930Z   PUB_CACHE: /home/runner/.pub-cache
2026-09-27T12:04:58.7873383Z ##[endgroup]
2026-09-27T12:04:58.9714964Z Resolving dependencies...
2026-09-27T12:04:59.1448597Z Downloading packages...
2026-09-27T12:04:59.1883858Z   _fe_analyzer_shared 61.0.0 (108.0.0 available)
2026-09-27T12:04:59.1884557Z   analyzer 5.13.0 (14.4.0 available)
2026-09-27T12:04:59.1885182Z   build 2.4.1 (4.0.11 available)
2026-09-27T12:04:59.1885819Z   build_config 1.1.2 (1.3.3 available)
2026-09-27T12:04:59.1886410Z   build_daemon 4.1.2 (4.1.6 available)
2026-09-27T12:04:59.1886991Z   build_resolvers 2.4.2 (3.0.4 available)
2026-09-27T12:04:59.1887567Z   build_runner 2.4.13 (2.16.1 available)
2026-09-27T12:04:59.1888191Z   build_runner_core 7.3.2 (9.3.2 available)
2026-09-27T12:04:59.1888735Z   built_value 8.12.6 (8.13.0 available)
2026-09-27T12:04:59.1889255Z   carp_serializable 2.0.1 (3.0.0 available)
2026-09-27T12:04:59.1889774Z   clock 1.1.2 (1.1.3 available)
2026-09-27T12:04:59.1890257Z   code_assets 1.2.1 (2.1.0 available)
2026-09-27T12:04:59.1890758Z   code_builder 4.11.1 (4.12.0 available)
2026-09-27T12:04:59.1891260Z   dart_style 2.3.2 (3.1.13 available)
2026-09-27T12:04:59.1891776Z   device_info_plus 12.4.0 (13.2.0 available)
2026-09-27T12:04:59.1892736Z   device_info_plus_platform_interface 7.0.3 (8.1.0 available)
2026-09-27T12:04:59.1893403Z   functions_client 2.6.4 (2.7.1 available)
2026-09-27T12:04:59.1893965Z   glob 2.1.3 (2.2.0 available)
2026-09-27T12:04:59.1894463Z   google_sign_in 6.3.0 (7.2.0 available)
2026-09-27T12:04:59.1895027Z   google_sign_in_android 6.2.1 (7.2.17 available)
2026-09-27T12:04:59.1895619Z   google_sign_in_ios 5.9.0 (6.3.5 available)
2026-09-27T12:04:59.1896267Z   google_sign_in_platform_interface 2.5.0 (3.1.0 available)
2026-09-27T12:04:59.1896922Z   google_sign_in_web 0.12.4+4 (1.1.3 available)
2026-09-27T12:04:59.1897474Z   gotrue 2.26.0 (2.27.2 available)
2026-09-27T12:04:59.1897973Z   health 13.3.1 (13.3.2 available)
2026-09-27T12:04:59.1898467Z   hooks 2.0.2 (2.2.0 available)
2026-09-27T12:04:59.1898913Z   io 1.0.5 (1.1.0 available)
2026-09-27T12:04:59.1899371Z   jni 1.0.0 (1.0.3 available)
2026-09-27T12:04:59.1899834Z   jni_flutter 1.0.1 (1.0.3 available)
2026-09-27T12:04:59.1900330Z   js 0.6.7 (0.7.2 available)
2026-09-27T12:04:59.1900850Z   material_color_utilities 0.13.0 (0.13.1 available)
2026-09-27T12:04:59.1901385Z   mime 2.0.0 (2.1.0 available)
2026-09-27T12:04:59.1902202Z   mobile_scanner 7.4.0 (7.4.2 available)
2026-09-27T12:04:59.1902746Z   objective_c 9.4.1 (9.6.0 available)
2026-09-27T12:04:59.1903351Z   package_config 2.2.0 (3.0.0 available)
2026-09-27T12:04:59.1903941Z   passkeys_platform_interface 2.9.0 (2.10.0 available)
2026-09-27T12:04:59.1904551Z   petitparser 7.0.2 (7.1.0 available)
2026-09-27T12:04:59.1905071Z   platform 3.1.6 (3.2.0 available)
2026-09-27T12:04:59.1905558Z   pool 1.5.2 (1.5.3 available)
2026-09-27T12:04:59.1906035Z   postgrest 2.8.0 (2.9.1 available)
2026-09-27T12:04:59.1907026Z   process 5.0.5 (5.0.6 available)
2026-09-27T12:04:59.1907469Z   pub_semver 2.2.0 (2.2.1 available)
2026-09-27T12:04:59.1907846Z   pubspec_parse 1.5.0 (1.6.0 available)
2026-09-27T12:04:59.1908148Z   realtime_client 2.11.0 (2.13.0 available)
2026-09-27T12:04:59.1908438Z   record_use 0.6.0 (1.1.1 available)
2026-09-27T12:04:59.1908754Z   shared_preferences_android 2.4.27 (2.4.28 available)
2026-09-27T12:04:59.1909120Z   shared_preferences_foundation 2.5.6 (2.5.7 available)
2026-09-27T12:04:59.1909452Z   shelf_web_socket 2.0.1 (3.0.0 available)
2026-09-27T12:04:59.1909739Z   source_gen 1.5.0 (4.3.0 available)
2026-09-27T12:04:59.1910008Z   stack_trace 1.12.1 (1.12.2 available)
2026-09-27T12:04:59.1910287Z   storage_client 2.6.0 (2.8.0 available)
2026-09-27T12:04:59.1910779Z   stream_transform 2.1.1 (2.1.2 available)
2026-09-27T12:04:59.1911078Z   supabase 2.14.0 (2.16.1 available)
2026-09-27T12:04:59.1911369Z   supabase_flutter 2.16.0 (2.17.2 available)
2026-09-27T12:04:59.1911660Z   test_api 0.7.12 (0.7.14 available)
2026-09-27T12:04:59.1912235Z   url_launcher_android 6.3.32 (6.3.33 available)
2026-09-27T12:04:59.1912560Z   url_launcher_ios 6.4.1 (6.4.2 available)
2026-09-27T12:04:59.1912856Z   url_launcher_linux 3.2.2 (3.2.3 available)
2026-09-27T12:04:59.1913157Z   url_launcher_macos 3.2.5 (3.2.6 available)
2026-09-27T12:04:59.1913457Z   url_launcher_windows 3.1.5 (3.1.6 available)
2026-09-27T12:04:59.1913756Z   vector_graphics 1.2.2 (1.2.3 available)
2026-09-27T12:04:59.1914074Z   vector_graphics_compiler 1.2.6 (1.3.0 available)
2026-09-27T12:04:59.1914399Z   vm_service 15.2.0 (15.3.0 available)
2026-09-27T12:04:59.1914669Z   webdriver 3.1.0 (3.2.0 available)
2026-09-27T12:04:59.1914936Z   win32 5.15.0 (6.4.0 available)
2026-09-27T12:04:59.1915197Z   win32_registry 2.1.0 (3.0.3 available)
2026-09-27T12:04:59.1915474Z   yaml 3.1.3 (3.1.4 available)
2026-09-27T12:04:59.1915720Z Got dependencies!
2026-09-27T12:04:59.1916056Z 67 packages have newer versions incompatible with dependency constraints.
2026-09-27T12:04:59.1916503Z Try `flutter pub outdated` for more information.
2026-09-27T12:05:01.2234279Z 
2026-09-27T12:05:10.2076003Z ##[group]✅ Passing tests
2026-09-27T12:05:10.2077173Z ✅ /home/runner/work/AYG/AYG/test/weight_trend_suggestion_service_test.dart: WeightTrendSuggestionService returns null for maintain goal
2026-09-27T12:05:10.2147546Z ✅ /home/runner/work/AYG/AYG/test/weight_trend_suggestion_service_test.dart: WeightTrendSuggestionService suggests review when lose goal but weight increased
2026-09-27T12:05:11.3591046Z ✅ /home/runner/work/AYG/AYG/test/user_facing_error_test.dart: user-facing errors do not include exception text
2026-09-27T12:05:12.4531226Z ✅ /home/runner/work/AYG/AYG/test/health_repository_test.dart: MockHealthRepository available requests permissions and fetches profile data
2026-09-27T12:05:12.4624304Z ✅ /home/runner/work/AYG/AYG/test/health_repository_test.dart: MockHealthRepository available persists fetched weight and workouts locally
2026-09-27T12:05:12.4656288Z ✅ /home/runner/work/AYG/AYG/test/health_repository_test.dart: MockHealthRepository available prefers health weight over manual weight when sync is on
2026-09-27T12:05:12.4729991Z ✅ /home/runner/work/AYG/AYG/test/health_repository_test.dart: MockHealthRepository available AppController applies health data and stores workouts
2026-09-27T12:05:12.4753090Z ✅ /home/runner/work/AYG/AYG/test/health_repository_test.dart: MockHealthRepository unavailable returns empty profile when permissions denied
2026-09-27T12:05:12.5611242Z ✅ /home/runner/work/AYG/AYG/test/health_repository_test.dart: MockHealthRepository unavailable UnsupportedHealthRepository is not available on web-like env
2026-09-27T12:05:12.5645971Z ✅ /home/runner/work/AYG/AYG/test/health_repository_test.dart: MockHealthRepository unavailable manual weight is used when health sync is off
2026-09-27T12:05:12.5862678Z ##[endgroup]
2026-09-27T12:05:12.5863740Z ##[group]⏭️ Skipped tests
2026-09-27T12:05:12.5865277Z ⏭️ /home/runner/work/AYG/AYG/test/supabase_hardening_migration_live_test.dart: Supabase hardening migration live validation grants and policies after full db reset (skipped)
2026-09-27T12:05:12.5867083Z Local Supabase not available
2026-09-27T12:05:12.5893912Z ⏭️ /home/runner/work/AYG/AYG/test/supabase_hardening_migration_live_test.dart: Supabase hardening migration live validation anon can read public saved_foods; authenticated CRUD own row (skipped)
2026-09-27T12:05:12.5895376Z Local Supabase not available
2026-09-27T12:05:12.5920216Z ⏭️ /home/runner/work/AYG/AYG/test/supabase_hardening_migration_live_test.dart: Supabase hardening migration live validation blocked_food_creators: anon has no table grant; block hides public food (skipped)
2026-09-27T12:05:12.5921786Z Local Supabase not available
2026-09-27T12:05:15.8919898Z ##[endgroup]
2026-09-27T12:05:15.8927219Z ##[group]✅ Passing tests
2026-09-27T12:05:15.8928522Z ✅ /home/runner/work/AYG/AYG/test/splash_screen_test.dart: 開始時は点が画面外にあり、文字も出ていない
2026-09-27T12:05:15.9475539Z ✅ /home/runner/work/AYG/AYG/test/splash_screen_test.dart: 文字は1文字ずつ順に現れる
2026-09-27T12:05:15.9889299Z ✅ /home/runner/work/AYG/AYG/test/splash_screen_test.dart: 点は落下し、つぶれ、跳ねる（Figma の実測値どおり）
2026-09-27T12:05:16.0294728Z ✅ /home/runner/work/AYG/AYG/test/splash_screen_test.dart: 390x844 で画面を埋めきる
2026-09-27T12:05:16.0636819Z ✅ /home/runner/work/AYG/AYG/test/splash_screen_test.dart: 440x956 で画面を埋めきる
2026-09-27T12:05:16.0989027Z ✅ /home/runner/work/AYG/AYG/test/splash_screen_test.dart: 320x568 で画面を埋めきる
2026-09-27T12:05:16.1301048Z ✅ /home/runner/work/AYG/AYG/test/splash_screen_test.dart: 1032x1376 で画面を埋めきる
2026-09-27T12:05:16.1574932Z ✅ /home/runner/work/AYG/AYG/test/splash_screen_test.dart: 1280x800 で画面を埋めきる
2026-09-27T12:05:16.1683808Z ✅ /home/runner/work/AYG/AYG/test/daily_calculation_consistency_test.dart: home and explanation screen show identical remaining and PFC
2026-09-27T12:05:16.1718144Z ✅ /home/runner/work/AYG/AYG/test/daily_calculation_consistency_test.dart: summary breakdown objects stay consistent for PFC display
2026-09-27T12:05:16.1913863Z ✅ /home/runner/work/AYG/AYG/test/splash_screen_test.dart: 2.92秒で終了を通知する
2026-09-27T12:05:16.8034445Z ✅ /home/runner/work/AYG/AYG/test/goal_validation_warnings_test.dart: collectGoalWarnings warns when lose goal is above current weight
2026-09-27T12:05:16.8061001Z ✅ /home/runner/work/AYG/AYG/test/goal_validation_warnings_test.dart: collectGoalWarnings warns when gain goal is below current weight
2026-09-27T12:05:16.8084486Z ✅ /home/runner/work/AYG/AYG/test/goal_validation_warnings_test.dart: collectGoalWarnings warns for short target period
2026-09-27T12:05:17.5463396Z ✅ /home/runner/work/AYG/AYG/test/saved_food_base_serving_format_test.dart: SavedFoodBaseServingFormat formats integer quantity without decimal point
2026-09-27T12:05:17.5499898Z ✅ /home/runner/work/AYG/AYG/test/saved_food_base_serving_format_test.dart: SavedFoodBaseServingFormat shows unset label for legacy foods
2026-09-27T12:05:17.5526918Z ✅ /home/runner/work/AYG/AYG/test/saved_food_base_serving_format_test.dart: SavedFoodBaseServingFormat formats per serving label
2026-09-27T12:05:17.5561648Z ✅ /home/runner/work/AYG/AYG/test/saved_food_base_serving_format_test.dart: SavedFoodEntryBuilder scaled nutrients scales nutrients by consumed / base ratio
2026-09-27T12:05:17.6683069Z ✅ /home/runner/work/AYG/AYG/test/saved_food_visibility_selector_test.dart: SavedFoodVisibilitySelector defaults to private
2026-09-27T12:05:18.3025413Z ✅ /home/runner/work/AYG/AYG/test/app_controller_saved_food_test.dart: AppController saved food createSavedFood saves private food locally
2026-09-27T12:05:18.3265872Z ✅ /home/runner/work/AYG/AYG/test/app_controller_saved_food_test.dart: AppController saved food searchOwnSavedFoods excludes deleted foods
2026-09-27T12:05:18.3615528Z ✅ /home/runner/work/AYG/AYG/test/app_controller_saved_food_test.dart: AppController saved food saveFoodEntryWithOptionalSavedFood links existing duplicate
2026-09-27T12:05:18.3829091Z ##[endgroup]
2026-09-27T12:05:18.3831243Z ##[group]✅ /home/runner/work/AYG/AYG/test/app_controller_saved_food_test.dart: AppController saved food saveFoodEntryWithOptionalSavedFood keeps entry when saved food fails
2026-09-27T12:05:18.3833852Z [AYG SavedFood] saveFoodEntryWithOptionalSavedFood: Bad state: SavedFoodRepository is not configured
2026-09-27T12:05:18.3835473Z ##[endgroup]
2026-09-27T12:05:18.4013204Z ##[group]✅ Passing tests
2026-09-27T12:05:18.4014981Z ✅ /home/runner/work/AYG/AYG/test/app_controller_saved_food_test.dart: AppController saved food updating saved food does not mutate past food entries
2026-09-27T12:05:18.4230088Z ✅ /home/runner/work/AYG/AYG/test/app_controller_saved_food_test.dart: AppController saved food deleteFood recalculates daily totals for saved-food entry
2026-09-27T12:05:19.0815704Z ✅ /home/runner/work/AYG/AYG/test/account_deletion_migration_test.dart: already-applied delete_own_account migration is unchanged
2026-09-27T12:05:19.0842908Z ✅ /home/runner/work/AYG/AYG/test/account_deletion_migration_test.dart: follow-up migration adds owner_deleted idempotently
2026-09-27T12:05:19.0872730Z ✅ /home/runner/work/AYG/AYG/test/account_deletion_migration_test.dart: session revoke sits outside the auth.users exception handler
2026-09-27T12:05:19.0895983Z ✅ /home/runner/work/AYG/AYG/test/account_deletion_migration_test.dart: authenticated cannot update owner_deleted
2026-09-27T12:05:19.0919802Z ✅ /home/runner/work/AYG/AYG/test/account_deletion_migration_test.dart: owner_deleted trigger is not security definer
2026-09-27T12:05:19.0943833Z ✅ /home/runner/work/AYG/AYG/test/account_deletion_migration_test.dart: delete_own_account uses an empty search_path
2026-09-27T12:05:19.0978692Z ✅ /home/runner/work/AYG/AYG/test/account_deletion_migration_test.dart: down sql is outside supabase/migrations
2026-09-27T12:05:19.0999892Z ✅ /home/runner/work/AYG/AYG/test/account_deletion_migration_test.dart: account deletion deletes subscription_events in a later migration
2026-09-27T12:05:19.6463812Z ✅ /home/runner/work/AYG/AYG/test/id_generator_test.dart: generateUniqueId returns distinct UUID v4 values in rapid succession
2026-09-27T12:05:20.1124209Z ✅ /home/runner/work/AYG/AYG/test/macro_nutrition_auto_fill_widget_test.dart: FoodFormScreen macro auto-fill case1: P F C -> kcal 165 without save
2026-09-27T12:05:20.4519214Z ✅ /home/runner/work/AYG/AYG/test/macro_nutrition_auto_fill_widget_test.dart: FoodFormScreen macro auto-fill case2: kcal F C -> P 12.0
2026-09-27T12:05:20.4836515Z ✅ /home/runner/work/AYG/AYG/test/workout_template_repository_test.dart: WorkoutTemplateRepository saves template with ordered items
2026-09-27T12:05:20.5123904Z ✅ /home/runner/work/AYG/AYG/test/workout_template_repository_test.dart: WorkoutTemplateRepository persists after Isar close and reopen
2026-09-27T12:05:20.5340542Z ✅ /home/runner/work/AYG/AYG/test/workout_template_repository_test.dart: WorkoutTemplateRepository reassignOwnerUserId migrates templates and items
2026-09-27T12:05:20.5564437Z ✅ /home/runner/work/AYG/AYG/test/workout_template_repository_test.dart: WorkoutTemplateRepository clearForOwner removes only matching owner
2026-09-27T12:05:20.8446693Z ✅ /home/runner/work/AYG/AYG/test/macro_nutrition_auto_fill_widget_test.dart: FoodFormScreen macro auto-fill case3: kcal P C -> F 4.4
2026-09-27T12:05:21.1964168Z ✅ /home/runner/work/AYG/AYG/test/macro_nutrition_auto_fill_widget_test.dart: FoodFormScreen macro auto-fill case4: kcal P F -> C 12.0
2026-09-27T12:05:21.4465708Z ✅ /home/runner/work/AYG/AYG/test/macro_nutrition_auto_fill_widget_test.dart: FoodFormScreen macro auto-fill two values do not auto-fill third
2026-09-27T12:05:21.7204520Z ✅ /home/runner/work/AYG/AYG/test/macro_nutrition_auto_fill_widget_test.dart: FoodFormScreen macro auto-fill order C P F auto-fills kcal
2026-09-27T12:05:21.9849013Z ✅ /home/runner/work/AYG/AYG/test/macro_nutrition_auto_fill_widget_test.dart: FoodFormScreen macro auto-fill order kcal C F auto-fills P
2026-09-27T12:05:22.2454142Z ✅ /home/runner/work/AYG/AYG/test/macro_nutrition_auto_fill_widget_test.dart: FoodFormScreen macro auto-fill order F kcal P auto-fills C
2026-09-27T12:05:22.2875015Z ✅ /home/runner/work/AYG/AYG/test/workout_history_list_test.dart: workout history list shows effective net kcal not gross
2026-09-27T12:05:22.3532473Z ✅ /home/runner/work/AYG/AYG/test/workout_history_list_test.dart: workout history list shows multi-exercise strength summary
2026-09-27T12:05:22.6761705Z ##[endgroup]
2026-09-27T12:05:22.6763724Z ##[group]✅ /home/runner/work/AYG/AYG/test/macro_nutrition_auto_fill_widget_test.dart: FoodFormScreen macro auto-fill empty kcal focus does not block auto-fill
2026-09-27T12:05:22.6764714Z 
2026-09-27T12:05:22.6765098Z Warning: A call to tap() with finder "Found 1 widget with key [<'macro_field_kcal'>]: [
2026-09-27T12:05:22.6772102Z   TextField-[<'macro_field_kcal'>](controller: TextEditingController#2f175(TextEditingValue(text: ┤├, selection: TextSelection.invalid, composing: TextRange(start: -1, end: -1))), decoration: InputDecoration(hintText: "0", isDense: true, contentPadding: EdgeInsets.zero, focusedBorder: _NoInputBorder(), disabledBorder: _NoInputBorder(), enabledBorder: _NoInputBorder(), border: _NoInputBorder()), keyboardType: TextInputType(name: TextInputType.number, signed: false, decimal: true), style: TextStyle(inherit: true, color: Color(alpha: 1.0000, red: 0.0784, green: 0.3216, blue: 0.1843, colorSpace: ColorSpace.sRGB), size: 15.0, weight: 400, height: 1.7x), dependencies: [DefaultSelectionStyle, InheritedCupertinoTheme, MediaQuery, UnmanagedRestorationScope, _InheritedTheme, _LocalizationsScope-[GlobalKey#97764]], state: _TextFieldState#13140),
2026-09-27T12:05:22.6777595Z ]" derived an Offset (Offset(173.1, 513.0)) that would not hit test on the specified widget.
2026-09-27T12:05:22.6778774Z Maybe the widget is actually off-screen, or another widget is obscuring it, or the widget cannot receive pointer events.
2026-09-27T12:05:22.6780000Z The finder corresponds to this RenderBox: RenderMouseRegion#07f1d relayoutBoundary=up29
2026-09-27T12:05:22.6815358Z The hit test result at that offset is: HitTestResult(RenderDecoratedBox#1e865@Offset(27.8, 12.0), RenderConstrainedBox#e020e@Offset(27.8, 12.0), RenderPointerListener#f81cf@Offset(27.8, 12.0), RenderSemanticsAnnotations#5d1a8@Offset(27.8, 12.0), RenderMouseRegion#bd37a@Offset(27.8, 12.0), RenderSemanticsAnnotations#d82db@Offset(27.8, 12.0), _RenderInkFeatures#100e3@Offset(27.8, 12.0), RenderCustomPaint#62d6b@Offset(27.8, 12.0), RenderPhysicalShape#b8d51@Offset(27.8, 12.0), RenderOpacity#fb399@Offset(27.8, 12.0), RenderPadding#6e11e@Offset(43.8, 18.0), RenderFlex#17f5e@Offset(43.8, 342.0), RenderConstrainedBox#970ee@Offset(43.8, 342.0), RenderFittedBox#b6880@Offset(65.6, 513.0), RenderConstrainedBox#00fa7@Offset(65.6, 513.0), RenderPositionedBox#84573@Offset(173.1, 513.0), RenderStack#ce9fc@Offset(173.1, 513.0), _RenderLayoutBuilder#f124d@Offset(173.1, 513.0), _RenderInkFeatures#9937b@Offset(173.1, 513.0), RenderPhysicalModel#823fe@Offset(173.1, 513.0), RenderCustomMultiChildLayoutBox#3e27f@Offset(173.1, 513.0), _RenderInkFeatures#8b82c@Offset(173.1, 513.0), RenderPhysicalModel#6227b@Offset(173.1, 513.0), RenderSemanticsAnnotations#dfa1e@Offset(173.1, 513.0), RenderRepaintBoundary#d649a@Offset(173.1, 513.0), RenderIgnorePointer#e99a1@Offset(173.1, 513.0), RenderAnimatedOpacity#83e9a@Offset(173.1, 513.0), RenderAnimatedOpacity#80aa8@Offset(173.1, 513.0), _RenderColoredBox#056ab@Offset(173.1, 513.0), RenderAnimatedOpacity#eb133@Offset(173.1, 513.0), RenderIgnorePointer#422a0@Offset(173.1, 513.0), RenderAnimatedOpacity#4e8d7@Offset(173.1, 513.0), RenderRepaintBoundary#a66c8@Offset(173.1, 513.0), RenderSemanticsAnnotations#03d1f@Offset(173.1, 513.0), RenderOffstage#041c0@Offset(173.1, 513.0), RenderSemanticsAnnotations#fe0fa@Offset(173.1, 513.0), _RenderTheater#0d60a@Offset(173.1, 513.0), RenderAbsorbPointer#1b69a@Offset(173.1, 513.0), RenderPointerListener#bf82a@Offset(173.1, 513.0), RenderSemanticsAnnotations#3d354@Offset(173.1, 513.0), RenderCustomPaint#6d97e@Offset(173.1, 513.0), RenderSemanticsAnnotations#c0775@Offset(173.1, 513.0), RenderSemanticsAnnotations#f3b2f@Offset(173.1, 513.0), RenderSemanticsAnnotations#0b7ae@Offset(173.1, 513.0), RenderTapRegionSurface#7cad3@Offset(173.1, 513.0), RenderSemanticsAnnotations#c659d@Offset(173.1, 513.0), RenderSemanticsAnnotations#ad720@Offset(173.1, 513.0), HitTestEntry<HitTestTarget>#7002e(_ReusableRenderView#236a9), HitTestEntry<HitTestTarget>#14ca9(<AutomatedTestWidgetsFlutterBinding>))
2026-09-27T12:05:22.6830970Z #0      WidgetController._getElementPoint (package:flutter_test/src/controller.dart:2165:25)
2026-09-27T12:05:22.6833739Z #1      WidgetController.getCenter (package:flutter_test/src/controller.dart:1947:12)
2026-09-27T12:05:22.6834756Z #2      WidgetController.tap (package:flutter_test/src/controller.dart:1080:7)
2026-09-27T12:05:22.6835805Z #3      tapMacroField (file:///home/runner/work/AYG/AYG/test/macro_nutrition_test_helpers.dart:91:16)
2026-09-27T12:05:22.6837420Z #4      main.<anonymous closure>.<anonymous closure> (file:///home/runner/work/AYG/AYG/test/macro_nutrition_auto_fill_widget_test.dart:109:13)
2026-09-27T12:05:22.6838495Z <asynchronous suspension>
2026-09-27T12:05:22.6839326Z #5      testWidgets.<anonymous closure>.<anonymous closure> (package:flutter_test/src/widget_tester.dart:192:15)
2026-09-27T12:05:22.6840213Z <asynchronous suspension>
2026-09-27T12:05:22.6840946Z #6      TestWidgetsFlutterBinding._runTestBody (package:flutter_test/src/binding.dart:1953:5)
2026-09-27T12:05:22.6841747Z <asynchronous suspension>
2026-09-27T12:05:22.6842960Z #7      StackZoneSpecification._registerCallback.<anonymous closure> (package:stack_trace/src/stack_zone_specification.dart:114:42)
2026-09-27T12:05:22.6844471Z <asynchronous suspension>
2026-09-27T12:05:22.6845022Z To silence this warning, pass "warnIfMissed: false" to "tap()".
2026-09-27T12:05:22.6846143Z To make this warning fatal, set WidgetController.hitTestWarningShouldBeFatal to true.
2026-09-27T12:05:22.6846778Z 
2026-09-27T12:05:22.6847209Z ##[endgroup]
2026-09-27T12:05:22.9991179Z ##[group]✅ Passing tests
2026-09-27T12:05:23.0007190Z ✅ /home/runner/work/AYG/AYG/test/macro_nutrition_auto_fill_widget_test.dart: FoodFormScreen macro auto-fill deleting field clears stale auto and recalculates
2026-09-27T12:05:23.1394654Z ✅ /home/runner/work/AYG/AYG/test/open_food_facts_service_test.dart: OpenFoodFactsService.parseProductResponse parses available fields from v3 response
2026-09-27T12:05:23.1445956Z ✅ /home/runner/work/AYG/AYG/test/open_food_facts_service_test.dart: OpenFoodFactsService.parseProductResponse returns null when product is missing
2026-09-27T12:05:23.1457695Z ✅ /home/runner/work/AYG/AYG/test/open_food_facts_service_test.dart: OpenFoodFactsService.parseProductResponse leaves missing nutrients as null
2026-09-27T12:05:23.1505562Z ✅ /home/runner/work/AYG/AYG/test/open_food_facts_service_test.dart: OpenFoodFactsService configuration returns configurationError when User-Agent contains placeholder
2026-09-27T12:05:23.1544339Z ✅ /home/runner/work/AYG/AYG/test/open_food_facts_service_test.dart: OpenFoodFactsService configuration reports contact as not configured without dart-define
2026-09-27T12:05:23.2460235Z ✅ /home/runner/work/AYG/AYG/test/macro_nutrition_auto_fill_widget_test.dart: FoodFormScreen macro auto-fill partial decimal 12. does not auto-fill
2026-09-27T12:05:23.5186432Z ✅ /home/runner/work/AYG/AYG/test/macro_nutrition_auto_fill_widget_test.dart: FoodFormScreen macro auto-fill zero is valid for auto calculation
2026-09-27T12:05:23.6814507Z ✅ /home/runner/work/AYG/AYG/test/macro_nutrition_auto_fill_widget_test.dart: SavedFoodFormScreen macro auto-fill case1: P F C -> kcal 165
2026-09-27T12:05:23.7983214Z ✅ /home/runner/work/AYG/AYG/test/source_food_edit_policy_test.dart: SourceFoodEditPolicy quantity-only change does not affect source food
2026-09-27T12:05:23.8020686Z ✅ /home/runner/work/AYG/AYG/test/source_food_edit_policy_test.dart: SourceFoodEditPolicy kcal per base change affects source food
2026-09-27T12:05:23.8101737Z ✅ /home/runner/work/AYG/AYG/test/source_food_edit_policy_test.dart: Alcohol edit recalculation 20mL to 500mL recalculates when total calories not manual
2026-09-27T12:05:23.8140949Z ✅ /home/runner/work/AYG/AYG/test/source_food_edit_policy_test.dart: Alcohol edit recalculation stale manual total is ignored when not manually edited flag
2026-09-27T12:05:23.8755739Z ✅ /home/runner/work/AYG/AYG/test/macro_nutrition_auto_fill_widget_test.dart: SavedFoodFormScreen macro auto-fill case2: kcal F C -> P 12.0
2026-09-27T12:05:24.0880130Z ✅ /home/runner/work/AYG/AYG/test/macro_nutrition_auto_fill_widget_test.dart: SavedFoodFormScreen macro auto-fill case3: kcal P C -> F 4.4
2026-09-27T12:05:24.3138194Z ✅ /home/runner/work/AYG/AYG/test/macro_nutrition_auto_fill_widget_test.dart: SavedFoodFormScreen macro auto-fill case4: kcal P F -> C 12.0
2026-09-27T12:05:24.6330624Z ##[endgroup]
2026-09-27T12:05:24.6332446Z ##[group]⏭️ Skipped tests
2026-09-27T12:05:24.6334412Z ⏭️ /home/runner/work/AYG/AYG/test/supabase_alcohol_entry_integration_test.dart: alcohol_entries integration CRUD with RLS isolation (skipped)
2026-09-27T12:05:24.6335921Z Local Supabase not available at http://127.0.0.1:54321
2026-09-27T12:05:24.6375160Z ⏭️ /home/runner/work/AYG/AYG/test/supabase_alcohol_entry_integration_test.dart: alcohol_entries integration AppController deleteAlcohol deletes locally and remotely without resurrection (skipped)
2026-09-27T12:05:24.6376104Z Local Supabase not available at http://127.0.0.1:54321
2026-09-27T12:05:24.6404835Z ⏭️ /home/runner/work/AYG/AYG/test/supabase_alcohol_entry_integration_test.dart: alcohol_entries integration AppController deleteAlcohol keeps local entry when remote delete finds no row (skipped)
2026-09-27T12:05:24.6406159Z Local Supabase not available at http://127.0.0.1:54321
2026-09-27T12:05:24.9283967Z ##[endgroup]
2026-09-27T12:05:24.9285366Z ##[group]✅ Passing tests
2026-09-27T12:05:24.9287031Z ✅ /home/runner/work/AYG/AYG/test/macro_nutrition_consistency_policy_test.dart: MacroNutritionConsistencyPolicy manual uses manual mode
2026-09-27T12:05:24.9311238Z ✅ /home/runner/work/AYG/AYG/test/macro_nutrition_consistency_policy_test.dart: MacroNutritionConsistencyPolicy openFoodFacts uses preserveExternal mode
2026-09-27T12:05:24.9340230Z ✅ /home/runner/work/AYG/AYG/test/macro_nutrition_consistency_policy_test.dart: MacroNutritionConsistencyPolicy savedFood and template use preserveExternal mode
2026-09-27T12:05:24.9366150Z ✅ /home/runner/work/AYG/AYG/test/macro_nutrition_consistency_policy_test.dart: MacroNutritionConsistencyPolicy resolveSaveSourceType keeps source when not edited
2026-09-27T12:05:24.9390557Z ✅ /home/runner/work/AYG/AYG/test/macro_nutrition_consistency_policy_test.dart: MacroNutritionConsistencyPolicy resolveSaveSourceType switches to manual when edited
2026-09-27T12:05:25.6803242Z ✅ /home/runner/work/AYG/AYG/test/nutrition_format_test.dart: normalizeEan13Barcode returns 13-digit code when input is valid EAN-13
2026-09-27T12:05:25.6837705Z ✅ /home/runner/work/AYG/AYG/test/nutrition_format_test.dart: normalizeEan13Barcode strips non-digit characters
2026-09-27T12:05:25.6862479Z ✅ /home/runner/work/AYG/AYG/test/nutrition_format_test.dart: normalizeEan13Barcode accepts UPC-A and EAN-8 as well as EAN-13
2026-09-27T12:05:25.6889035Z ✅ /home/runner/work/AYG/AYG/test/nutrition_format_test.dart: normalizeEan13Barcode returns null for non-barcode input
2026-09-27T12:05:25.6915178Z ✅ /home/runner/work/AYG/AYG/test/nutrition_format_test.dart: formatNullableNutrient returns -- for null
2026-09-27T12:05:25.6946982Z ✅ /home/runner/work/AYG/AYG/test/nutrition_format_test.dart: formatNullableNutrient formats numeric values
2026-09-27T12:05:25.7023966Z ✅ /home/runner/work/AYG/AYG/test/nutrition_format_test.dart: FoodEntry nullable nutrition totals treat null per-unit values as zero
2026-09-27T12:05:25.7050265Z ✅ /home/runner/work/AYG/AYG/test/nutrition_format_test.dart: FoodEntry nullable nutrition totals multiply non-null per-unit values by quantity
2026-09-27T12:05:26.2468824Z ##[endgroup]
2026-09-27T12:05:26.2469528Z ##[group]⏭️ Skipped tests
2026-09-27T12:05:26.2470765Z ⏭️ /home/runner/work/AYG/AYG/test/supabase_migration_live_test.dart: Supabase migration live validation workout_templates migration applies with RLS and grants (skipped)
2026-09-27T12:05:26.2471823Z Local Supabase not available
2026-09-27T12:05:26.2500661Z ⏭️ /home/runner/work/AYG/AYG/test/supabase_migration_live_test.dart: Supabase migration live validation exercise calculation columns migration is idempotent and nullable (skipped)
2026-09-27T12:05:26.2502512Z Local Supabase not available
2026-09-27T12:05:26.2530515Z ⏭️ /home/runner/work/AYG/AYG/test/supabase_migration_live_test.dart: Supabase migration live validation banned public food name function is installed (skipped)
2026-09-27T12:05:26.2532265Z Local Supabase not available
2026-09-27T12:05:26.2559864Z ⏭️ /home/runner/work/AYG/AYG/test/supabase_migration_live_test.dart: Supabase migration live validation subscription event counts are insert-only and reversible (skipped)
2026-09-27T12:05:26.2561151Z Local Supabase not available
2026-09-27T12:05:26.4661252Z ##[endgroup]
2026-09-27T12:05:26.4662931Z ##[group]✅ Passing tests
2026-09-27T12:05:26.4664538Z ✅ /home/runner/work/AYG/AYG/test/widget_test.dart: LoginScreen is shown when unauthenticated
2026-09-27T12:05:26.7057630Z ✅ /home/runner/work/AYG/AYG/test/widget_test.dart: Google login success navigates away from LoginScreen
2026-09-27T12:05:26.8019921Z ✅ /home/runner/work/AYG/AYG/test/widget_test.dart: Google login cancel does not show failure snackbar
2026-09-27T12:05:26.8697456Z ✅ /home/runner/work/AYG/AYG/test/widget_test.dart: Apple login success navigates away from LoginScreen
2026-09-27T12:05:26.9370140Z ✅ /home/runner/work/AYG/AYG/test/widget_test.dart: Apple login cancel does not show failure snackbar
2026-09-27T12:05:27.0363867Z ✅ /home/runner/work/AYG/AYG/test/widget_test.dart: Apple login failure shows snackbar
2026-09-27T12:05:27.1043288Z ✅ /home/runner/work/AYG/AYG/test/widget_test.dart: Google login failure shows snackbar
2026-09-27T12:05:27.5780045Z ✅ /home/runner/work/AYG/AYG/test/widget_test.dart: logout returns to LoginScreen
2026-09-27T12:05:27.5890944Z ✅ /home/runner/work/AYG/AYG/test/web_preview_notice_test.dart: full notice lists web-only gaps
2026-09-27T12:05:27.6245709Z ✅ /home/runner/work/AYG/AYG/test/web_preview_notice_test.dart: compact notice stays on one summary line
2026-09-27T12:05:27.8259703Z ✅ /home/runner/work/AYG/AYG/test/widget_test.dart: MainShell is shown when authenticated and onboarded
2026-09-27T12:05:27.9533725Z ✅ /home/runner/work/AYG/AYG/test/widget_test.dart: HomeScreen shows remaining kcal from NutritionEngine
2026-09-27T12:05:28.0459438Z ✅ /home/runner/work/AYG/AYG/test/widget_test.dart: HomeScreen shows -- for food entries with null nutrients
2026-09-27T12:05:28.3465757Z ✅ /home/runner/work/AYG/AYG/test/app_controller_public_search_test.dart: AppController public search searchPublicSavedFoods returns ranked matches
2026-09-27T12:05:28.3516821Z ✅ /home/runner/work/AYG/AYG/test/app_controller_public_search_test.dart: AppController public search search failure returns empty list without throwing
2026-09-27T12:05:28.3585905Z ✅ /home/runner/work/AYG/AYG/test/app_controller_public_search_test.dart: AppController public search copyPublicFoodToPrivate creates private copy
2026-09-27T12:05:28.3621107Z ✅ /home/runner/work/AYG/AYG/test/app_controller_public_search_test.dart: AppController public search selectSavedFoodForEntry includes version snapshot
2026-09-27T12:05:28.3646245Z ✅ /home/runner/work/AYG/AYG/test/app_controller_public_search_test.dart: AppController public search canEditSavedFood rejects other users food
2026-09-27T12:05:28.6639276Z ✅ /home/runner/work/AYG/AYG/test/history_calendar_markers_test.dart: buildHistoryDayMarkers marks food, exercise, alcohol independently
2026-09-27T12:05:28.9826593Z ✅ /home/runner/work/AYG/AYG/test/app_controller_public_food_moderation_test.dart: AppController public food moderation setPublicFoodGood rejects self rating
2026-09-27T12:05:28.9961327Z ✅ /home/runner/work/AYG/AYG/test/app_controller_public_food_moderation_test.dart: AppController public food moderation setPublicFoodGood and clear rating
2026-09-27T12:05:28.9977059Z ✅ /home/runner/work/AYG/AYG/test/app_controller_public_food_moderation_test.dart: AppController public food moderation setPublicFoodBad switches from good
2026-09-27T12:05:29.0019097Z ✅ /home/runner/work/AYG/AYG/test/app_controller_public_food_moderation_test.dart: AppController public food moderation duplicate in-flight rating rejected
2026-09-27T12:05:29.0047752Z ✅ /home/runner/work/AYG/AYG/test/app_controller_public_food_moderation_test.dart: AppController public food moderation submitPublicFoodReport rejects self report
2026-09-27T12:05:29.0102701Z ✅ /home/runner/work/AYG/AYG/test/app_controller_public_food_moderation_test.dart: AppController public food moderation submitPublicFoodReport rejects duplicate report
2026-09-27T12:05:29.0138247Z ✅ /home/runner/work/AYG/AYG/test/app_controller_public_food_moderation_test.dart: AppController public food moderation getMyPublicFoodReports returns only own reports
2026-09-27T12:05:29.0172011Z ✅ /home/runner/work/AYG/AYG/test/app_controller_public_food_moderation_test.dart: AppController public food moderation block and unblock creator
2026-09-27T12:05:29.0264381Z ✅ /home/runner/work/AYG/AYG/test/app_controller_public_food_moderation_test.dart: AppController public food moderation block self rejected
2026-09-27T12:05:29.5080568Z ✅ /home/runner/work/AYG/AYG/test/macro_label_display_test.dart: macro display labels formatters use formal Japanese macro names
2026-09-27T12:05:29.6000237Z ✅ /home/runner/work/AYG/AYG/test/nutrition_engine_test.dart: calculateBMR male uses Mifflin-St Jeor male formula
2026-09-27T12:05:29.6023384Z ✅ /home/runner/work/AYG/AYG/test/nutrition_engine_test.dart: calculateBMR female uses Mifflin-St Jeor female formula
2026-09-27T12:05:29.6047402Z ✅ /home/runner/work/AYG/AYG/test/nutrition_engine_test.dart: TDEE activity level applies factor to BMR
2026-09-27T12:05:29.6068956Z ✅ /home/runner/work/AYG/AYG/test/nutrition_engine_test.dart: TDEE health uses BMR plus active energy burned
2026-09-27T12:05:29.6105535Z ✅ /home/runner/work/AYG/AYG/test/nutrition_engine_test.dart: calculateTargetCalories lose subtracts daily adjustment
2026-09-27T12:05:29.6127185Z ✅ /home/runner/work/AYG/AYG/test/nutrition_engine_test.dart: calculateTargetCalories gain adds daily adjustment
2026-09-27T12:05:29.6149252Z ✅ /home/runner/work/AYG/AYG/test/nutrition_engine_test.dart: calculateTargetCalories maintain equals TDEE
2026-09-27T12:05:29.6171327Z ✅ /home/runner/work/AYG/AYG/test/nutrition_engine_test.dart: calculateTargetCalories past target date returns TDEE
2026-09-27T12:05:29.6196854Z ✅ /home/runner/work/AYG/AYG/test/nutrition_engine_test.dart: calculateDailyAdjustment uses 7200 kcal per kg over remaining days
2026-09-27T12:05:29.6235601Z ✅ /home/runner/work/AYG/AYG/test/nutrition_engine_test.dart: calculateTargetMacros lose uses ISSN-based protein and AMDR fat ratio
2026-09-27T12:05:29.6257121Z ✅ /home/runner/work/AYG/AYG/test/nutrition_engine_test.dart: calculateRemainingCalories remaining equals target minus food plus exercise
2026-09-27T12:05:29.6337970Z ✅ /home/runner/work/AYG/AYG/test/nutrition_engine_test.dart: calculateDailySummary health integration does not add active energy to food target
2026-09-27T12:05:29.6379692Z ✅ /home/runner/work/AYG/AYG/test/nutrition_engine_test.dart: calculateDailySummary activity level integration uses activity factor
2026-09-27T12:05:29.6417176Z ✅ /home/runner/work/AYG/AYG/test/nutrition_engine_test.dart: calculateDailySummary ignores entries outside reference local day
2026-09-27T12:05:29.6448651Z ✅ /home/runner/work/AYG/AYG/test/nutrition_engine_test.dart: calculateDailySummary adds alcohol total_calories only to intake kcal
2026-09-27T12:05:29.6489398Z ✅ /home/runner/work/AYG/AYG/test/nutrition_engine_test.dart: calculateDailySummary unchanged when alcohol entries empty
2026-09-27T12:05:30.4809102Z ✅ /home/runner/work/AYG/AYG/test/saved_food_publish_test.dart: SavedFoodPublishValidator accepts valid private manual food
2026-09-27T12:05:30.4954123Z ✅ /home/runner/work/AYG/AYG/test/macro_label_display_test.dart: macro display labels home shows formal macro labels
2026-09-27T12:05:30.4965273Z ✅ /home/runner/work/AYG/AYG/test/saved_food_publish_test.dart: SavedFoodPublishValidator rejects missing macros
2026-09-27T12:05:30.5071290Z ✅ /home/runner/work/AYG/AYG/test/saved_food_publish_test.dart: SavedFoodPublishValidator rejects inconsistent manual macros
2026-09-27T12:05:30.5160439Z ✅ /home/runner/work/AYG/AYG/test/saved_food_publish_test.dart: PublicFoodSimilarService detects same name different amount
2026-09-27T12:05:30.5192746Z ✅ /home/runner/work/AYG/AYG/test/saved_food_publish_test.dart: PublicFoodSimilarService ignores exact duplicate
2026-09-27T12:05:30.5220892Z ✅ /home/runner/work/AYG/AYG/test/saved_food_publish_test.dart: PublishErrorMessages maps duplicate to user message
2026-09-27T12:05:30.5242391Z ✅ /home/runner/work/AYG/AYG/test/saved_food_publish_test.dart: PublishErrorMessages maps rate limits
2026-09-27T12:05:30.6654159Z ✅ /home/runner/work/AYG/AYG/test/macro_label_display_test.dart: macro display labels food history shows formal macro labels
2026-09-27T12:05:30.7332145Z ✅ /home/runner/work/AYG/AYG/test/macro_label_display_test.dart: macro display labels public food match card shows formal macro labels
2026-09-27T12:05:31.1159992Z ✅ /home/runner/work/AYG/AYG/test/macro_label_display_test.dart: macro display labels quantity sheet shows formal macro labels
2026-09-27T12:05:31.2259523Z ✅ /home/runner/work/AYG/AYG/test/macro_label_display_test.dart: macro display labels publish confirmation shows formal macro labels
2026-09-27T12:05:31.2685718Z ##[endgroup]
2026-09-27T12:05:31.2688460Z ##[group]⏭️ Skipped tests
2026-09-27T12:05:31.2690329Z ⏭️ /home/runner/work/AYG/AYG/test/supabase_food_entry_delete_integration_test.dart: Supabase food entry delete integration deleteFoodEntry removes own row from Supabase (skipped)
2026-09-27T12:05:31.2692375Z Local Supabase not available at http://127.0.0.1:54321
2026-09-27T12:05:31.2702123Z ##[endgroup]
2026-09-27T12:05:31.2703422Z ##[group]✅ Passing tests
2026-09-27T12:05:31.2705070Z ✅ /home/runner/work/AYG/AYG/test/macro_label_display_test.dart: macro display labels compact macro display does not overflow on narrow width
2026-09-27T12:05:31.2723378Z ##[endgroup]
2026-09-27T12:05:31.2728570Z ##[group]⏭️ Skipped tests
2026-09-27T12:05:31.2730728Z ⏭️ /home/runner/work/AYG/AYG/test/supabase_food_entry_delete_integration_test.dart: Supabase food entry delete integration deleteFoodEntry throws when row is missing (skipped)
2026-09-27T12:05:31.2732649Z Local Supabase not available at http://127.0.0.1:54321
2026-09-27T12:05:31.2751006Z ##[endgroup]
2026-09-27T12:05:31.2757804Z ##[group]✅ Passing tests
2026-09-27T12:05:31.2759224Z ✅ /home/runner/work/AYG/AYG/test/macro_label_display_test.dart: macro display labels nutrition engine totals are unchanged after label update
2026-09-27T12:05:31.2761163Z ##[endgroup]
2026-09-27T12:05:31.2762504Z ##[group]⏭️ Skipped tests
2026-09-27T12:05:31.2764292Z ⏭️ /home/runner/work/AYG/AYG/test/supabase_food_entry_delete_integration_test.dart: Supabase food entry delete integration deleteFoodEntry throws for other users row (RLS) (skipped)
2026-09-27T12:05:31.2766212Z Local Supabase not available at http://127.0.0.1:54321
2026-09-27T12:05:31.2816418Z ⏭️ /home/runner/work/AYG/AYG/test/supabase_food_entry_delete_integration_test.dart: Supabase food entry delete integration AppController.deleteFood with Supabase deletes locally and stays deleted after remote pull (skipped)
2026-09-27T12:05:31.2818075Z Local Supabase not available at http://127.0.0.1:54321
2026-09-27T12:05:31.2843579Z ⏭️ /home/runner/work/AYG/AYG/test/supabase_food_entry_delete_integration_test.dart: Supabase food entry delete integration AppController.deleteFood with Supabase keeps local entry when remote delete finds no row (skipped)
2026-09-27T12:05:31.2845260Z Local Supabase not available at http://127.0.0.1:54321
2026-09-27T12:05:31.8740602Z ##[endgroup]
2026-09-27T12:05:31.8741568Z ##[group]✅ Passing tests
2026-09-27T12:05:31.8742694Z ✅ /home/runner/work/AYG/AYG/test/macro_nutrition_shared_usage_test.dart: Food form uses shared macro nutrition widgets and service
2026-09-27T12:05:33.1848127Z ✅ /home/runner/work/AYG/AYG/test/public_food_meal_add_flow_test.dart: PublicFoodMealAddFlow opens quantity sheet when baseServingDefined is true
2026-09-27T12:05:33.2918434Z ✅ /home/runner/work/AYG/AYG/test/public_food_meal_add_flow_test.dart: PublicFoodMealAddFlow shows blocked dialog when serving is undefined
2026-09-27T12:05:33.5101722Z ✅ /home/runner/work/AYG/AYG/test/public_food_meal_add_flow_test.dart: PublicFoodMealAddFlow detail sheet closes before opening quantity sheet
2026-09-27T12:05:33.6466978Z ✅ /home/runner/work/AYG/AYG/test/public_food_meal_add_flow_test.dart: PublicFoodMealAddFlow detail sheet returns food for blocked serving dialog flow
2026-09-27T12:05:33.8524491Z ✅ /home/runner/work/AYG/AYG/test/public_food_meal_add_flow_test.dart: PublicFoodMealAddFlow quantity change scales nutrients proportionally
2026-09-27T12:05:33.9094254Z ✅ /home/runner/work/AYG/AYG/test/exercise_met_calculation_section_test.dart: ExerciseMetCalculationSection strength training offers light moderate hard intensities
2026-09-27T12:05:33.9203833Z ✅ /home/runner/work/AYG/AYG/test/public_food_meal_add_flow_test.dart: PublicFoodMealAddFlow addMealEntryFromSavedFoodMaster creates one entry from public food
2026-09-27T12:05:34.0514622Z ✅ /home/runner/work/AYG/AYG/test/exercise_met_calculation_section_test.dart: ExerciseMetCalculationSection edit open alone does not change saved calculation values
2026-09-27T12:05:34.2888497Z ✅ /home/runner/work/AYG/AYG/test/exercise_met_calculation_section_test.dart: ExerciseMetCalculationSection changing duration or activity does not update values until recalculate
2026-09-27T12:05:34.5913553Z ✅ /home/runner/work/AYG/AYG/test/exercise_met_calculation_section_test.dart: ExerciseMetCalculationSection recalculate button updates gross net weight and version
2026-09-27T12:05:34.9274358Z ✅ /home/runner/work/AYG/AYG/test/exercise_met_calculation_section_test.dart: ExerciseMetCalculationSection manual override uses net kcal field
2026-09-27T12:05:35.2832858Z ✅ /home/runner/work/AYG/AYG/test/exercise_met_calculation_section_test.dart: ExerciseMetCalculationSection manual override OFF returns to automatic estimate
2026-09-27T12:05:35.4178369Z ✅ /home/runner/work/AYG/AYG/test/exercise_met_calculation_section_test.dart: ExerciseMetCalculationSection shows reason when no weight is available
2026-09-27T12:05:35.5501204Z ✅ /home/runner/work/AYG/AYG/test/exercise_met_calculation_section_test.dart: ExerciseMetCalculationSection does not reference future weight entries
2026-09-27T12:05:35.6447707Z ✅ /home/runner/work/AYG/AYG/test/publish_saved_food_confirmation_widget_test.dart: PublishSavedFoodConfirmationScreen publish button disabled until confirmation checked
2026-09-27T12:05:35.6701245Z ✅ /home/runner/work/AYG/AYG/test/exercise_met_calculation_section_test.dart: ExerciseMetCalculationSection other category offers light moderate hard intensities
2026-09-27T12:05:35.7592453Z ✅ /home/runner/work/AYG/AYG/test/publish_saved_food_confirmation_widget_test.dart: PublishSavedFoodConfirmationScreen duplicate blocks publish button
2026-09-27T12:05:35.7874981Z ✅ /home/runner/work/AYG/AYG/test/exercise_met_calculation_section_test.dart: ExerciseMetCalculationSection daily activity warns that PAL already includes housework
2026-09-27T12:05:35.8963926Z ✅ /home/runner/work/AYG/AYG/test/publish_saved_food_confirmation_widget_test.dart: PublishSavedFoodConfirmationScreen similar foods still allow publish after confirmation
2026-09-27T12:05:35.8990667Z ✅ /home/runner/work/AYG/AYG/test/exercise_met_calculation_section_test.dart: ExerciseMetCalculationSection yoga does not show housework PAL warning
2026-09-27T12:05:36.1057159Z ✅ /home/runner/work/AYG/AYG/test/exercise_met_calculation_section_test.dart: ExerciseMetCalculationSection walk commute choice zeros extra calories
2026-09-27T12:05:36.2131134Z ✅ /home/runner/work/AYG/AYG/test/exercise_met_calculation_section_test.dart: ExerciseMetCalculationSection main surface shows net only without gross or MET
2026-09-27T12:05:36.2937632Z ✅ /home/runner/work/AYG/AYG/test/publish_saved_food_confirmation_widget_test.dart: PublishSavedFoodConfirmationScreen RPC failure shows user message and keeps retry enabled
2026-09-27T12:05:36.3263361Z ✅ /home/runner/work/AYG/AYG/test/exercise_met_calculation_section_test.dart: ExerciseMetCalculationSection selecting an activity fills the display name
2026-09-27T12:05:36.6329224Z ✅ /home/runner/work/AYG/AYG/test/exercise_met_calculation_section_test.dart: ExerciseFormScreen MET edit persistence input changes do not persist exercise entry until save
2026-09-27T12:05:36.8136439Z ✅ /home/runner/work/AYG/AYG/test/exercise_met_calculation_section_test.dart: ExerciseFormScreen MET edit persistence add form hides template shortcuts and required gross kcal
2026-09-27T12:05:37.0027657Z ✅ /home/runner/work/AYG/AYG/test/macro_nutrition_input_controller_test.dart: MacroNutritionInputController manual mode initializeFromNullable does not auto-calculate missing field
2026-09-27T12:05:37.0128790Z ✅ /home/runner/work/AYG/AYG/test/macro_nutrition_input_controller_test.dart: MacroNutritionInputController manual mode auto-fills missing field when three values are valid
2026-09-27T12:05:37.0157677Z ✅ /home/runner/work/AYG/AYG/test/macro_nutrition_input_controller_test.dart: MacroNutritionInputController manual mode does not calculate with partial decimal input
2026-09-27T12:05:37.0206020Z ✅ /home/runner/work/AYG/AYG/test/macro_nutrition_input_controller_test.dart: MacroNutritionInputController manual mode does not auto-fill when result would be negative
2026-09-27T12:05:37.0241254Z ✅ /home/runner/work/AYG/AYG/test/macro_nutrition_input_controller_test.dart: MacroNutritionInputController manual mode reconciles oldest manual field when all four fields are valid
2026-09-27T12:05:37.0273005Z ✅ /home/runner/work/AYG/AYG/test/macro_nutrition_input_controller_test.dart: MacroNutritionInputController manual mode keeps manually edited auto field and recalculates another field
2026-09-27T12:05:37.0303378Z ✅ /home/runner/work/AYG/AYG/test/macro_nutrition_input_controller_test.dart: MacroNutritionInputController manual mode prepareForSave enforces consistency
2026-09-27T12:05:37.0335078Z ✅ /home/runner/work/AYG/AYG/test/macro_nutrition_input_controller_test.dart: MacroNutritionInputController manual mode setImeComposing delays calculation until composition ends
2026-09-27T12:05:37.0365598Z ✅ /home/runner/work/AYG/AYG/test/macro_nutrition_input_controller_test.dart: MacroNutritionInputController manual mode composing range on one keystroke does not block later calculations
2026-09-27T12:05:37.0395000Z ✅ /home/runner/work/AYG/AYG/test/macro_nutrition_input_controller_test.dart: MacroNutritionInputController manual mode auto-fills kcal even when empty kcal field was focused
2026-09-27T12:05:37.0426794Z ✅ /home/runner/work/AYG/AYG/test/macro_nutrition_input_controller_test.dart: MacroNutritionInputController manual mode auto-calculates protein from kcal fat carb
2026-09-27T12:05:37.0452431Z ✅ /home/runner/work/AYG/AYG/test/macro_nutrition_input_controller_test.dart: MacroNutritionInputController manual mode auto-calculates fat from kcal protein carb
2026-09-27T12:05:37.0477691Z ✅ /home/runner/work/AYG/AYG/test/macro_nutrition_input_controller_test.dart: MacroNutritionInputController manual mode auto-calculates carb from kcal protein fat
2026-09-27T12:05:37.0507697Z ✅ /home/runner/work/AYG/AYG/test/macro_nutrition_input_controller_test.dart: MacroNutritionInputController manual mode does not auto-fill with only two values
2026-09-27T12:05:37.0532256Z ✅ /home/runner/work/AYG/AYG/test/macro_nutrition_input_controller_test.dart: MacroNutritionInputController manual mode zero is treated as valid input
2026-09-27T12:05:37.0561321Z ✅ /home/runner/work/AYG/AYG/test/macro_nutrition_input_controller_test.dart: MacroNutritionInputController manual mode clearing manual field removes stale auto value
2026-09-27T12:05:37.0587088Z ✅ /home/runner/work/AYG/AYG/test/macro_nutrition_input_controller_test.dart: MacroNutritionInputController manual mode parseOptional returns null for empty field
2026-09-27T12:05:37.0618610Z ✅ /home/runner/work/AYG/AYG/test/macro_nutrition_input_controller_test.dart: MacroNutritionInputController external mode applyExternalValues preserves OFF kcal without recalculation
2026-09-27T12:05:37.0644786Z ✅ /home/runner/work/AYG/AYG/test/macro_nutrition_input_controller_test.dart: MacroNutritionInputController external mode external mode allows save despite mismatch
2026-09-27T12:05:37.0675259Z ✅ /home/runner/work/AYG/AYG/test/macro_nutrition_input_controller_test.dart: MacroNutritionInputController external mode editing external value switches to manual mode
2026-09-27T12:05:37.0704325Z ✅ /home/runner/work/AYG/AYG/test/macro_nutrition_input_controller_test.dart: MacroNutritionInputController external mode copied entry loads without auto calculation
2026-09-27T12:05:37.1144583Z ✅ /home/runner/work/AYG/AYG/test/exercise_met_calculation_section_test.dart: ExerciseFormScreen MET edit persistence strength category shows multi exercise set editor
2026-09-27T12:05:37.7212632Z ✅ /home/runner/work/AYG/AYG/test/energy_target_calculation_service_test.dart: EnergyTargetCalculationService maintenance uses REE times lifestyle factor only
2026-09-27T12:05:37.7244597Z ✅ /home/runner/work/AYG/AYG/test/energy_target_calculation_service_test.dart: EnergyTargetCalculationService lose applies paced adjustment
2026-09-27T12:05:37.7269775Z ✅ /home/runner/work/AYG/AYG/test/energy_target_calculation_service_test.dart: EnergyTargetCalculationService gender other is unavailable without arbitrary coefficient
2026-09-27T12:05:37.7291354Z ✅ /home/runner/work/AYG/AYG/test/energy_target_calculation_service_test.dart: EnergyTargetCalculationService under 18 is unavailable
2026-09-27T12:05:38.0717083Z ✅ /home/runner/work/AYG/AYG/test/isar_repository_test.dart: Isar persistence UserRepository saves and loads profile and goal
2026-09-27T12:05:38.1014947Z ✅ /home/runner/work/AYG/AYG/test/isar_repository_test.dart: Isar persistence SettingsRepository saves nutrition settings and health snapshot
2026-09-27T12:05:38.1358638Z ✅ /home/runner/work/AYG/AYG/test/isar_repository_test.dart: Isar persistence FoodRepository and ExerciseRepository persist entries
2026-09-27T12:05:38.1678612Z ✅ /home/runner/work/AYG/AYG/test/isar_repository_test.dart: Isar persistence AlcoholRepository persists alcohol entries
2026-09-27T12:05:38.1835399Z ✅ /home/runner/work/AYG/AYG/test/isar_repository_test.dart: Isar persistence AlcoholRepository delete throws when entry missing
2026-09-27T12:05:38.1994891Z ✅ /home/runner/work/AYG/AYG/test/isar_repository_test.dart: Isar persistence WeightRepository persists weight entries
2026-09-27T12:05:38.2352344Z ✅ /home/runner/work/AYG/AYG/test/isar_repository_test.dart: AppController persistence loadPersistedState restores saved data
2026-09-27T12:05:38.5100660Z ✅ /home/runner/work/AYG/AYG/test/meal_template_owner_migration_test.dart: Meal template owner migration regression reassignOwnerUserId preserves template and items
2026-09-27T12:05:38.5391265Z ✅ /home/runner/work/AYG/AYG/test/meal_template_owner_migration_test.dart: Meal template owner migration regression clearForOwner removes only matching owner templates
2026-09-27T12:05:38.8894041Z ✅ /home/runner/work/AYG/AYG/test/food_master_row_mapper_test.dart: FoodMasterRowMapper.savedFood round trip preserves core fields
2026-09-27T12:05:38.8936061Z ✅ /home/runner/work/AYG/AYG/test/food_master_row_mapper_test.dart: FoodMasterRowMapper.savedFood round trip preserves serving_unit_label for web mapper
2026-09-27T12:05:38.8962817Z ✅ /home/runner/work/AYG/AYG/test/food_master_row_mapper_test.dart: FoodMasterRowMapper.savedFood round trip preserves version
2026-09-27T12:05:38.8991637Z ✅ /home/runner/work/AYG/AYG/test/food_master_row_mapper_test.dart: FoodMasterRowMapper.savedFood reads owner_deleted and does not let the client overwrite it
2026-09-27T12:05:38.9037416Z ✅ /home/runner/work/AYG/AYG/test/food_master_row_mapper_test.dart: FoodMasterRowMapper.foodEntry legacy row uses quantity fallback
2026-09-27T12:05:38.9083228Z ✅ /home/runner/work/AYG/AYG/test/food_master_row_mapper_test.dart: FoodMasterRowMapper.foodEntry new row round trip keeps consumption model and legacy quantity
2026-09-27T12:05:38.9121609Z ✅ /home/runner/work/AYG/AYG/test/food_master_row_mapper_test.dart: FoodMasterRowMapper.mealTemplate item round trip preserves snapshot and sort order
2026-09-27T12:05:38.9162282Z ✅ /home/runner/work/AYG/AYG/test/food_master_row_mapper_test.dart: FoodMasterRowMapper.alcoholEntry round trip preserves alcohol fields
2026-09-27T12:05:38.9206335Z ✅ /home/runner/work/AYG/AYG/test/food_master_row_mapper_test.dart: FoodMasterRowMapper.ratings and reports rating summary and report parse
2026-09-27T12:05:39.2581292Z ✅ /home/runner/work/AYG/AYG/test/app_controller_publish_test.dart: AppController publish checkPublicDuplicate returns match
2026-09-27T12:05:39.4993678Z ✅ /home/runner/work/AYG/AYG/test/subscription_entitlement_test.dart: plus stays active only while the latest expiry is in the future
2026-09-27T12:05:39.5050303Z ✅ /home/runner/work/AYG/AYG/test/subscription_entitlement_test.dart: a revocation date blocks the transaction
2026-09-27T12:05:39.5074558Z ✅ /home/runner/work/AYG/AYG/test/subscription_entitlement_test.dart: a missing expiry does not keep a product active
2026-09-27T12:05:39.5077036Z ✅ /home/runner/work/AYG/AYG/test/app_controller_publish_test.dart: AppController publish publishSavedFood updates local only after RPC success
2026-09-27T12:05:39.5101438Z ✅ /home/runner/work/AYG/AYG/test/subscription_entitlement_test.dart: replaceAll drops products the store no longer returns
2026-09-27T12:05:39.5125793Z ✅ /home/runner/work/AYG/AYG/test/subscription_entitlement_test.dart: unknown products and unparsable expiry are ignored
2026-09-27T12:05:39.5155051Z ✅ /home/runner/work/AYG/AYG/test/subscription_entitlement_test.dart: period labels come from the store period or the product id
2026-09-27T12:05:39.5258400Z ✅ /home/runner/work/AYG/AYG/test/app_controller_publish_test.dart: AppController publish publish failure keeps private local state
2026-09-27T12:05:39.5349648Z ✅ /home/runner/work/AYG/AYG/test/app_controller_publish_test.dart: AppController publish blocks concurrent publish operations
2026-09-27T12:05:40.3765487Z ✅ /home/runner/work/AYG/AYG/test/alcohol_nutrition_calculator_test.dart: AlcoholNutritionCalculator 500ml 5% yields 20g pure alcohol
2026-09-27T12:05:40.3791177Z ✅ /home/runner/work/AYG/AYG/test/alcohol_nutrition_calculator_test.dart: AlcoholNutritionCalculator 20g pure alcohol yields 140 kcal
2026-09-27T12:05:40.3812400Z ✅ /home/runner/work/AYG/AYG/test/alcohol_nutrition_calculator_test.dart: AlcoholNutritionCalculator 350ml 5% yields 14g pure alcohol
2026-09-27T12:05:40.3837976Z ✅ /home/runner/work/AYG/AYG/test/alcohol_nutrition_calculator_test.dart: AlcoholNutritionCalculator decimal alcohol percentage is supported
2026-09-27T12:05:40.3869442Z ✅ /home/runner/work/AYG/AYG/test/alcohol_nutrition_calculator_test.dart: AlcoholNutritionCalculator uses alcohol_calories as total when total_calories omitted
2026-09-27T12:05:40.3891450Z ✅ /home/runner/work/AYG/AYG/test/alcohol_nutrition_calculator_test.dart: AlcoholNutritionCalculator uses provided total_calories without double counting alcohol
2026-09-27T12:05:40.3915974Z ✅ /home/runner/work/AYG/AYG/test/alcohol_nutrition_calculator_test.dart: AlcoholNutritionCalculator recalculates alcohol_calories from manual pure_alcohol_grams
2026-09-27T12:05:40.3936963Z ✅ /home/runner/work/AYG/AYG/test/alcohol_nutrition_calculator_test.dart: isMilliliterUnit normalizes ml variants
2026-09-27T12:05:40.3957214Z ✅ /home/runner/work/AYG/AYG/test/alcohol_nutrition_calculator_test.dart: isMilliliterUnit does not treat non-ml units as ml
2026-09-27T12:05:40.8874324Z ✅ /home/runner/work/AYG/AYG/test/app_empty_state_test.dart: AppEmptyState centers message within available width
2026-09-27T12:05:40.9205234Z ✅ /home/runner/work/AYG/AYG/test/app_empty_state_test.dart: AppEmptyState stays centered at desktop width
2026-09-27T12:05:40.9287294Z ✅ /home/runner/work/AYG/AYG/test/macro_target_calculation_service_test.dart: MacroTargetCalculationService lose without strength uses lower protein g per kg
2026-09-27T12:05:40.9311765Z ✅ /home/runner/work/AYG/AYG/test/macro_target_calculation_service_test.dart: MacroTargetCalculationService strength training increases protein g per kg
2026-09-27T12:05:40.9375964Z ✅ /home/runner/work/AYG/AYG/test/macro_target_calculation_service_test.dart: MacroTargetCalculationService P x 4 + F x 9 + C x 4 matches target within tolerance
2026-09-27T12:05:40.9423697Z ✅ /home/runner/work/AYG/AYG/test/macro_target_calculation_service_test.dart: MacroTargetCalculationService carbs are residual after protein and fat
2026-09-27T12:05:42.3824109Z ✅ /home/runner/work/AYG/AYG/test/home_remaining_kcal_widget_test.dart: RemainingKcalHero shows formatted remaining kcal
2026-09-27T12:05:42.6901502Z ✅ /home/runner/work/AYG/AYG/test/app_keyboard_dismiss_test.dart: shows close and done when the keyboard inset is open
2026-09-27T12:05:42.7657328Z ✅ /home/runner/work/AYG/AYG/test/app_keyboard_dismiss_test.dart: tapping outside a field dismisses focus
2026-09-27T12:05:43.3121380Z ✅ /home/runner/work/AYG/AYG/test/goal_pace_sync_regression_test.dart: GoalPace sync contract push maps maintain to null and lose/gain to slow/standard
2026-09-27T12:05:43.3155510Z ✅ /home/runner/work/AYG/AYG/test/goal_pace_sync_regression_test.dart: GoalPace sync contract pull falls back null and unknown to standard
2026-09-27T12:05:43.3230113Z ✅ /home/runner/work/AYG/AYG/test/goal_pace_sync_regression_test.dart: GoalPace sync contract slow pace raises lose target kcal versus standard
2026-09-27T12:05:43.3253199Z ✅ /home/runner/work/AYG/AYG/test/goal_pace_sync_regression_test.dart: GoalPace sync contract maintain keeps zero pace adjustment
2026-09-27T12:05:43.4924679Z ✅ /home/runner/work/AYG/AYG/test/goal_pace_sync_regression_test.dart: GoalPace local persistence regression Isar save and reload keeps pace
2026-09-27T12:05:43.5131460Z ✅ /home/runner/work/AYG/AYG/test/goal_pace_sync_regression_test.dart: GoalPace local persistence regression logout clear and simulated relogin pull restore pace
2026-09-27T12:05:43.5159659Z ✅ /home/runner/work/AYG/AYG/test/goal_pace_sync_regression_test.dart: GoalPace local persistence regression web reload pull restores pace from remote row
2026-09-27T12:05:43.5287382Z ✅ /home/runner/work/AYG/AYG/test/goal_pace_sync_regression_test.dart: GoalPace local persistence regression legacy null remote pace defaults to standard after reload
2026-09-27T12:05:43.5949384Z ##[endgroup]
2026-09-27T12:05:43.5950248Z ##[group]⏭️ Skipped tests
2026-09-27T12:05:43.5951032Z ⏭️ /home/runner/work/AYG/AYG/test/goal_pace_sync_regression_test.dart: GoalPace Supabase integration push pull round-trip and RLS isolation (skipped)
2026-09-27T12:05:43.5951732Z Local Supabase auth unavailable
2026-09-27T12:05:45.2240313Z ##[endgroup]
2026-09-27T12:05:45.2241756Z ##[group]✅ Passing tests
2026-09-27T12:05:45.2243726Z ✅ /home/runner/work/AYG/AYG/test/food_form_screen_test.dart: FoodFormScreen manual entry reconciles inconsistent values before save
2026-09-27T12:05:45.2282934Z ✅ /home/runner/work/AYG/AYG/test/food_form_screen_test.dart: OFF food entry snapshot preserves OFF kcal and sourceType without nutrition edit
2026-09-27T12:05:45.2315564Z ✅ /home/runner/work/AYG/AYG/test/food_form_screen_test.dart: OFF food entry snapshot switches to manual sourceType after nutrition edit
2026-09-27T12:05:45.2340176Z ✅ /home/runner/work/AYG/AYG/test/food_form_screen_test.dart: OFF food entry snapshot copied savedFood keeps values until edited
2026-09-27T12:05:45.7968981Z ✅ /home/runner/work/AYG/AYG/test/web_food_form_screen_test.dart: shows camera, text input, and manual entry sections
2026-09-27T12:05:45.8635700Z ✅ /home/runner/work/AYG/AYG/test/strength_workout_log_test.dart: StrengthNotesCodec roundtrips multiple exercises and sets with memo
2026-09-27T12:05:45.8661179Z ✅ /home/runner/work/AYG/AYG/test/strength_workout_log_test.dart: StrengthNotesCodec plain memo stays plain memo
2026-09-27T12:05:45.8711321Z ✅ /home/runner/work/AYG/AYG/test/strength_workout_log_test.dart: ExerciseStrengthDetails falls back to legacy sets reps weight
2026-09-27T12:05:46.0645761Z ✅ /home/runner/work/AYG/AYG/test/web_food_form_screen_test.dart: shows fallback message when camera scan is unavailable
2026-09-27T12:05:46.4193712Z ✅ /home/runner/work/AYG/AYG/test/web_food_form_screen_test.dart: keeps manual entry after Open Food Facts failure
2026-09-27T12:05:46.4913977Z ✅ /home/runner/work/AYG/AYG/test/saved_food_version_policy_test.dart: SavedFoodVersionPolicy initial version is 1
2026-09-27T12:05:46.4958563Z ✅ /home/runner/work/AYG/AYG/test/saved_food_version_policy_test.dart: SavedFoodVersionPolicy detects user-facing changes
2026-09-27T12:05:46.4993271Z ✅ /home/runner/work/AYG/AYG/test/saved_food_version_policy_test.dart: SavedFoodVersionPolicy ignores non user-facing changes
2026-09-27T12:05:46.5016919Z ✅ /home/runner/work/AYG/AYG/test/saved_food_version_policy_test.dart: SavedFoodVersionPolicy bumps version for public food user-facing update
2026-09-27T12:05:46.5041362Z ✅ /home/runner/work/AYG/AYG/test/saved_food_version_policy_test.dart: SavedFoodVersionPolicy does not bump version for private food
2026-09-27T12:05:46.9144765Z ✅ /home/runner/work/AYG/AYG/test/web_food_form_screen_test.dart: preserves OFF kcal when saving without nutrition edits
2026-09-27T12:05:47.2330127Z ✅ /home/runner/work/AYG/AYG/test/food_form_suggestion_test.dart: Food form suggestions ranks foods and templates without mixing owners in service layer
2026-09-27T12:05:47.4334195Z ✅ /home/runner/work/AYG/AYG/test/food_form_suggestion_test.dart: Food form suggestions AppController getFoodFormSuggestions returns only current owner data
2026-09-27T12:05:48.2927279Z ✅ /home/runner/work/AYG/AYG/test/app_startup_routing_test.dart: sync failure shows retry screen not onboarding
2026-09-27T12:05:48.3380152Z ✅ /home/runner/work/AYG/AYG/test/app_startup_routing_test.dart: authenticated user with incomplete sync does not show login
2026-09-27T12:05:49.1047269Z ✅ /home/runner/work/AYG/AYG/test/resilient_auth_local_storage_test.dart: ResilientAuthLocalStorage falls back to memory when delegate fails
2026-09-27T12:05:49.5851719Z ✅ /home/runner/work/AYG/AYG/test/legal_document_screen_test.dart: settings opens terms in a full-screen sheet with close
2026-09-27T12:05:49.8426108Z ✅ /home/runner/work/AYG/AYG/test/legal_document_screen_test.dart: legal document screen renders privacy from assets
2026-09-27T12:05:49.8620640Z ✅ /home/runner/work/AYG/AYG/test/meal_template_repository_test.dart: MealTemplateRepository saves template with ordered items and snapshots
2026-09-27T12:05:49.8810511Z ✅ /home/runner/work/AYG/AYG/test/meal_template_repository_test.dart: MealTemplateRepository reads items without saved food reference
2026-09-27T12:05:49.8973328Z ✅ /home/runner/work/AYG/AYG/test/legal_document_screen_test.dart: tokushoho screen renders from assets
2026-09-27T12:05:49.9068906Z ✅ /home/runner/work/AYG/AYG/test/meal_template_repository_test.dart: MealTemplateRepository search and softDelete
2026-09-27T12:05:49.9263900Z ✅ /home/runner/work/AYG/AYG/test/meal_template_repository_test.dart: MealTemplateRepository clearAll removes templates and items
2026-09-27T12:05:49.9823487Z ✅ /home/runner/work/AYG/AYG/test/legal_document_screen_test.dart: account deletion screen renders in-app steps from assets
2026-09-27T12:05:50.7844238Z ✅ /home/runner/work/AYG/AYG/test/meal_template_services_test.dart: MealTemplateTotalsService 100g -> 150g scales totals
2026-09-27T12:05:50.7895753Z ✅ /home/runner/work/AYG/AYG/test/meal_template_services_test.dart: MealTemplateApplyService buildEntries assigns distinct entry ids from generator
2026-09-27T12:05:50.7938832Z ✅ /home/runner/work/AYG/AYG/test/meal_template_services_test.dart: MealTemplateApplyService buildEntries shares mealGroupId and sortOrder
2026-09-27T12:05:50.7972014Z ✅ /home/runner/work/AYG/AYG/test/meal_template_services_test.dart: MealTemplateApplyService resolveItems excludes cancelled template apply
2026-09-27T12:05:50.8752954Z ✅ /home/runner/work/AYG/AYG/test/entry_delete_restore_sync_test.dart: Entry delete and restore sync exercise delete removes remote before local and survives pull
2026-09-27T12:05:50.9225316Z ✅ /home/runner/work/AYG/AYG/test/entry_delete_restore_sync_test.dart: Entry delete and restore sync exercise restore after delete pushes remote and survives pull
2026-09-27T12:05:50.9435872Z ✅ /home/runner/work/AYG/AYG/test/entry_delete_restore_sync_test.dart: Entry delete and restore sync exercise remote delete failure keeps local entry
2026-09-27T12:05:50.9876435Z ✅ /home/runner/work/AYG/AYG/test/entry_delete_restore_sync_test.dart: Entry delete and restore sync weight delete removes remote before local and survives pull
2026-09-27T12:05:51.0230356Z ✅ /home/runner/work/AYG/AYG/test/entry_delete_restore_sync_test.dart: Entry delete and restore sync weight restore after delete pushes remote and survives pull
2026-09-27T12:05:51.0467201Z ✅ /home/runner/work/AYG/AYG/test/entry_delete_restore_sync_test.dart: Entry delete and restore sync weight remote delete failure keeps local entry
2026-09-27T12:05:51.0512132Z ✅ /home/runner/work/AYG/AYG/test/entry_delete_restore_sync_test.dart: Alcohol edit recalculation 20mL to 500mL recalculates derived values when not manual
2026-09-27T12:05:51.0541133Z ✅ /home/runner/work/AYG/AYG/test/entry_delete_restore_sync_test.dart: Alcohol edit recalculation manual total calories are preserved when explicitly provided
2026-09-27T12:05:51.5547750Z ✅ /home/runner/work/AYG/AYG/test/app_controller_food_delete_test.dart: AppController.deleteFood remote persistence calls Supabase delete before removing local entry
2026-09-27T12:05:51.5749672Z ✅ /home/runner/work/AYG/AYG/test/app_controller_food_delete_test.dart: AppController.deleteFood remote persistence keeps local entry when remote delete fails
2026-09-27T12:05:51.6058940Z ✅ /home/runner/work/AYG/AYG/test/app_controller_daily_summary_test.dart: refreshDailySummary after deletion food delete recalculates today intake and remaining kcal
2026-09-27T12:05:51.6106305Z ✅ /home/runner/work/AYG/AYG/test/app_controller_food_delete_test.dart: AppController.deleteFood remote persistence deleted entry does not return after simulated remote pull
2026-09-27T12:05:51.6108170Z ✅ /home/runner/work/AYG/AYG/test/app_controller_daily_summary_test.dart: refreshDailySummary after deletion exercise delete reduces remaining kcal
2026-09-27T12:05:51.6143013Z ✅ /home/runner/work/AYG/AYG/test/app_controller_daily_summary_test.dart: refreshDailySummary after deletion last food delete zeroes intake
2026-09-27T12:05:51.6176005Z ✅ /home/runner/work/AYG/AYG/test/app_controller_daily_summary_test.dart: refreshDailySummary after deletion changing goal pace updates target kcal immediately
2026-09-27T12:05:52.2279558Z ✅ /home/runner/work/AYG/AYG/test/saved_food_search_service_test.dart: SavedFoodSearchService prioritizes exact match over prefix match
2026-09-27T12:05:52.2314055Z ✅ /home/runner/work/AYG/AYG/test/saved_food_search_service_test.dart: SavedFoodSearchService supports Japanese prefix search
2026-09-27T12:05:52.2355676Z ✅ /home/runner/work/AYG/AYG/test/saved_food_search_service_test.dart: SavedFoodSearchService sorts by use count and last used when query is empty
2026-09-27T12:05:52.5110643Z ✅ /home/runner/work/AYG/AYG/test/sync_failure_test.dart: maps table missing to step-specific code
2026-09-27T12:05:52.5163331Z ✅ /home/runner/work/AYG/AYG/test/sync_failure_test.dart: copy text excludes secrets
2026-09-27T12:05:52.8193741Z ✅ /home/runner/work/AYG/AYG/test/apple_token_revocation_test.dart: native Apple sign-in sends only the authorization code
2026-09-27T12:05:52.8264026Z ##[endgroup]
2026-09-27T12:05:52.8265682Z ##[group]✅ /home/runner/work/AYG/AYG/test/apple_token_revocation_test.dart: a failed token store does not fail Apple sign-in
2026-09-27T12:05:52.8266886Z Sign in with Apple refresh token was not stored.
2026-09-27T12:05:52.8267639Z ##[endgroup]
2026-09-27T12:05:52.8289403Z ##[group]✅ Passing tests
2026-09-27T12:05:52.8290358Z ✅ /home/runner/work/AYG/AYG/test/apple_token_revocation_test.dart: sign-in is unchanged when the authorization code is empty
2026-09-27T12:05:52.8319287Z ##[endgroup]
2026-09-27T12:05:52.8320898Z ##[group]✅ /home/runner/work/AYG/AYG/test/apple_token_revocation_test.dart: a store error after sign-in is swallowed by the handoff
2026-09-27T12:05:52.8322379Z Sign in with Apple refresh token was not stored.
2026-09-27T12:05:52.8323285Z ##[endgroup]
2026-09-27T12:05:52.8367201Z ##[group]✅ Passing tests
2026-09-27T12:05:52.8368299Z ✅ /home/runner/work/AYG/AYG/test/apple_token_revocation_test.dart: sign-in failure does not store an authorization code
2026-09-27T12:05:52.8395830Z ✅ /home/runner/work/AYG/AYG/test/apple_token_revocation_test.dart: delete account invokes the edge function
2026-09-27T12:05:52.8421766Z ✅ /home/runner/work/AYG/AYG/test/apple_token_revocation_test.dart: a failed Apple revoke is reported after the account is deleted
2026-09-27T12:05:52.8454570Z ✅ /home/runner/work/AYG/AYG/test/apple_token_revocation_test.dart: a missing delete function is unavailable
2026-09-27T12:05:52.8540360Z ✅ /home/runner/work/AYG/AYG/test/apple_token_revocation_test.dart: delete failures hide the function body
2026-09-27T12:05:52.8675528Z ✅ /home/runner/work/AYG/AYG/test/apple_token_revocation_test.dart: the native sign-in path passes the authorization code
2026-09-27T12:05:52.8761181Z ✅ /home/runner/work/AYG/AYG/test/apple_token_revocation_test.dart: production functions read the four secret names and no key material
2026-09-27T12:05:52.9085941Z ✅ /home/runner/work/AYG/AYG/test/apple_token_revocation_test.dart: the client deletes accounts only through the edge function
2026-09-27T12:05:53.1033736Z ✅ /home/runner/work/AYG/AYG/test/supabase_error_mapper_test.dart: SupabaseErrorMapper maps duplicate publish failure
2026-09-27T12:05:53.1074057Z ✅ /home/runner/work/AYG/AYG/test/supabase_error_mapper_test.dart: SupabaseErrorMapper maps hourly rate limit
2026-09-27T12:05:53.1096585Z ✅ /home/runner/work/AYG/AYG/test/supabase_error_mapper_test.dart: SupabaseErrorMapper maps not authenticated
2026-09-27T12:05:53.1121062Z ✅ /home/runner/work/AYG/AYG/test/supabase_error_mapper_test.dart: SupabaseErrorMapper maps self rating rejection
2026-09-27T12:05:53.1165104Z ✅ /home/runner/work/AYG/AYG/test/supabase_error_mapper_test.dart: SupabaseErrorMapper maps duplicate report conflict
2026-09-27T12:05:53.1186652Z ✅ /home/runner/work/AYG/AYG/test/supabase_error_mapper_test.dart: SupabaseErrorMapper maps permission denied to permission exception
2026-09-27T12:05:53.1213363Z ✅ /home/runner/work/AYG/AYG/test/supabase_error_mapper_test.dart: SupabaseErrorMapper maps missing relation to table missing exception
2026-09-27T12:05:53.1243284Z ✅ /home/runner/work/AYG/AYG/test/supabase_error_mapper_test.dart: SupabaseErrorMapper maps PGRST205 schema cache miss to table missing exception
2026-09-27T12:05:53.5846318Z ✅ /home/runner/work/AYG/AYG/test/public_food_search_service_test.dart: PublicFoodSearchService exact match ranks before prefix and partial
2026-09-27T12:05:53.5877685Z ✅ /home/runner/work/AYG/AYG/test/public_food_search_service_test.dart: PublicFoodSearchService barcode exact match is included
2026-09-27T12:05:53.5913407Z ✅ /home/runner/work/AYG/AYG/test/public_food_search_service_test.dart: PublicFoodSearchService low rating demotes search rank
2026-09-27T12:05:53.5937645Z ✅ /home/runner/work/AYG/AYG/test/public_food_search_service_test.dart: PublicFoodSearchService updatedAt breaks ties
2026-09-27T12:05:53.7545493Z ✅ /home/runner/work/AYG/AYG/test/saved_food_persistence_error_test.dart: SavedFoodPersistenceException maps foreign key violation to userProfileRequired
2026-09-27T12:05:53.7568503Z ✅ /home/runner/work/AYG/AYG/test/saved_food_persistence_error_test.dart: SavedFoodPersistenceException maps RLS denial to permissionDenied
2026-09-27T12:05:54.3009656Z ✅ /home/runner/work/AYG/AYG/test/nutrition_value_calculator_test.dart: parse empty vs zero
2026-09-27T12:05:54.3034921Z ✅ /home/runner/work/AYG/AYG/test/nutrition_value_calculator_test.dart: parse partial decimal
2026-09-27T12:05:54.3058591Z ✅ /home/runner/work/AYG/AYG/test/nutrition_value_calculator_test.dart: parse negative is invalid
2026-09-27T12:05:54.3105155Z ✅ /home/runner/work/AYG/AYG/test/nutrition_value_calculator_test.dart: calculateMissing kcal missing
2026-09-27T12:05:54.3128693Z ✅ /home/runner/work/AYG/AYG/test/nutrition_value_calculator_test.dart: calculateMissing protein missing
2026-09-27T12:05:54.3151235Z ✅ /home/runner/work/AYG/AYG/test/nutrition_value_calculator_test.dart: calculateMissing fat missing
2026-09-27T12:05:54.3173052Z ✅ /home/runner/work/AYG/AYG/test/nutrition_value_calculator_test.dart: calculateMissing carb missing
2026-09-27T12:05:54.3199152Z ✅ /home/runner/work/AYG/AYG/test/nutrition_value_calculator_test.dart: calculateMissing two or fewer valid fields returns null
2026-09-27T12:05:54.3221390Z ✅ /home/runner/work/AYG/AYG/test/nutrition_value_calculator_test.dart: calculateMissing negative result
2026-09-27T12:05:54.3242513Z ✅ /home/runner/work/AYG/AYG/test/nutrition_value_calculator_test.dart: calculateMissing rounds macros to one decimal
2026-09-27T12:05:54.3263126Z ✅ /home/runner/work/AYG/AYG/test/nutrition_value_calculator_test.dart: calculateMissing rounds kcal to integer
2026-09-27T12:05:54.3287278Z ✅ /home/runner/work/AYG/AYG/test/nutrition_value_calculator_test.dart: reconcileField recalculates kcal from PFC
2026-09-27T12:05:54.3310423Z ✅ /home/runner/work/AYG/AYG/test/nutrition_value_calculator_test.dart: isConsistent matches 4/9/4 formula after rounding
2026-09-27T12:05:54.3330155Z ✅ /home/runner/work/AYG/AYG/test/nutrition_value_calculator_test.dart: isConsistent rejects inconsistent values
2026-09-27T12:05:54.3351282Z ✅ /home/runner/work/AYG/AYG/test/nutrition_value_calculator_test.dart: hasExternalCalorieMismatch detects OFF-style mismatch
2026-09-27T12:05:54.3382383Z ✅ /home/runner/work/AYG/AYG/test/nutrition_value_calculator_test.dart: hasExternalCalorieMismatch returns false when consistent
2026-09-27T12:05:54.3654891Z ✅ /home/runner/work/AYG/AYG/test/meal_template_sync_regression_test.dart: Meal template sync regression save template and register meal are independent operations
2026-09-27T12:05:54.3941179Z ✅ /home/runner/work/AYG/AYG/test/meal_template_sync_regression_test.dart: Meal template sync regression edit template removes orphan items locally
2026-09-27T12:05:54.4069214Z ✅ /home/runner/work/AYG/AYG/test/meal_template_sync_regression_test.dart: Meal template sync regression failed push retry does not wipe local templates
2026-09-27T12:05:54.9456113Z ✅ /home/runner/work/AYG/AYG/test/health_profile_data_test.dart: empty profile has no values
2026-09-27T12:05:54.9479143Z ✅ /home/runner/work/AYG/AYG/test/health_profile_data_test.dart: weight only counts as a value
2026-09-27T12:05:55.1683369Z ✅ /home/runner/work/AYG/AYG/test/subscription_policy_test.dart: free users can search five times a day
2026-09-27T12:05:55.1709447Z ✅ /home/runner/work/AYG/AYG/test/subscription_policy_test.dart: free users can keep three templates
2026-09-27T12:05:55.1745684Z ✅ /home/runner/work/AYG/AYG/test/subscription_policy_test.dart: catalog keeps product ids and free limits
2026-09-27T12:05:55.1798461Z ✅ /home/runner/work/AYG/AYG/test/subscription_policy_test.dart: usage store counts searches per user and day
2026-09-27T12:05:55.5051599Z ##[endgroup]
2026-09-27T12:05:55.5053565Z ##[group]✅ /home/runner/work/AYG/AYG/test/sync_step_runner_test.dart: runOptionalSyncStep skips raw PostgrestException
2026-09-27T12:05:55.5055501Z [AYG Sync] step=FETCH_SAVED_FOODS code=FETCH_SAVED_FOODS_TABLE_MISSING postgres=42P01 repo=test table=saved_foods op=select message=relation "saved_foods" does not exist details=null hint=null
2026-09-27T12:05:55.5057364Z [AYG Sync] cause=PostgrestException(message: relation "saved_foods" does not exist, code: 42P01, details: null, hint: null)
2026-09-27T12:05:55.5058509Z [AYG Sync] optional step skipped: FETCH_SAVED_FOODS table=saved_foods
2026-09-27T12:05:55.5059811Z ##[endgroup]
2026-09-27T12:05:55.5110430Z ##[group]✅ /home/runner/work/AYG/AYG/test/sync_step_runner_test.dart: runOptionalSyncStep skips SupabaseErrorMapper wrapped missing table
2026-09-27T12:05:55.5115999Z [AYG Sync] step=FETCH_SAVED_FOODS code=FETCH_SAVED_FOODS_TABLE_MISSING postgres=42P01 repo=SupabaseSavedFoodRepository table=saved_foods op=select message=relation "saved_foods" does not exist details=null hint=null
2026-09-27T12:05:55.5118503Z [AYG Sync] cause=relation "saved_foods" does not exist
2026-09-27T12:05:55.5119628Z [AYG Sync] optional step skipped: FETCH_SAVED_FOODS table=saved_foods
2026-09-27T12:05:55.5120505Z ##[endgroup]
2026-09-27T12:05:55.5153200Z ##[group]✅ Passing tests
2026-09-27T12:05:55.5154711Z ✅ /home/runner/work/AYG/AYG/test/sync_step_runner_test.dart: SyncFailure maps wrapped table missing to TABLE_MISSING code
2026-09-27T12:05:55.5188742Z ##[endgroup]
2026-09-27T12:05:55.5190366Z ##[group]✅ /home/runner/work/AYG/AYG/test/sync_step_runner_test.dart: runOptionalSyncStep skips PGRST205 schema cache miss
2026-09-27T12:05:55.5192329Z [AYG Sync] step=FETCH_SAVED_FOODS code=FETCH_SAVED_FOODS_TABLE_MISSING postgres=PGRST205 repo=SupabaseSavedFoodRepository table=saved_foods op=select message=Could not find the table 'public.saved_foods' in the schema cache details=null hint=null
2026-09-27T12:05:55.5194427Z [AYG Sync] cause=Could not find the table 'public.saved_foods' in the schema cache
2026-09-27T12:05:55.5195360Z [AYG Sync] optional step skipped: FETCH_SAVED_FOODS table=saved_foods
2026-09-27T12:05:55.5196317Z ##[endgroup]
2026-09-27T12:05:55.5252575Z ##[group]✅ /home/runner/work/AYG/AYG/test/sync_step_runner_test.dart: runOptionalSyncStep rethrows permission errors
2026-09-27T12:05:55.5254323Z [AYG Sync] step=FETCH_SAVED_FOODS code=FETCH_SAVED_FOODS_FAILED postgres=null repo=test table=saved_foods op=select message=permission denied for table saved_foods details=null hint=null
2026-09-27T12:05:55.5255745Z [AYG Sync] cause=permission denied for table saved_foods
2026-09-27T12:05:55.5256580Z ##[endgroup]
2026-09-27T12:05:55.7820744Z ##[group]✅ Passing tests
2026-09-27T12:05:55.7845180Z ✅ /home/runner/work/AYG/AYG/test/food_entry_consumption_test.dart: FoodEntry consumption model legacy quantity maps to consumedAmount with baseAmount 1
2026-09-27T12:05:55.7865095Z ✅ /home/runner/work/AYG/AYG/test/food_entry_consumption_test.dart: FoodEntry consumption model quantity getter equals consumedAmount / baseAmount
2026-09-27T12:05:55.7893955Z ✅ /home/runner/work/AYG/AYG/test/food_entry_consumption_test.dart: FoodEntry consumption model explicit baseAmount and consumedAmount
2026-09-27T12:05:55.7920473Z ✅ /home/runner/work/AYG/AYG/test/food_entry_consumption_test.dart: FoodEntry consumption model legacy migration preserves totals
2026-09-27T12:05:55.7946805Z ✅ /home/runner/work/AYG/AYG/test/food_entry_consumption_test.dart: FoodEntry consumption model nullable nutrition totals treat null as zero
2026-09-27T12:05:55.8012054Z ✅ /home/runner/work/AYG/AYG/test/food_entry_consumption_test.dart: FoodEntry consumption model rejects zero consumedAmount at construction
2026-09-27T12:05:55.8053812Z ✅ /home/runner/work/AYG/AYG/test/food_entry_consumption_test.dart: FoodEntry consumption model copyWith preserves consumption fields for edit flow
2026-09-27T12:05:55.8103150Z ✅ /home/runner/work/AYG/AYG/test/food_entry_consumption_test.dart: EntityMapper legacy Isar roundtrip preserves totals through entity roundtrip
2026-09-27T12:05:55.8130097Z ✅ /home/runner/work/AYG/AYG/test/food_entry_consumption_test.dart: EntityMapper legacy Isar roundtrip simulates reading old local DB schema with quantity only
2026-09-27T12:05:55.8212457Z ✅ /home/runner/work/AYG/AYG/test/food_entry_consumption_test.dart: Supabase food_entries sync compatibility pull row map and push payload keep quantity semantics
2026-09-27T12:05:55.8339920Z ✅ /home/runner/work/AYG/AYG/test/food_entry_consumption_test.dart: SavedFood normalizedForSave rounds baseAmount to 4 decimals
2026-09-27T12:05:55.8380110Z ✅ /home/runner/work/AYG/AYG/test/food_entry_consumption_test.dart: BaseAmountNormalizer treats 200 and 200.0 as same normalized value
2026-09-27T12:05:56.2376179Z ✅ /home/runner/work/AYG/AYG/test/search_suggestion_service_test.dart: SearchSuggestionService ranks saved foods by use count then recency
2026-09-27T12:05:56.2411552Z ✅ /home/runner/work/AYG/AYG/test/search_suggestion_service_test.dart: SearchSuggestionService ranks meal templates with stable tie-breaker
2026-09-27T12:05:56.2439328Z ✅ /home/runner/work/AYG/AYG/test/search_suggestion_service_test.dart: SearchSuggestionService ranks workout templates by use count
2026-09-27T12:05:56.7088025Z ✅ /home/runner/work/AYG/AYG/test/storekit_subscription_repository_test.dart: legacy active flag does not keep plus without a future expiry
2026-09-27T12:05:56.7152445Z ✅ /home/runner/work/AYG/AYG/test/storekit_subscription_repository_test.dart: a store failure keeps a still-future cached expiry
2026-09-27T12:05:56.7185903Z ✅ /home/runner/work/AYG/AYG/test/storekit_subscription_repository_test.dart: an authoritative expiry replaces the cached flag
2026-09-27T12:05:56.7277634Z ✅ /home/runner/work/AYG/AYG/test/storekit_subscription_repository_test.dart: purchase expiry turns plus on and a missing expiry turns it off
2026-09-27T12:05:56.7349655Z ✅ /home/runner/work/AYG/AYG/test/storekit_subscription_repository_test.dart: a revoked transaction does not grant plus
2026-09-27T12:05:56.7401681Z ✅ /home/runner/work/AYG/AYG/test/storekit_subscription_repository_test.dart: refresh turns plus off after the cached expiry passes
2026-09-27T12:05:57.3864071Z ✅ /home/runner/work/AYG/AYG/test/subscription_events_migration_test.dart: subscription events store only user, type, and timestamp
2026-09-27T12:05:57.3892818Z ✅ /home/runner/work/AYG/AYG/test/subscription_events_migration_test.dart: clients can insert their own row and cannot read it back
2026-09-27T12:05:57.3919095Z ✅ /home/runner/work/AYG/AYG/test/subscription_events_migration_test.dart: counts rely on the service_role grant
2026-09-27T12:05:57.3953194Z ✅ /home/runner/work/AYG/AYG/test/subscription_events_migration_test.dart: down migration removes the table and functions
2026-09-27T12:05:57.9343467Z ✅ /home/runner/work/AYG/AYG/test/settings_screen_test.dart: SettingsScreen shows operator contact email
2026-09-27T12:05:58.0333473Z ✅ /home/runner/work/AYG/AYG/test/settings_screen_test.dart: SettingsScreen hides operator contact when email is empty
2026-09-27T12:05:58.1953485Z ✅ /home/runner/work/AYG/AYG/test/app_controller_meal_template_multi_item_test.dart: AppController meal template multi-item saveMealTemplate persists three distinct items after reload
2026-09-27T12:05:58.2309379Z ✅ /home/runner/work/AYG/AYG/test/app_controller_meal_template_multi_item_test.dart: AppController meal template multi-item applyMealTemplate creates three food entries with distinct ids
2026-09-27T12:05:58.2610661Z ✅ /home/runner/work/AYG/AYG/test/app_controller_meal_template_multi_item_test.dart: AppController meal template multi-item rapid apply attempts do not duplicate entries when guarded externally
2026-09-27T12:05:58.2777010Z ✅ /home/runner/work/AYG/AYG/test/app_controller_meal_template_multi_item_test.dart: AppController meal template multi-item saveWithItems keeps parent and all items in one repository transaction
2026-09-27T12:05:58.6487094Z ✅ /home/runner/work/AYG/AYG/test/supabase_migration_security_test.dart: Supabase migration security workout_templates migration enables RLS and revokes anon
2026-09-27T12:05:58.6515891Z ✅ /home/runner/work/AYG/AYG/test/supabase_migration_security_test.dart: Supabase migration security workout_templates migration is idempotent
2026-09-27T12:05:58.6540388Z ✅ /home/runner/work/AYG/AYG/test/supabase_migration_security_test.dart: Supabase migration security exercise calculation columns migration is nullable-safe
2026-09-27T12:05:58.6567294Z ✅ /home/runner/work/AYG/AYG/test/supabase_migration_security_test.dart: Supabase migration security exercise_entries base schema already has RLS policies
2026-09-27T12:05:58.6658348Z ✅ /home/runner/work/AYG/AYG/test/supabase_migration_security_test.dart: Supabase migration security hardening migration revokes anon on personal tables and grants minimal authenticated CRUD
2026-09-27T12:05:58.6694141Z ✅ /home/runner/work/AYG/AYG/test/supabase_migration_security_test.dart: Supabase migration security hardening migration revokes function EXECUTE from anon and grants publish_saved_food only
2026-09-27T12:05:58.6720588Z ✅ /home/runner/work/AYG/AYG/test/supabase_migration_security_test.dart: Supabase migration security hardening migration replaces is_saved_food_visible_to_viewer to avoid anon table access
2026-09-27T12:05:58.6762319Z ✅ /home/runner/work/AYG/AYG/test/supabase_migration_security_test.dart: Supabase migration security hardening migration fixes default privileges for postgres and supabase_admin
2026-09-27T12:05:58.6773460Z ✅ /home/runner/work/AYG/AYG/test/supabase_migration_security_test.dart: Supabase migration security seed.sql contains no privilege or schema DDL
2026-09-27T12:05:58.9880887Z ✅ /home/runner/work/AYG/AYG/test/data_sync_workout_exercise_fake_test.dart: Workout template sync boundary (fake remote/local) push/pull preserves template and items for same owner
2026-09-27T12:05:58.9912884Z ✅ /home/runner/work/AYG/AYG/test/data_sync_workout_exercise_fake_test.dart: Workout template sync boundary (fake remote/local) pull replaces local owner data without touching other owners
2026-09-27T12:05:58.9943400Z ✅ /home/runner/work/AYG/AYG/test/data_sync_workout_exercise_fake_test.dart: Workout template sync boundary (fake remote/local) push removes orphan items on re-sync
2026-09-27T12:05:58.9966699Z ✅ /home/runner/work/AYG/AYG/test/data_sync_workout_exercise_fake_test.dart: Workout template sync boundary (fake remote/local) re-sync does not duplicate templates
2026-09-27T12:05:59.0029329Z ✅ /home/runner/work/AYG/AYG/test/data_sync_workout_exercise_fake_test.dart: Exercise entry calculation row mapper roundtrips MET, gross, net, weight snapshot, source
2026-09-27T12:05:59.0051144Z ✅ /home/runner/work/AYG/AYG/test/data_sync_workout_exercise_fake_test.dart: Exercise entry calculation row mapper legacy row without net keeps burnedKcal fallback
2026-09-27T12:05:59.3104835Z ✅ /home/runner/work/AYG/AYG/test/exercise_weight_resolver_test.dart: ExerciseWeightResolver uses latest weight on or before exercise datetime
2026-09-27T12:05:59.3130565Z ✅ /home/runner/work/AYG/AYG/test/exercise_weight_resolver_test.dart: ExerciseWeightResolver does not use future weight entries
2026-09-27T12:05:59.3156481Z ✅ /home/runner/work/AYG/AYG/test/exercise_weight_resolver_test.dart: ExerciseWeightResolver uses profile fallback when no prior weight entry
2026-09-27T12:05:59.3179368Z ✅ /home/runner/work/AYG/AYG/test/exercise_weight_resolver_test.dart: ExerciseWeightResolver returns null when no weight source exists
2026-09-27T12:05:59.3201335Z ✅ /home/runner/work/AYG/AYG/test/exercise_weight_resolver_test.dart: ExerciseWeightResolver same-day multiple entries picks most recent before exercise time
2026-09-27T12:05:59.6584382Z ✅ /home/runner/work/AYG/AYG/test/history_edit_and_meal_registration_test.dart: history editing support groupExerciseEntriesByDate filters selected day only
2026-09-27T12:05:59.6756111Z ✅ /home/runner/work/AYG/AYG/test/history_edit_and_meal_registration_test.dart: registerFoodMealFromDrafts creates grouped food entries without mutating template storage
2026-09-27T12:05:59.6813928Z ✅ /home/runner/work/AYG/AYG/test/history_edit_and_meal_registration_test.dart: registerFoodMealFromDrafts updateFood preserves entry id when loggedAt changes
2026-09-27T12:05:59.9638834Z ✅ /home/runner/work/AYG/AYG/test/delete_own_account_service_role_migration_test.dart: only service_role can execute delete_own_account
2026-09-27T12:05:59.9668630Z ✅ /home/runner/work/AYG/AYG/test/delete_own_account_service_role_migration_test.dart: down sql restores the authenticated zero-argument function
2026-09-27T12:05:59.9694336Z ✅ /home/runner/work/AYG/AYG/test/delete_own_account_service_role_migration_test.dart: auth.users email rewrite is not swallowed
2026-09-27T12:06:00.3425197Z ✅ /home/runner/work/AYG/AYG/test/history_grouping_test.dart: sortFoodEntriesByLoggedAt sorts by loggedAt ascending
2026-09-27T12:06:00.3481400Z ✅ /home/runner/work/AYG/AYG/test/history_grouping_test.dart: groupFoodEntriesByDate groups today entries only by default
2026-09-27T12:06:00.3513641Z ✅ /home/runner/work/AYG/AYG/test/history_grouping_test.dart: groupFoodEntriesByDate sorts items within each date group by loggedAt
2026-09-27T12:06:00.3540767Z ✅ /home/runner/work/AYG/AYG/test/history_grouping_test.dart: groupFoodEntriesByDate groups entries on local calendar day across UTC boundary
2026-09-27T12:06:00.3577374Z ✅ /home/runner/work/AYG/AYG/test/history_grouping_test.dart: groupExerciseEntriesByDate groups today exercises only by default
2026-09-27T12:06:00.8294166Z ✅ /home/runner/work/AYG/AYG/test/saved_food_repository_test.dart: SavedFoodRepository CRUD and search by normalized name
2026-09-27T12:06:00.8561624Z ✅ /home/runner/work/AYG/AYG/test/saved_food_repository_test.dart: SavedFoodRepository softDelete hides food from active queries
2026-09-27T12:06:00.8725354Z ✅ /home/runner/work/AYG/AYG/test/saved_food_repository_test.dart: SavedFoodRepository does not return other owner foods
2026-09-27T12:06:00.8900356Z ✅ /home/runner/work/AYG/AYG/test/saved_food_repository_test.dart: SavedFoodRepository clearAll removes all saved foods
2026-09-27T12:06:01.0981098Z ✅ /home/runner/work/AYG/AYG/test/saved_food_entry_builder_test.dart: SavedFoodEntryBuilder 100g -> 150g scales totals
2026-09-27T12:06:01.1007883Z ✅ /home/runner/work/AYG/AYG/test/saved_food_entry_builder_test.dart: SavedFoodEntryBuilder 1 piece -> 2 pieces scales totals
2026-09-27T12:06:01.1030821Z ✅ /home/runner/work/AYG/AYG/test/saved_food_entry_builder_test.dart: SavedFoodEntryBuilder 1 serving -> 0.5 serving scales totals
2026-09-27T12:06:01.1063427Z ✅ /home/runner/work/AYG/AYG/test/saved_food_entry_builder_test.dart: SavedFoodEntryBuilder snapshot keeps name even if master changes later
2026-09-27T12:06:01.6669540Z ✅ /home/runner/work/AYG/AYG/test/subscription_events_test.dart: event rows are only user id and event type
2026-09-27T12:06:01.6719989Z ✅ /home/runner/work/AYG/AYG/test/subscription_events_test.dart: insert failures, including a duplicate first event, are ignored
2026-09-27T12:06:01.6878051Z ✅ /home/runner/work/AYG/AYG/test/subscription_events_test.dart: hitting the free meal-template limit records the signed-in user
2026-09-27T12:06:01.6895899Z ✅ /home/runner/work/AYG/AYG/test/subscription_events_test.dart: a plus user does not record a free-limit hit
2026-09-27T12:06:01.7154570Z ✅ /home/runner/work/AYG/AYG/test/subscription_events_test.dart: the limit exception does not wait for the event write
2026-09-27T12:06:01.7229729Z ✅ /home/runner/work/AYG/AYG/test/subscription_events_test.dart: conversion is recorded once the signed-in user is known
2026-09-27T12:06:01.7255215Z ✅ /home/runner/work/AYG/AYG/test/subscription_events_test.dart: an already signed-in plus user is recorded on startup
2026-09-27T12:06:02.3448836Z ✅ /home/runner/work/AYG/AYG/test/food_form_suggestion_widget_test.dart: FoodFormSuggestionList shows distinct sections for food and template
2026-09-27T12:06:02.4482413Z ✅ /home/runner/work/AYG/AYG/test/public_food_name_moderation_test.dart: PublicFoodNameModeration halfwidth katakana maps are the same length
2026-09-27T12:06:02.7554106Z ✅ /home/runner/work/AYG/AYG/test/public_food_name_moderation_test.dart: PublicFoodNameModeration allows ordinary food names
2026-09-27T12:06:02.7628803Z ✅ /home/runner/work/AYG/AYG/test/public_food_name_moderation_test.dart: PublicFoodNameModeration rejects normalized latin, kana, and spacing
2026-09-27T12:06:02.7684329Z ✅ /home/runner/work/AYG/AYG/test/public_food_name_moderation_test.dart: PublicFoodNameModeration rejects accent, combining, lookalike, digit, and symbol bypasses
2026-09-27T12:06:02.7741583Z ✅ /home/runner/work/AYG/AYG/test/public_food_name_moderation_test.dart: PublicFoodNameModeration still rejects a whole short term and a term beside an allowed phrase
2026-09-27T12:06:02.7943010Z ✅ /home/runner/work/AYG/AYG/test/public_food_name_moderation_test.dart: PublicFoodNameModeration rejects explicit compounds and still allows ordinary foods
2026-09-27T12:06:02.7994959Z ✅ /home/runner/work/AYG/AYG/test/public_food_name_moderation_test.dart: PublicFoodNameModeration does not treat an unchanged public name as a new rejection
2026-09-27T12:06:02.8088111Z ✅ /home/runner/work/AYG/AYG/test/public_food_name_moderation_test.dart: SavedFoodPublishValidator banned names adds the Japanese message for a banned public name
2026-09-27T12:06:02.8157231Z ✅ /home/runner/work/AYG/AYG/test/public_food_name_moderation_test.dart: SavedFoodPublishValidator banned names rejects a clean name when brand, normalized name, or unit is banned
2026-09-27T12:06:02.8197806Z ✅ /home/runner/work/AYG/AYG/test/public_food_name_moderation_test.dart: banned name errors maps the database exception to the Japanese message
2026-09-27T12:06:02.8331772Z ✅ /home/runner/work/AYG/AYG/test/public_food_name_moderation_test.dart: banned word list parity SQL list matches the Dart list
2026-09-27T12:06:02.8355788Z ✅ /home/runner/work/AYG/AYG/test/public_food_name_moderation_test.dart: banned word list parity SQL boundary terms and allowed phrases match Dart
2026-09-27T12:06:02.8385314Z ✅ /home/runner/work/AYG/AYG/test/public_food_name_moderation_test.dart: banned word list parity rollback file restores publish without dropping the trigger
2026-09-27T12:06:02.8405214Z ✅ /home/runner/work/AYG/AYG/test/public_food_name_moderation_test.dart: banned word list parity SQL uses the same halfwidth katakana map
2026-09-27T12:06:02.8428657Z ✅ /home/runner/work/AYG/AYG/test/public_food_name_moderation_test.dart: banned word list parity SQL folds NFKC and the same confusable map
2026-09-27T12:06:02.8452712Z ✅ /home/runner/work/AYG/AYG/test/public_food_name_moderation_test.dart: banned word list parity functions use an empty search_path and schema-qualified names
2026-09-27T12:06:02.8493344Z ✅ /home/runner/work/AYG/AYG/test/public_food_name_moderation_test.dart: banned word list parity publish and public-field updates call the check
2026-09-27T12:06:02.9568684Z ✅ /home/runner/work/AYG/AYG/test/synced_saved_food_repository_test.dart: SyncedSavedFoodRepository publish updates local after remote success
2026-09-27T12:06:02.9645277Z ✅ /home/runner/work/AYG/AYG/test/synced_saved_food_repository_test.dart: SyncedSavedFoodRepository publish failure does not update local
2026-09-27T12:06:02.9682327Z ✅ /home/runner/work/AYG/AYG/test/synced_saved_food_repository_test.dart: SyncedSavedFoodRepository banned-name publish failure keeps local private
2026-09-27T12:06:02.9709188Z ✅ /home/runner/work/AYG/AYG/test/synced_saved_food_repository_test.dart: SyncedSavedFoodRepository searchPublic requires remote
2026-09-27T12:06:02.9745847Z ✅ /home/runner/work/AYG/AYG/test/synced_saved_food_repository_test.dart: SyncedSavedFoodRepository savePrivate writes remote before local
2026-09-27T12:06:02.9770790Z ✅ /home/runner/work/AYG/AYG/test/synced_saved_food_repository_test.dart: SyncedSavedFoodRepository savePrivate remote failure does not persist locally
2026-09-27T12:06:02.9799792Z ✅ /home/runner/work/AYG/AYG/test/synced_saved_food_repository_test.dart: SyncedSavedFoodRepository softDelete writes remote before local
2026-09-27T12:06:02.9833267Z ✅ /home/runner/work/AYG/AYG/test/synced_saved_food_repository_test.dart: SyncedSavedFoodRepository updateOwn writes remote before local
2026-09-27T12:06:03.5687864Z ✅ /home/runner/work/AYG/AYG/test/remaining_calorie_service_test.dart: RemainingCalorieService uses net exercise only in remaining formula
2026-09-27T12:06:03.5748961Z ✅ /home/runner/work/AYG/AYG/test/remaining_calorie_service_test.dart: RemainingCalorieService includes alcohol in intake sum
2026-09-27T12:06:03.5779916Z ✅ /home/runner/work/AYG/AYG/test/remaining_calorie_service_test.dart: RemainingCalorieService sums exercise net kcal for selected day only
2026-09-27T12:06:03.5802116Z ✅ /home/runner/work/AYG/AYG/test/remaining_calorie_service_test.dart: RemainingCalorieService legacy exercise without net uses burnedKcal fallback
2026-09-27T12:06:03.5834640Z ✅ /home/runner/work/AYG/AYG/test/remaining_calorie_service_test.dart: RemainingCalorieService does not double-count gross when net is present
2026-09-27T12:06:03.5869039Z ✅ /home/runner/work/AYG/AYG/test/remaining_calorie_service_test.dart: RemainingCalorieService reports overage without clamping to zero
2026-09-27T12:06:03.5916116Z ✅ /home/runner/work/AYG/AYG/test/remaining_calorie_service_test.dart: ExerciseCalorieCalculator computes gross and net from MET formula
2026-09-27T12:06:03.5938159Z ✅ /home/runner/work/AYG/AYG/test/remaining_calorie_service_test.dart: ExerciseCalorieCalculator rejects invalid weight and duration
2026-09-27T12:06:04.2993810Z ✅ /home/runner/work/AYG/AYG/test/saved_food_creator_label_test.dart: creatorLabel is anonymous until the owner is deleted
2026-09-27T12:06:04.9702997Z ✅ /home/runner/work/AYG/AYG/test/saved_food_creator_label_test.dart: search tile shows deleted-user creator
2026-09-27T12:06:05.1171484Z ✅ /home/runner/work/AYG/AYG/test/account_deletion_screen_test.dart: settings opens in-app account deletion
2026-09-27T12:06:05.3008220Z ✅ /home/runner/work/AYG/AYG/test/account_deletion_screen_test.dart: confirmed deletion calls repository then logs out
2026-09-27T12:06:05.4594116Z ✅ /home/runner/work/AYG/AYG/test/account_deletion_screen_test.dart: failed Apple revoke is shown before logout
2026-09-27T12:06:05.5688950Z ✅ /home/runner/work/AYG/AYG/test/web_barcode_support_test.dart: normalizeJanEan13Barcode strips non-digit characters
2026-09-27T12:06:05.5729598Z ✅ /home/runner/work/AYG/AYG/test/web_barcode_support_test.dart: normalizeJanEan13Barcode accepts valid 13-digit JAN/EAN-13
2026-09-27T12:06:05.5755867Z ✅ /home/runner/work/AYG/AYG/test/web_barcode_support_test.dart: normalizeJanEan13Barcode rejects invalid lengths
2026-09-27T12:06:05.5782865Z ✅ /home/runner/work/AYG/AYG/test/web_barcode_support_test.dart: DuplicateBarcodeDetector accepts first code and rejects immediate duplicate
2026-09-27T12:06:05.5804052Z ✅ /home/runner/work/AYG/AYG/test/web_barcode_support_test.dart: DuplicateBarcodeDetector accepts code again after reset
2026-09-27T12:06:05.5826354Z ✅ /home/runner/work/AYG/AYG/test/account_deletion_screen_test.dart: missing RPC offers email fallback
2026-09-27T12:06:05.5854808Z ✅ /home/runner/work/AYG/AYG/test/web_barcode_support_test.dart: WebBarcodeLookup passes normalized barcode to Open Food Facts
2026-09-27T12:06:05.5894668Z ✅ /home/runner/work/AYG/AYG/test/web_barcode_support_test.dart: WebBarcodeLookup returns notFound for invalid barcode without calling API
2026-09-27T12:06:05.5919934Z ✅ /home/runner/work/AYG/AYG/test/web_barcode_support_test.dart: WebBarcodeLookup returns failure when Open Food Facts lookup fails
2026-09-27T12:06:05.5959006Z ✅ /home/runner/work/AYG/AYG/test/web_barcode_support_test.dart: isWebBarcodeScanAvailable returns false in test VM runtime
2026-09-27T12:06:05.7414403Z ✅ /home/runner/work/AYG/AYG/test/account_deletion_screen_test.dart: deletion failure shows the fixed Japanese message
2026-09-27T12:06:06.2450075Z ✅ /home/runner/work/AYG/AYG/test/apple_refresh_token_migration_test.dart: refresh tokens are stored in vault behind service_role functions
2026-09-27T12:06:06.2495860Z ✅ /home/runner/work/AYG/AYG/test/apple_refresh_token_migration_test.dart: down sql drops only the apple token functions
2026-09-27T12:06:06.4288746Z ✅ /home/runner/work/AYG/AYG/test/google_sign_in_factory_test.dart: does not construct GoogleSignIn when the iOS client ID is empty
2026-09-27T12:06:06.4315010Z ✅ /home/runner/work/AYG/AYG/test/google_sign_in_factory_test.dart: constructs GoogleSignIn when the iOS client ID is present
2026-09-27T12:06:06.9732404Z ✅ /home/runner/work/AYG/AYG/test/isar_food_entry_compat_test.dart: FoodEntry Isar compatibility reads legacy entity with quantity only
2026-09-27T12:06:06.9919109Z ✅ /home/runner/work/AYG/AYG/test/isar_food_entry_compat_test.dart: FoodEntry Isar compatibility roundtrips new consumption fields without changing totals
2026-09-27T12:06:07.0082924Z ✅ /home/runner/work/AYG/AYG/test/isar_food_entry_compat_test.dart: FoodEntry Isar compatibility persists meal group metadata
2026-09-27T12:06:07.0108978Z ✅ /home/runner/work/AYG/AYG/test/isar_food_entry_compat_test.dart: FoodEntry Isar compatibility entity mapper keeps legacy quantity column in sync
2026-09-27T12:06:07.0429573Z ✅ /home/runner/work/AYG/AYG/test/authentication_repository_test.dart: MockAuthenticationRepository starts unauthenticated
2026-09-27T12:06:07.0469376Z ✅ /home/runner/work/AYG/AYG/test/authentication_repository_test.dart: MockAuthenticationRepository loginWithGoogle sets current user
2026-09-27T12:06:07.0542691Z ✅ /home/runner/work/AYG/AYG/test/authentication_repository_test.dart: MockAuthenticationRepository loginWithGoogle cancel throws GoogleSignInCancelledException
2026-09-27T12:06:07.0566027Z ✅ /home/runner/work/AYG/AYG/test/authentication_repository_test.dart: MockAuthenticationRepository loginWithGoogle failure throws GoogleSignInFailedException
2026-09-27T12:06:07.0590145Z ✅ /home/runner/work/AYG/AYG/test/authentication_repository_test.dart: MockAuthenticationRepository logout clears current user
2026-09-27T12:06:07.0617771Z ✅ /home/runner/work/AYG/AYG/test/authentication_repository_test.dart: MockAuthenticationRepository loginWithApple authenticates the user
2026-09-27T12:06:07.0642561Z ✅ /home/runner/work/AYG/AYG/test/authentication_repository_test.dart: MockAuthenticationRepository loginWithApple surfaces cancellation
2026-09-27T12:06:07.0667224Z ✅ /home/runner/work/AYG/AYG/test/authentication_repository_test.dart: MockAuthenticationRepository loginWithApple surfaces failure
2026-09-27T12:06:07.0693157Z ✅ /home/runner/work/AYG/AYG/test/authentication_repository_test.dart: MockAuthenticationRepository deleteOwnAccount records the call
2026-09-27T12:06:07.0714582Z ✅ /home/runner/work/AYG/AYG/test/isar_food_entry_compat_test.dart: LocalUserDataClearer clears saved foods and meal templates
2026-09-27T12:06:07.0717278Z ✅ /home/runner/work/AYG/AYG/test/authentication_repository_test.dart: MockAuthenticationRepository deleteOwnAccount can simulate missing RPC
2026-09-27T12:06:07.0757840Z ✅ /home/runner/work/AYG/AYG/test/authentication_repository_test.dart: UnconfiguredAuthenticationRepository is always unauthenticated
2026-09-27T12:06:07.0781051Z ✅ /home/runner/work/AYG/AYG/test/authentication_repository_test.dart: UnconfiguredAuthenticationRepository deleteOwnAccount is unavailable
2026-09-27T12:06:07.0803473Z ✅ /home/runner/work/AYG/AYG/test/authentication_repository_test.dart: UnconfiguredAuthenticationRepository loginWithApple fails without Supabase
2026-09-27T12:06:07.0974594Z ✅ /home/runner/work/AYG/AYG/test/authentication_repository_test.dart: AppController auth flow handleAuthenticatedSession syncs and loads state
2026-09-27T12:06:07.1040748Z ✅ /home/runner/work/AYG/AYG/test/authentication_repository_test.dart: AppController auth flow initialize restores session and pulls remote data
2026-09-27T12:06:07.1077718Z ✅ /home/runner/work/AYG/AYG/test/authentication_repository_test.dart: AppController auth flow empty initial pull does not throw
2026-09-27T12:06:07.1115571Z ✅ /home/runner/work/AYG/AYG/test/authentication_repository_test.dart: AppController auth flow logout clears authenticated and in-memory state
2026-09-27T12:06:07.3739017Z ✅ /home/runner/work/AYG/AYG/test/authentication_repository_test.dart: AppController auth flow user switch clears local Isar data before pull
2026-09-27T12:06:07.3802125Z ✅ /home/runner/work/AYG/AYG/test/authentication_repository_test.dart: AppController auth flow sync failure blocks remote push until pull succeeds
2026-09-27T12:06:07.3972713Z ✅ /home/runner/work/AYG/AYG/test/authentication_repository_test.dart: AppController auth flow onboarding completion triggers remote push
2026-09-27T12:06:08.1603018Z ✅ /home/runner/work/AYG/AYG/test/goal_pace_test.dart: GoalPace persistence Isar saves and reloads goal pace
2026-09-27T12:06:08.1773435Z ✅ /home/runner/work/AYG/AYG/test/goal_pace_test.dart: GoalPace persistence legacy goal without explicit pace defaults to standard
2026-09-27T12:06:08.1837385Z ✅ /home/runner/work/AYG/AYG/test/goal_pace_test.dart: GoalPace calculation slow pace raises lose food target versus standard
2026-09-27T12:06:08.1866732Z ✅ /home/runner/work/AYG/AYG/test/goal_pace_test.dart: GoalPace calculation maintain ignores pace adjustment
2026-09-27T12:06:08.1891506Z ✅ /home/runner/work/AYG/AYG/test/goal_pace_test.dart: GoalPace calculation health active energy is not added to food target
2026-09-27T12:06:08.1915801Z ✅ /home/runner/work/AYG/AYG/test/goal_pace_test.dart: GoalPace calculation GoalPace.fromName falls back to standard
2026-09-27T12:06:08.6860622Z ✅ /home/runner/work/AYG/AYG/test/ios_review_readiness_test.dart: privacy manifest covers the required-reason APIs and collected data
2026-09-27T12:06:08.6916343Z ✅ /home/runner/work/AYG/AYG/test/ios_review_readiness_test.dart: privacy manifest is a Runner resource and the app is iPhone-only
2026-09-27T12:06:08.7467564Z ✅ /home/runner/work/AYG/AYG/test/ios_review_readiness_test.dart: HealthKit entitlement is read access without clinical records
2026-09-27T12:06:09.4601491Z ##[endgroup]
2026-09-27T12:06:09.4602804Z ##[group]⏭️ Skipped tests
2026-09-27T12:06:09.4604423Z ⏭️ /home/runner/work/AYG/AYG/test/supabase_saved_food_repository_integration_test.dart: SupabaseSavedFoodRepository (local Supabase) private save, publish RPC, fetch public (skipped)
2026-09-27T12:06:09.4605963Z Local Supabase not available at http://127.0.0.1:54321
2026-09-27T12:06:09.4639432Z ⏭️ /home/runner/work/AYG/AYG/test/supabase_saved_food_repository_integration_test.dart: SupabaseSavedFoodRepository (local Supabase) duplicate publish maps to PublishSavedFoodException (skipped)
2026-09-27T12:06:09.4641574Z Local Supabase not available at http://127.0.0.1:54321
2026-09-27T12:06:09.4668536Z ⏭️ /home/runner/work/AYG/AYG/test/supabase_saved_food_repository_integration_test.dart: SupabaseSavedFoodRepository (local Supabase) not owner publish rejected (skipped)
2026-09-27T12:06:09.4669699Z Local Supabase not available at http://127.0.0.1:54321
2026-09-27T12:06:09.4699005Z ⏭️ /home/runner/work/AYG/AYG/test/supabase_saved_food_repository_integration_test.dart: SupabaseSavedFoodRepository (local Supabase) unpublish and public edit bump version (skipped)
2026-09-27T12:06:09.4700585Z Local Supabase not available at http://127.0.0.1:54321
2026-09-27T12:06:09.4977829Z ##[endgroup]
2026-09-27T12:06:09.4979164Z ##[group]✅ Passing tests
2026-09-27T12:06:09.4980876Z ✅ /home/runner/work/AYG/AYG/test/alcohol_form_screen_test.dart: AlcoholFormScreen shows separate amount and unit fields with live preview
2026-09-27T12:06:09.5284420Z ✅ /home/runner/work/AYG/AYG/test/supabase_saved_food_repository_integration_test.dart: SupabaseSavedFoodRepository (local Supabase) network failure maps to publish network error
2026-09-27T12:06:09.5313101Z ##[endgroup]
2026-09-27T12:06:09.5313977Z ##[group]⏭️ Skipped tests
2026-09-27T12:06:09.5315794Z ⏭️ /home/runner/work/AYG/AYG/test/supabase_saved_food_repository_integration_test.dart: SupabaseSavedFoodRepository (local Supabase) searchPublic returns public foods only (skipped)
2026-09-27T12:06:09.5317568Z Local Supabase not available at http://127.0.0.1:54321
2026-09-27T12:06:09.5340098Z ⏭️ /home/runner/work/AYG/AYG/test/supabase_saved_food_repository_integration_test.dart: SupabaseSavedFoodRepository (local Supabase) searchPublic finds barcode exact match (skipped)
2026-09-27T12:06:09.5341070Z Local Supabase not available at http://127.0.0.1:54321
2026-09-27T12:06:09.5366470Z ⏭️ /home/runner/work/AYG/AYG/test/supabase_saved_food_repository_integration_test.dart: SupabaseSavedFoodRepository (local Supabase) copyPublicToPrivate creates own private snapshot (skipped)
2026-09-27T12:06:09.5368053Z Local Supabase not available at http://127.0.0.1:54321
2026-09-27T12:06:09.5393325Z ⏭️ /home/runner/work/AYG/AYG/test/supabase_saved_food_repository_integration_test.dart: SupabaseSavedFoodRepository (local Supabase) upsert without public.users row fails with userProfileRequired (skipped)
2026-09-27T12:06:09.5395552Z Local Supabase not available at http://127.0.0.1:54321
2026-09-27T12:06:09.6781094Z ##[endgroup]
2026-09-27T12:06:09.6782788Z ##[group]✅ Passing tests
2026-09-27T12:06:09.6784537Z ✅ /home/runner/work/AYG/AYG/test/alcohol_form_screen_test.dart: AlcoholFormScreen shows manual pure alcohol field for non-ml unit
2026-09-27T12:06:09.9924040Z ✅ /home/runner/work/AYG/AYG/test/alcohol_form_screen_test.dart: FoodTabScreen alcohol entry point shows food and alcohol add menu
2026-09-27T12:06:11.1860853Z ✅ /home/runner/work/AYG/AYG/test/calonavi_plus_screen_test.dart: plus screen shows store prices, renewal, and legal links
2026-09-27T12:06:11.3265807Z ✅ /home/runner/work/AYG/AYG/test/calonavi_plus_screen_test.dart: failed prices hide purchase buttons and keep restore
2026-09-27T12:06:11.6370235Z ✅ /home/runner/work/AYG/AYG/test/calonavi_plus_screen_test.dart: terms and privacy links open the in-app legal pages
2026-09-27T12:06:11.7367104Z ✅ /home/runner/work/AYG/AYG/test/calonavi_plus_screen_test.dart: restore with nothing found shows a message
2026-09-27T12:06:11.8747344Z ✅ /home/runner/work/AYG/AYG/test/calonavi_plus_screen_test.dart: restore success and failure use fixed messages
2026-09-27T12:06:11.9613146Z ✅ /home/runner/work/AYG/AYG/test/calonavi_plus_screen_test.dart: purchase failure hides the store error
2026-09-27T12:06:11.9859213Z ##[endgroup]
2026-09-27T12:06:11.9859472Z 
2026-09-27T12:06:11.9872851Z 🎉 538 tests passed, 24 skipped.
2026-09-27T12:06:12.0787234Z Post job cleanup.
2026-09-27T12:06:12.0791404Z ##[start-action display=Cache pub dependencies;id=__8ad8b6a6-c5ad-45ba-a4db-465de8a3b321.cache-pub]
2026-09-27T12:06:12.2507854Z Post job cleanup.
2026-09-27T12:06:12.3829688Z Cache hit occurred on the primary key flutter-pub-linux-stable-3.47.5-x64-6a19cca56475dbfba1478ee68d7bd0c2ef891da1-536a8d08de7601b163cab0ce88a98e78ffa135bb892dd27fcae942303787f713, not saving cache.
2026-09-27T12:06:12.3915398Z ##[end-action id=__8ad8b6a6-c5ad-45ba-a4db-465de8a3b321.cache-pub;outcome=success;conclusion=success;duration_ms=312]
2026-09-27T12:06:12.3918047Z ##[start-action display=Cache Flutter;id=__8ad8b6a6-c5ad-45ba-a4db-465de8a3b321.cache-flutter]
2026-09-27T12:06:12.3956456Z Post job cleanup.
2026-09-27T12:06:12.5284783Z Cache hit occurred on the primary key flutter-linux-stable-3.47.5-x64-6a19cca56475dbfba1478ee68d7bd0c2ef891da1, not saving cache.
2026-09-27T12:06:12.5349242Z ##[end-action id=__8ad8b6a6-c5ad-45ba-a4db-465de8a3b321.cache-flutter;outcome=success;conclusion=success;duration_ms=142]
2026-09-27T12:06:12.5472757Z Post job cleanup.
2026-09-27T12:06:12.6386156Z [command]/usr/bin/git version
2026-09-27T12:06:12.6428961Z git version 2.55.0
2026-09-27T12:06:12.6469490Z Temporarily overriding HOME='/home/runner/work/_temp/26a65021-135f-47bf-9f95-5143d13fc358' before making global git config changes
2026-09-27T12:06:12.6470866Z Adding repository directory to the temporary git global config as a safe directory
2026-09-27T12:06:12.6476231Z [command]/usr/bin/git config --global --add safe.directory /home/runner/work/AYG/AYG
2026-09-27T12:06:12.6514710Z [command]/usr/bin/git config --local --name-only --get-regexp core\.sshCommand
2026-09-27T12:06:12.6550126Z [command]/usr/bin/git submodule foreach --recursive sh -c "git config --local --name-only --get-regexp 'core\.sshCommand' && git config --local --unset-all 'core.sshCommand' || :"
2026-09-27T12:06:12.6804880Z [command]/usr/bin/git config --local --name-only --get-regexp http\.https\:\/\/github\.com\/\.extraheader
2026-09-27T12:06:12.6832288Z http.https://github.com/.extraheader
2026-09-27T12:06:12.6844444Z [command]/usr/bin/git config --local --unset-all http.https://github.com/.extraheader
2026-09-27T12:06:12.6886790Z [command]/usr/bin/git submodule foreach --recursive sh -c "git config --local --name-only --get-regexp 'http\.https\:\/\/github\.com\/\.extraheader' && git config --local --unset-all 'http.https://github.com/.extraheader' || :"
2026-09-27T12:06:12.7150608Z [command]/usr/bin/git config --local --name-only --get-regexp ^includeIf\.gitdir:
2026-09-27T12:06:12.7190942Z [command]/usr/bin/git submodule foreach --recursive git config --local --show-origin --name-only --get-regexp remote.origin.url
2026-09-27T12:06:12.7585722Z Cleaning up orphan processes
2026-09-27T12:06:12.7910733Z ##[warning]Node.js 20 is deprecated. The following actions target Node.js 20 but are being forced to run on Node.js 24: actions/checkout@v4. For more information see: https://github.blog/changelog/2025-09-19-deprecation-of-node-20-on-github-actions-runners/
